analysis,omics,model,auroc_mean,auroc_sd,auroc_ci_lo,auroc_ci_hi,auroc_p_vs_chance,auprc_mean,auprc_sd,balanced_accuracy_mean,balanced_accuracy_sd,f1_mean,sensitivity_mean,specificity_mean,n_features_mean,n_folds,auroc_p_adj_fdr
single_omics,cnv,random_forest,0.5822222222222222,0.17236997782404004,0.5110713923624441,0.6533730520820002,0.02532426529476768,0.6154168424168424,0.13868879392686825,0.5614285714285714,0.1104900442873534,0.5381454101454101,0.5333333333333333,0.5895238095238095,490.96,25,0.06200791592708862
single_omics,rna_all,random_forest,0.5745578231292517,0.1831449732632201,0.4989592937517793,0.6501563525067242,0.05298708679612002,0.6014777550491835,0.15416889154485394,0.5466666666666667,0.16210159603668844,0.5254834316010786,0.5504761904761906,0.5428571428571429,2054.92,25,0.11079118148279642
single_omics,cnv,logistic_l2,0.5711111111111111,0.13562839573037447,0.5151264609383439,0.6270957612838783,0.014956846146949558,0.5995537240537241,0.10407088750332735,0.5947619047619047,0.10650604403021449,0.5890740631917102,0.6333333333333333,0.5561904761904762,490.96,25,0.06200791592708862
single_omics,rna_paired,logistic_l2,0.5666666666666667,0.13692393087179852,0.5101472458709148,0.6231860874624185,0.02272464843554709,0.636008991008991,0.12267099388377915,0.5452380952380952,0.1020041978891028,0.5623056094232565,0.6466666666666667,0.4438095238095238,2055.56,25,0.06200791592708862
single_omics,mutation,random_forest,0.5663492063492064,0.1747140701226316,0.4942307827447511,0.6384676299536617,0.06967849829771569,0.6043007178007178,0.14137809046248062,0.5885714285714285,0.13256938171198548,0.6155865366144004,0.7199999999999999,0.45714285714285713,430.64,25,0.13355045507062174
early_fusion,rna_cnv_mutation,random_forest,0.5661904761904761,0.12769374311178439,0.5134810896430142,0.6188998627379381,0.01599926342876888,0.6289322714322715,0.1213587388883075,0.5685714285714285,0.11451077376887245,0.5623335553335553,0.6,0.5371428571428571,2977.16,25,0.06200791592708862
early_fusion,rna_cnv_mutation,logistic_l2,0.563015873015873,0.13151394742515693,0.508729583630912,0.6173021624008339,0.024736936950252156,0.618488196988197,0.12450983490012581,0.58,0.12040496043500243,0.5954247974247974,0.66,0.5,2977.16,25,0.06200791592708862
single_omics,rna_paired,random_forest,0.540952380952381,0.11052923033468308,0.49532815705126004,0.5865766048535019,0.0762835120301448,0.5822599067599067,0.09622657319843576,0.5585714285714285,0.11262013825439214,0.540979908979909,0.5666666666666667,0.5504761904761906,2055.56,25,0.13496313666871773
single_omics,mutation,logistic_l2,0.5349206349206349,0.1821006337153435,0.4597531877213052,0.6100880821199646,0.3472058697612057,0.5840792170792171,0.1396798447956279,0.5461904761904762,0.14532914138205402,0.5702952042797245,0.6533333333333333,0.4390476190476191,430.64,25,0.44708942074639535
single_omics,cnv,logistic_l1,0.5238095238095238,0.11396214667281253,0.476768261689912,0.5708507859291357,0.30660482028182007,0.5765669700669701,0.12206946214482181,0.5204761904761904,0.09656320211666261,0.4211148851148851,0.4333333333333333,0.6076190476190476,490.96,25,0.44074442915511636
single_omics,rna_all,logistic_l2,0.5202721088435375,0.14909667791533074,0.458728025024944,0.5818161926621309,0.5031167113015186,0.6048135541706969,0.14294610035200098,0.5028571428571429,0.14929603012382203,0.5048641358641358,0.5466666666666666,0.45904761904761904,2054.92,25,0.5785842179967464
late_fusion_stacking,rna_cnv_mutation,stack_svm_rbf,0.5101587301587301,0.18798693106645648,0.43256153883214504,0.5877559214853152,0.7893180026544455,0.5790742775742775,0.14872753277942233,0.5176190476190476,0.11563154334818156,0.4057993379169849,0.4866666666666668,0.5485714285714285,3.0,25,0.7893180026544455
single_omics,rna_paired,svm_rbf,0.5071428571428571,0.11477107034904423,0.45976768774087695,0.5545180265448373,0.7583517707149023,0.5753895363895364,0.11433358510253962,0.47047619047619044,0.10131411680782824,0.420964368964369,0.48666666666666664,0.4542857142857143,2055.56,25,0.7893180026544455
single_omics,mutation,logistic_l1,0.49428571428571433,0.07855138432799125,0.46186129646002816,0.5267101321114005,0.7192448515453597,0.5341352351352352,0.08657989850343098,0.4947619047619047,0.056790414433949526,0.3073073593073593,0.3466666666666666,0.6428571428571428,430.64,25,0.7877443612163463
single_omics,rna_paired,logistic_l1,0.4717460317460317,0.11015223056927588,0.42627742569962235,0.517214637792441,0.21191771608758878,0.5308924038924039,0.09502397046483545,0.46047619047619043,0.09277061495562128,0.297009213009213,0.31999999999999995,0.6009523809523809,2055.56,25,0.3481505335724672
single_omics,cnv,svm_rbf,0.46944444444444444,0.16069387158871729,0.40311327435756616,0.5357756145313227,0.3512143326412762,0.5388604358604359,0.10991211013459998,0.5757142857142857,0.1044570781667682,0.5841430530254059,0.7,0.45142857142857146,490.96,25,0.44708942074639535
late_fusion_stacking,rna_cnv_mutation,stack_logistic_l2,0.46793650793650793,0.17522556220038812,0.39560695077933944,0.5402660650936764,0.36933473887745705,0.5537558737558738,0.13537645913776228,0.5076190476190476,0.1213993895840635,0.49660222783752195,0.5266666666666666,0.48857142857142855,3.0,25,0.44708942074639535
single_omics,rna_all,svm_rbf,0.46414965986394563,0.1484177869409977,0.4028858084664378,0.5254135112614535,0.23891063373749585,0.5497751851323279,0.12404822982554303,0.46904761904761905,0.13367480367223392,0.34593312844706037,0.4238095238095238,0.5142857142857143,2054.92,25,0.3663296383974936
late_fusion_stacking,rna_cnv_mutation,stack_random_forest,0.4466666666666667,0.11317109680892577,0.3999519338823052,0.4933813994510282,0.026959963446560268,0.5214459429459429,0.08496599929922645,0.4995238095238095,0.11986229185955921,0.49876306699836115,0.5666666666666667,0.4323809523809524,3.0,25,0.06200791592708862
early_fusion,rna_cnv_mutation,logistic_l1,0.4384126984126985,0.12579594576712466,0.3864866841072174,0.4903387127181795,0.02206004125859019,0.5087412587412588,0.07433883006702832,0.45857142857142863,0.1435219320297249,0.31990587190587194,0.32666666666666666,0.5904761904761905,2977.16,25,0.06200791592708862
single_omics,rna_all,logistic_l1,0.41578231292517015,0.12343815000605998,0.36482954887566393,0.46673507697467637,0.002292812578606691,0.4890748642891499,0.0713991095363676,0.45476190476190476,0.12343119853171262,0.2354458613282143,0.24666666666666665,0.6628571428571428,2054.92,25,0.020493055052650044
early_fusion,rna_cnv_mutation,svm_rbf,0.4038095238095238,0.12937096263442224,0.35040781507000046,0.4572112325490471,0.0010720050485709654,0.503975246975247,0.09775099436645993,0.5357142857142857,0.09804880238576061,0.4723628593628593,0.5933333333333333,0.478095238095238,2977.16,25,0.020493055052650044
single_omics,mutation,svm_rbf,0.38904761904761903,0.165658681869713,0.32066707600120015,0.4574281620940379,0.0026730071807804403,0.5079227809227809,0.11428478080137129,0.5261904761904762,0.08117965295824912,0.39648926237161525,0.52,0.5323809523809524,430.64,25,0.020493055052650044
