analysis,omics,prior_mode,model,fold,n_train,n_test,n_features,n_rna_features,n_cnv_features,n_mutation_features,n_rna_pax_genes,n_cnv_pax_genes,n_mutation_pax_genes,base_model,base_params,auroc,auprc,balanced_accuracy,accuracy,f1,precision,sensitivity,specificity,tn,fp,fn,tp
late_fusion_stacking,rna_cnv_mutation,pax,stack_logistic_l2,1,49,13,3,2056,491,408,69,27,50,logistic_l2,"{'rna_paired': {'model__C': 0.01}, 'cnv': {'model__C': 10.0}, 'mutation': {'model__C': 0.01}}",0.5952380952380952,0.5375,0.6071428571428572,0.6153846153846154,0.5454545454545454,0.6,0.5,0.7142857142857143,5,2,3,3
late_fusion_stacking,rna_cnv_mutation,pax,stack_logistic_l2,2,49,13,3,2055,509,368,69,27,50,logistic_l2,"{'rna_paired': {'model__C': 0.01}, 'cnv': {'model__C': 0.1}, 'mutation': {'model__C': 10.0}}",0.14285714285714285,0.3462592962592963,0.2976190476190476,0.3076923076923077,0.18181818181818182,0.2,0.16666666666666666,0.42857142857142855,3,4,5,1
late_fusion_stacking,rna_cnv_mutation,pax,stack_logistic_l2,3,50,12,3,2055,498,522,69,27,50,logistic_l2,"{'rna_paired': {'model__C': 0.1}, 'cnv': {'model__C': 0.01}, 'mutation': {'model__C': 0.01}}",0.5277777777777778,0.5160714285714286,0.5833333333333333,0.5833333333333334,0.6153846153846154,0.5714285714285714,0.6666666666666666,0.5,3,3,2,4
late_fusion_stacking,rna_cnv_mutation,pax,stack_logistic_l2,4,50,12,3,2055,487,331,69,27,50,logistic_l2,"{'rna_paired': {'model__C': 0.01}, 'cnv': {'model__C': 0.01}, 'mutation': {'model__C': 0.01}}",0.5555555555555556,0.7126623376623376,0.5,0.5,0.5714285714285714,0.5,0.6666666666666666,0.3333333333333333,2,4,2,4
late_fusion_stacking,rna_cnv_mutation,pax,stack_logistic_l2,5,50,12,3,2056,473,505,69,27,50,logistic_l2,"{'rna_paired': {'model__C': 0.01}, 'cnv': {'model__C': 10.0}, 'mutation': {'model__C': 0.1}}",0.19444444444444445,0.39440836940836943,0.3333333333333333,0.3333333333333333,0.42857142857142855,0.375,0.5,0.16666666666666666,1,5,3,3
late_fusion_stacking,rna_cnv_mutation,pax,stack_logistic_l2,6,49,13,3,2056,480,501,69,27,50,logistic_l2,"{'rna_paired': {'model__C': 10.0}, 'cnv': {'model__C': 10.0}, 'mutation': {'model__C': 0.01}}",0.30952380952380953,0.3921296296296296,0.5595238095238095,0.5384615384615384,0.625,0.5,0.8333333333333334,0.2857142857142857,2,5,1,5
late_fusion_stacking,rna_cnv_mutation,pax,stack_logistic_l2,7,49,13,3,2057,508,371,69,27,50,logistic_l2,"{'rna_paired': {'model__C': 0.01}, 'cnv': {'model__C': 1.0}, 'mutation': {'model__C': 0.01}}",0.38095238095238093,0.5526806526806527,0.5952380952380952,0.6153846153846154,0.4444444444444444,0.6666666666666666,0.3333333333333333,0.8571428571428571,6,1,4,2
late_fusion_stacking,rna_cnv_mutation,pax,stack_logistic_l2,8,50,12,3,2055,490,392,69,27,50,logistic_l2,"{'rna_paired': {'model__C': 0.01}, 'cnv': {'model__C': 0.1}, 'mutation': {'model__C': 1.0}}",0.25,0.5104797979797979,0.3333333333333333,0.3333333333333333,0.3333333333333333,0.3333333333333333,0.3333333333333333,0.3333333333333333,2,4,4,2
late_fusion_stacking,rna_cnv_mutation,pax,stack_logistic_l2,9,50,12,3,2055,507,357,69,27,50,logistic_l2,"{'rna_paired': {'model__C': 0.01}, 'cnv': {'model__C': 1.0}, 'mutation': {'model__C': 0.01}}",0.3888888888888889,0.4604858104858105,0.41666666666666663,0.4166666666666667,0.2222222222222222,0.3333333333333333,0.16666666666666666,0.6666666666666666,4,2,5,1
late_fusion_stacking,rna_cnv_mutation,pax,stack_logistic_l2,10,50,12,3,2055,472,544,69,27,50,logistic_l2,"{'rna_paired': {'model__C': 1.0}, 'cnv': {'model__C': 0.01}, 'mutation': {'model__C': 0.01}}",0.3055555555555556,0.43253968253968256,0.3333333333333333,0.3333333333333333,0.3333333333333333,0.3333333333333333,0.3333333333333333,0.3333333333333333,2,4,4,2
late_fusion_stacking,rna_cnv_mutation,pax,stack_logistic_l2,11,49,13,3,2056,487,305,69,27,50,logistic_l2,"{'rna_paired': {'model__C': 0.01}, 'cnv': {'model__C': 0.01}, 'mutation': {'model__C': 0.01}}",0.5238095238095237,0.6193833943833944,0.6190476190476191,0.6153846153846154,0.6153846153846154,0.5714285714285714,0.6666666666666666,0.5714285714285714,4,3,2,4
late_fusion_stacking,rna_cnv_mutation,pax,stack_logistic_l2,12,49,13,3,2056,479,526,69,27,50,logistic_l2,"{'rna_paired': {'model__C': 0.1}, 'cnv': {'model__C': 0.01}, 'mutation': {'model__C': 0.01}}",0.35714285714285715,0.511476948976949,0.40476190476190477,0.38461538461538464,0.5,0.4,0.6666666666666666,0.14285714285714285,1,6,2,4
late_fusion_stacking,rna_cnv_mutation,pax,stack_logistic_l2,13,50,12,3,2055,490,387,69,27,50,logistic_l2,"{'rna_paired': {'model__C': 0.01}, 'cnv': {'model__C': 1.0}, 'mutation': {'model__C': 0.01}}",0.36111111111111116,0.45291005291005293,0.5,0.5,0.5714285714285714,0.5,0.6666666666666666,0.3333333333333333,2,4,2,4
late_fusion_stacking,rna_cnv_mutation,pax,stack_logistic_l2,14,50,12,3,2054,487,432,69,27,50,logistic_l2,"{'rna_paired': {'model__C': 0.01}, 'cnv': {'model__C': 0.01}, 'mutation': {'model__C': 0.01}}",0.5833333333333334,0.5494047619047618,0.5,0.5,0.4,0.5,0.3333333333333333,0.6666666666666666,4,2,4,2
late_fusion_stacking,rna_cnv_mutation,pax,stack_logistic_l2,15,50,12,3,2056,503,524,69,27,50,logistic_l2,"{'rna_paired': {'model__C': 0.01}, 'cnv': {'model__C': 0.01}, 'mutation': {'model__C': 1.0}}",0.7777777777777778,0.8107142857142856,0.75,0.75,0.7692307692307693,0.7142857142857143,0.8333333333333334,0.6666666666666666,4,2,1,5
late_fusion_stacking,rna_cnv_mutation,pax,stack_logistic_l2,16,49,13,3,2055,515,339,69,27,50,logistic_l2,"{'rna_paired': {'model__C': 0.1}, 'cnv': {'model__C': 0.01}, 'mutation': {'model__C': 0.01}}",0.7619047619047619,0.8477564102564101,0.6190476190476191,0.6153846153846154,0.6153846153846154,0.5714285714285714,0.6666666666666666,0.5714285714285714,4,3,2,4
late_fusion_stacking,rna_cnv_mutation,pax,stack_logistic_l2,17,49,13,3,2056,451,355,69,27,50,logistic_l2,"{'rna_paired': {'model__C': 0.01}, 'cnv': {'model__C': 0.01}, 'mutation': {'model__C': 0.01}}",0.6428571428571429,0.723087098087098,0.6071428571428572,0.6153846153846154,0.5454545454545454,0.6,0.5,0.7142857142857143,5,2,3,3
late_fusion_stacking,rna_cnv_mutation,pax,stack_logistic_l2,18,50,12,3,2055,491,526,69,27,50,logistic_l2,"{'rna_paired': {'model__C': 0.01}, 'cnv': {'model__C': 0.01}, 'mutation': {'model__C': 0.01}}",0.2777777777777778,0.4471861471861472,0.4166666666666667,0.4166666666666667,0.5882352941176471,0.45454545454545453,0.8333333333333334,0.0,0,6,1,5
late_fusion_stacking,rna_cnv_mutation,pax,stack_logistic_l2,19,50,12,3,2056,512,456,69,27,50,logistic_l2,"{'rna_paired': {'model__C': 0.01}, 'cnv': {'model__C': 0.01}, 'mutation': {'model__C': 0.1}}",0.75,0.8016233766233766,0.5833333333333334,0.5833333333333334,0.4444444444444444,0.6666666666666666,0.3333333333333333,0.8333333333333334,5,1,4,2
late_fusion_stacking,rna_cnv_mutation,pax,stack_logistic_l2,20,50,12,3,2055,484,469,69,27,50,logistic_l2,"{'rna_paired': {'model__C': 0.01}, 'cnv': {'model__C': 10.0}, 'mutation': {'model__C': 0.01}}",0.33333333333333337,0.43902116402116403,0.3333333333333333,0.3333333333333333,0.3333333333333333,0.3333333333333333,0.3333333333333333,0.3333333333333333,2,4,4,2
late_fusion_stacking,rna_cnv_mutation,pax,stack_logistic_l2,21,49,13,3,2057,488,408,69,27,50,logistic_l2,"{'rna_paired': {'model__C': 0.01}, 'cnv': {'model__C': 0.01}, 'mutation': {'model__C': 0.01}}",0.5714285714285714,0.5378306878306878,0.6071428571428572,0.6153846153846154,0.5454545454545454,0.6,0.5,0.7142857142857143,5,2,3,3
late_fusion_stacking,rna_cnv_mutation,pax,stack_logistic_l2,22,49,13,3,2056,511,376,69,27,50,logistic_l2,"{'rna_paired': {'model__C': 0.1}, 'cnv': {'model__C': 1.0}, 'mutation': {'model__C': 0.01}}",0.5238095238095237,0.5221611721611721,0.5238095238095238,0.5384615384615384,0.4,0.5,0.3333333333333333,0.7142857142857143,5,2,4,2
late_fusion_stacking,rna_cnv_mutation,pax,stack_logistic_l2,23,50,12,3,2056,492,328,69,27,50,logistic_l2,"{'rna_paired': {'model__C': 1.0}, 'cnv': {'model__C': 0.1}, 'mutation': {'model__C': 10.0}}",0.4722222222222222,0.5396825396825397,0.5,0.5,0.5,0.5,0.5,0.5,3,3,3,3
late_fusion_stacking,rna_cnv_mutation,pax,stack_logistic_l2,24,50,12,3,2055,482,524,69,27,50,logistic_l2,"{'rna_paired': {'model__C': 0.01}, 'cnv': {'model__C': 10.0}, 'mutation': {'model__C': 0.01}}",0.5555555555555556,0.6438492063492063,0.6666666666666667,0.6666666666666666,0.7142857142857143,0.625,0.8333333333333334,0.5,3,3,1,5
late_fusion_stacking,rna_cnv_mutation,pax,stack_logistic_l2,25,50,12,3,2056,487,512,69,27,50,logistic_l2,"{'rna_paired': {'model__C': 0.01}, 'cnv': {'model__C': 0.1}, 'mutation': {'model__C': 0.01}}",0.5555555555555556,0.5425925925925925,0.5,0.5,0.5714285714285714,0.5,0.6666666666666666,0.3333333333333333,2,4,2,4
late_fusion_stacking,rna_cnv_mutation,pax,stack_random_forest,1,49,13,3,2056,491,408,69,27,50,random_forest,"{'rna_paired': {'max_depth': None, 'min_samples_leaf': 3}, 'cnv': {'max_depth': None, 'min_samples_leaf': 2}, 'mutation': {'max_depth': None, 'min_samples_leaf': 2}}",0.380952380952381,0.42050264550264554,0.38095238095238093,0.38461538461538464,0.3333333333333333,0.3333333333333333,0.3333333333333333,0.42857142857142855,3,4,4,2
late_fusion_stacking,rna_cnv_mutation,pax,stack_random_forest,2,49,13,3,2055,509,368,69,27,50,random_forest,"{'rna_paired': {'max_depth': None, 'min_samples_leaf': 2}, 'cnv': {'max_depth': 3, 'min_samples_leaf': 3}, 'mutation': {'max_depth': 5, 'min_samples_leaf': 2}}",0.40476190476190477,0.4271524771524771,0.2976190476190476,0.3076923076923077,0.18181818181818182,0.2,0.16666666666666666,0.42857142857142855,3,4,5,1
late_fusion_stacking,rna_cnv_mutation,pax,stack_random_forest,3,50,12,3,2055,498,522,69,27,50,random_forest,"{'rna_paired': {'max_depth': 3, 'min_samples_leaf': 2}, 'cnv': {'max_depth': None, 'min_samples_leaf': 2}, 'mutation': {'max_depth': 3, 'min_samples_leaf': 2}}",0.4444444444444444,0.49170274170274164,0.5833333333333333,0.5833333333333334,0.6153846153846154,0.5714285714285714,0.6666666666666666,0.5,3,3,2,4
late_fusion_stacking,rna_cnv_mutation,pax,stack_random_forest,4,50,12,3,2055,487,331,69,27,50,random_forest,"{'rna_paired': {'max_depth': None, 'min_samples_leaf': 5}, 'cnv': {'max_depth': 3, 'min_samples_leaf': 3}, 'mutation': {'max_depth': None, 'min_samples_leaf': 3}}",0.5,0.6075757575757575,0.41666666666666663,0.4166666666666667,0.46153846153846156,0.42857142857142855,0.5,0.3333333333333333,2,4,3,3
late_fusion_stacking,rna_cnv_mutation,pax,stack_random_forest,5,50,12,3,2056,473,505,69,27,50,random_forest,"{'rna_paired': {'max_depth': 3, 'min_samples_leaf': 2}, 'cnv': {'max_depth': None, 'min_samples_leaf': 5}, 'mutation': {'max_depth': None, 'min_samples_leaf': 2}}",0.38888888888888884,0.6289983164983165,0.41666666666666663,0.4166666666666667,0.5333333333333333,0.4444444444444444,0.6666666666666666,0.16666666666666666,1,5,2,4
late_fusion_stacking,rna_cnv_mutation,pax,stack_random_forest,6,49,13,3,2056,480,501,69,27,50,random_forest,"{'rna_paired': {'max_depth': 3, 'min_samples_leaf': 2}, 'cnv': {'max_depth': None, 'min_samples_leaf': 2}, 'mutation': {'max_depth': None, 'min_samples_leaf': 2}}",0.261904761904762,0.37853535353535356,0.48809523809523814,0.46153846153846156,0.5882352941176471,0.45454545454545453,0.8333333333333334,0.14285714285714285,1,6,1,5
late_fusion_stacking,rna_cnv_mutation,pax,stack_random_forest,7,49,13,3,2057,508,371,69,27,50,random_forest,"{'rna_paired': {'max_depth': None, 'min_samples_leaf': 5}, 'cnv': {'max_depth': 3, 'min_samples_leaf': 2}, 'mutation': {'max_depth': None, 'min_samples_leaf': 5}}",0.4285714285714286,0.5372405372405372,0.44047619047619047,0.46153846153846156,0.2222222222222222,0.3333333333333333,0.16666666666666666,0.7142857142857143,5,2,5,1
late_fusion_stacking,rna_cnv_mutation,pax,stack_random_forest,8,50,12,3,2055,490,392,69,27,50,random_forest,"{'rna_paired': {'max_depth': 3, 'min_samples_leaf': 2}, 'cnv': {'max_depth': None, 'min_samples_leaf': 2}, 'mutation': {'max_depth': None, 'min_samples_leaf': 3}}",0.41666666666666663,0.5697450697450698,0.41666666666666663,0.4166666666666667,0.46153846153846156,0.42857142857142855,0.5,0.3333333333333333,2,4,3,3
late_fusion_stacking,rna_cnv_mutation,pax,stack_random_forest,9,50,12,3,2055,507,357,69,27,50,random_forest,"{'rna_paired': {'max_depth': 3, 'min_samples_leaf': 3}, 'cnv': {'max_depth': None, 'min_samples_leaf': 5}, 'mutation': {'max_depth': 5, 'min_samples_leaf': 2}}",0.3055555555555556,0.4434824434824435,0.3333333333333333,0.3333333333333333,0.0,0.0,0.0,0.6666666666666666,4,2,6,0
late_fusion_stacking,rna_cnv_mutation,pax,stack_random_forest,10,50,12,3,2055,472,544,69,27,50,random_forest,"{'rna_paired': {'max_depth': None, 'min_samples_leaf': 2}, 'cnv': {'max_depth': None, 'min_samples_leaf': 2}, 'mutation': {'max_depth': 3, 'min_samples_leaf': 2}}",0.33333333333333337,0.43548581048581053,0.5,0.5,0.625,0.5,0.8333333333333334,0.16666666666666666,1,5,1,5
late_fusion_stacking,rna_cnv_mutation,pax,stack_random_forest,11,49,13,3,2056,487,305,69,27,50,random_forest,"{'rna_paired': {'max_depth': 3, 'min_samples_leaf': 2}, 'cnv': {'max_depth': 3, 'min_samples_leaf': 3}, 'mutation': {'max_depth': None, 'min_samples_leaf': 2}}",0.5,0.6027167277167277,0.6190476190476191,0.6153846153846154,0.6153846153846154,0.5714285714285714,0.6666666666666666,0.5714285714285714,4,3,2,4
late_fusion_stacking,rna_cnv_mutation,pax,stack_random_forest,12,49,13,3,2056,479,526,69,27,50,random_forest,"{'rna_paired': {'max_depth': None, 'min_samples_leaf': 3}, 'cnv': {'max_depth': None, 'min_samples_leaf': 2}, 'mutation': {'max_depth': 3, 'min_samples_leaf': 2}}",0.5714285714285714,0.548941798941799,0.6309523809523809,0.6153846153846154,0.6666666666666666,0.5555555555555556,0.8333333333333334,0.42857142857142855,3,4,1,5
late_fusion_stacking,rna_cnv_mutation,pax,stack_random_forest,13,50,12,3,2055,490,387,69,27,50,random_forest,"{'rna_paired': {'max_depth': None, 'min_samples_leaf': 2}, 'cnv': {'max_depth': None, 'min_samples_leaf': 5}, 'mutation': {'max_depth': None, 'min_samples_leaf': 5}}",0.16666666666666663,0.39143217893217896,0.25,0.25,0.4,0.3333333333333333,0.5,0.0,0,6,3,3
late_fusion_stacking,rna_cnv_mutation,pax,stack_random_forest,14,50,12,3,2054,487,432,69,27,50,random_forest,"{'rna_paired': {'max_depth': None, 'min_samples_leaf': 3}, 'cnv': {'max_depth': 3, 'min_samples_leaf': 2}, 'mutation': {'max_depth': 3, 'min_samples_leaf': 3}}",0.5555555555555556,0.5450757575757575,0.6666666666666666,0.6666666666666666,0.6666666666666666,0.6666666666666666,0.6666666666666666,0.6666666666666666,4,2,2,4
late_fusion_stacking,rna_cnv_mutation,pax,stack_random_forest,15,50,12,3,2056,503,524,69,27,50,random_forest,"{'rna_paired': {'max_depth': None, 'min_samples_leaf': 5}, 'cnv': {'max_depth': None, 'min_samples_leaf': 3}, 'mutation': {'max_depth': None, 'min_samples_leaf': 2}}",0.5555555555555556,0.5438492063492064,0.6666666666666667,0.6666666666666666,0.7142857142857143,0.625,0.8333333333333334,0.5,3,3,1,5
late_fusion_stacking,rna_cnv_mutation,pax,stack_random_forest,16,49,13,3,2055,515,339,69,27,50,random_forest,"{'rna_paired': {'max_depth': None, 'min_samples_leaf': 5}, 'cnv': {'max_depth': None, 'min_samples_leaf': 3}, 'mutation': {'max_depth': 3, 'min_samples_leaf': 3}}",0.6190476190476191,0.6000712250712251,0.6904761904761905,0.6923076923076923,0.6666666666666666,0.6666666666666666,0.6666666666666666,0.7142857142857143,5,2,2,4
late_fusion_stacking,rna_cnv_mutation,pax,stack_random_forest,17,49,13,3,2056,451,355,69,27,50,random_forest,"{'rna_paired': {'max_depth': 3, 'min_samples_leaf': 2}, 'cnv': {'max_depth': None, 'min_samples_leaf': 3}, 'mutation': {'max_depth': 3, 'min_samples_leaf': 2}}",0.6190476190476191,0.7111823361823362,0.4642857142857143,0.46153846153846156,0.46153846153846156,0.42857142857142855,0.5,0.42857142857142855,3,4,3,3
late_fusion_stacking,rna_cnv_mutation,pax,stack_random_forest,18,50,12,3,2055,491,526,69,27,50,random_forest,"{'rna_paired': {'max_depth': None, 'min_samples_leaf': 5}, 'cnv': {'max_depth': None, 'min_samples_leaf': 5}, 'mutation': {'max_depth': 3, 'min_samples_leaf': 2}}",0.38888888888888895,0.48068783068783066,0.5,0.5,0.625,0.5,0.8333333333333334,0.16666666666666666,1,5,1,5
late_fusion_stacking,rna_cnv_mutation,pax,stack_random_forest,19,50,12,3,2056,512,456,69,27,50,random_forest,"{'rna_paired': {'max_depth': 3, 'min_samples_leaf': 3}, 'cnv': {'max_depth': None, 'min_samples_leaf': 3}, 'mutation': {'max_depth': None, 'min_samples_leaf': 2}}",0.5,0.5176286676286675,0.41666666666666663,0.4166666666666667,0.2222222222222222,0.3333333333333333,0.16666666666666666,0.6666666666666666,4,2,5,1
late_fusion_stacking,rna_cnv_mutation,pax,stack_random_forest,20,50,12,3,2055,484,469,69,27,50,random_forest,"{'rna_paired': {'max_depth': None, 'min_samples_leaf': 5}, 'cnv': {'max_depth': None, 'min_samples_leaf': 2}, 'mutation': {'max_depth': None, 'min_samples_leaf': 2}}",0.36111111111111116,0.45291005291005293,0.5,0.5,0.5714285714285714,0.5,0.6666666666666666,0.3333333333333333,2,4,2,4
late_fusion_stacking,rna_cnv_mutation,pax,stack_random_forest,21,49,13,3,2057,488,408,69,27,50,random_forest,"{'rna_paired': {'max_depth': None, 'min_samples_leaf': 3}, 'cnv': {'max_depth': None, 'min_samples_leaf': 2}, 'mutation': {'max_depth': None, 'min_samples_leaf': 3}}",0.6190476190476191,0.6327380952380952,0.5238095238095238,0.5384615384615384,0.4,0.5,0.3333333333333333,0.7142857142857143,5,2,4,2
late_fusion_stacking,rna_cnv_mutation,pax,stack_random_forest,22,49,13,3,2056,511,376,69,27,50,random_forest,"{'rna_paired': {'max_depth': 3, 'min_samples_leaf': 2}, 'cnv': {'max_depth': None, 'min_samples_leaf': 3}, 'mutation': {'max_depth': None, 'min_samples_leaf': 5}}",0.4285714285714286,0.4471611721611722,0.5357142857142857,0.5384615384615384,0.5,0.5,0.5,0.5714285714285714,4,3,3,3
late_fusion_stacking,rna_cnv_mutation,pax,stack_random_forest,23,50,12,3,2056,492,328,69,27,50,random_forest,"{'rna_paired': {'max_depth': None, 'min_samples_leaf': 2}, 'cnv': {'max_depth': 3, 'min_samples_leaf': 2}, 'mutation': {'max_depth': 5, 'min_samples_leaf': 2}}",0.4444444444444444,0.5277777777777778,0.5,0.5,0.5714285714285714,0.5,0.6666666666666666,0.3333333333333333,2,4,2,4
late_fusion_stacking,rna_cnv_mutation,pax,stack_random_forest,24,50,12,3,2055,482,524,69,27,50,random_forest,"{'rna_paired': {'max_depth': None, 'min_samples_leaf': 2}, 'cnv': {'max_depth': None, 'min_samples_leaf': 5}, 'mutation': {'max_depth': 3, 'min_samples_leaf': 3}}",0.47222222222222227,0.4981481481481481,0.6666666666666666,0.6666666666666666,0.75,0.6,1.0,0.3333333333333333,2,4,0,6
late_fusion_stacking,rna_cnv_mutation,pax,stack_random_forest,25,50,12,3,2056,487,512,69,27,50,random_forest,"{'rna_paired': {'max_depth': None, 'min_samples_leaf': 2}, 'cnv': {'max_depth': 3, 'min_samples_leaf': 2}, 'mutation': {'max_depth': 5, 'min_samples_leaf': 2}}",0.5,0.5954064454064454,0.5833333333333333,0.5833333333333334,0.6153846153846154,0.5714285714285714,0.6666666666666666,0.5,3,3,2,4
late_fusion_stacking,rna_cnv_mutation,pax,stack_svm_rbf,1,49,13,3,2056,491,408,69,27,50,svm_rbf,"{'rna_paired': {'model__C': 10.0, 'model__gamma': 'scale'}, 'cnv': {'model__C': 10.0, 'model__gamma': 'scale'}, 'mutation': {'model__C': 10.0, 'model__gamma': 0.01}}",0.3571428571428572,0.4093915343915344,0.2857142857142857,0.3076923076923077,0.0,0.0,0.0,0.5714285714285714,4,3,6,0
late_fusion_stacking,rna_cnv_mutation,pax,stack_svm_rbf,2,49,13,3,2055,509,368,69,27,50,svm_rbf,"{'rna_paired': {'model__C': 10.0, 'model__gamma': 'scale'}, 'cnv': {'model__C': 10.0, 'model__gamma': 'scale'}, 'mutation': {'model__C': 1.0, 'model__gamma': 'scale'}}",0.8333333333333334,0.8523809523809522,0.6309523809523809,0.6153846153846154,0.6666666666666666,0.5555555555555556,0.8333333333333334,0.42857142857142855,3,4,1,5
late_fusion_stacking,rna_cnv_mutation,pax,stack_svm_rbf,3,50,12,3,2055,498,522,69,27,50,svm_rbf,"{'rna_paired': {'model__C': 10.0, 'model__gamma': 'scale'}, 'cnv': {'model__C': 1.0, 'model__gamma': 'scale'}, 'mutation': {'model__C': 0.1, 'model__gamma': 0.001}}",0.4722222222222222,0.4933862433862434,0.41666666666666663,0.4166666666666667,0.2222222222222222,0.3333333333333333,0.16666666666666666,0.6666666666666666,4,2,5,1
late_fusion_stacking,rna_cnv_mutation,pax,stack_svm_rbf,4,50,12,3,2055,487,331,69,27,50,svm_rbf,"{'rna_paired': {'model__C': 10.0, 'model__gamma': 'scale'}, 'cnv': {'model__C': 0.1, 'model__gamma': 'scale'}, 'mutation': {'model__C': 0.1, 'model__gamma': 0.01}}",0.5,0.6914983164983165,0.5,0.5,0.6666666666666666,0.5,1.0,0.0,0,6,0,6
late_fusion_stacking,rna_cnv_mutation,pax,stack_svm_rbf,5,50,12,3,2056,473,505,69,27,50,svm_rbf,"{'rna_paired': {'model__C': 10.0, 'model__gamma': 'scale'}, 'cnv': {'model__C': 1.0, 'model__gamma': 0.001}, 'mutation': {'model__C': 0.1, 'model__gamma': 0.01}}",0.4444444444444444,0.5321067821067821,0.5,0.5,0.0,0.0,0.0,1.0,6,0,6,0
late_fusion_stacking,rna_cnv_mutation,pax,stack_svm_rbf,6,49,13,3,2056,480,501,69,27,50,svm_rbf,"{'rna_paired': {'model__C': 0.1, 'model__gamma': 0.01}, 'cnv': {'model__C': 10.0, 'model__gamma': 0.001}, 'mutation': {'model__C': 0.1, 'model__gamma': 0.01}}",0.30952380952380953,0.39176887926887927,0.6428571428571428,0.6153846153846154,0.7058823529411765,0.5454545454545454,1.0,0.2857142857142857,2,5,0,6
late_fusion_stacking,rna_cnv_mutation,pax,stack_svm_rbf,7,49,13,3,2057,508,371,69,27,50,svm_rbf,"{'rna_paired': {'model__C': 10.0, 'model__gamma': 'scale'}, 'cnv': {'model__C': 0.1, 'model__gamma': 'scale'}, 'mutation': {'model__C': 0.1, 'model__gamma': 0.001}}",0.5714285714285714,0.5259259259259259,0.6904761904761905,0.6923076923076923,0.6666666666666666,0.6666666666666666,0.6666666666666666,0.7142857142857143,5,2,2,4
late_fusion_stacking,rna_cnv_mutation,pax,stack_svm_rbf,8,50,12,3,2055,490,392,69,27,50,svm_rbf,"{'rna_paired': {'model__C': 0.1, 'model__gamma': 'scale'}, 'cnv': {'model__C': 10.0, 'model__gamma': 'scale'}, 'mutation': {'model__C': 1.0, 'model__gamma': 0.01}}",0.33333333333333337,0.47126022126022127,0.4166666666666667,0.4166666666666667,0.5882352941176471,0.45454545454545453,0.8333333333333334,0.0,0,6,1,5
late_fusion_stacking,rna_cnv_mutation,pax,stack_svm_rbf,9,50,12,3,2055,507,357,69,27,50,svm_rbf,"{'rna_paired': {'model__C': 0.1, 'model__gamma': 'scale'}, 'cnv': {'model__C': 0.1, 'model__gamma': 0.01}, 'mutation': {'model__C': 0.1, 'model__gamma': 0.01}}",0.7222222222222223,0.6825757575757576,0.5,0.5,0.6666666666666666,0.5,1.0,0.0,0,6,0,6
late_fusion_stacking,rna_cnv_mutation,pax,stack_svm_rbf,10,50,12,3,2055,472,544,69,27,50,svm_rbf,"{'rna_paired': {'model__C': 10.0, 'model__gamma': 'scale'}, 'cnv': {'model__C': 0.1, 'model__gamma': 0.001}, 'mutation': {'model__C': 1.0, 'model__gamma': 'scale'}}",0.638888888888889,0.6097222222222222,0.6666666666666666,0.6666666666666666,0.6666666666666666,0.6666666666666666,0.6666666666666666,0.6666666666666666,4,2,2,4
late_fusion_stacking,rna_cnv_mutation,pax,stack_svm_rbf,11,49,13,3,2056,487,305,69,27,50,svm_rbf,"{'rna_paired': {'model__C': 0.1, 'model__gamma': 'scale'}, 'cnv': {'model__C': 1.0, 'model__gamma': 0.001}, 'mutation': {'model__C': 0.1, 'model__gamma': 0.01}}",0.5,0.6390923890923891,0.5595238095238095,0.5384615384615384,0.625,0.5,0.8333333333333334,0.2857142857142857,2,5,1,5
late_fusion_stacking,rna_cnv_mutation,pax,stack_svm_rbf,12,49,13,3,2056,479,526,69,27,50,svm_rbf,"{'rna_paired': {'model__C': 10.0, 'model__gamma': 'scale'}, 'cnv': {'model__C': 1.0, 'model__gamma': 'scale'}, 'mutation': {'model__C': 0.1, 'model__gamma': 0.01}}",0.6190476190476191,0.6878306878306878,0.5833333333333334,0.6153846153846154,0.2857142857142857,1.0,0.16666666666666666,1.0,7,0,5,1
late_fusion_stacking,rna_cnv_mutation,pax,stack_svm_rbf,13,50,12,3,2055,490,387,69,27,50,svm_rbf,"{'rna_paired': {'model__C': 1.0, 'model__gamma': 'scale'}, 'cnv': {'model__C': 10.0, 'model__gamma': 0.001}, 'mutation': {'model__C': 0.1, 'model__gamma': 0.01}}",0.888888888888889,0.9333333333333333,0.5,0.5,0.0,0.0,0.0,1.0,6,0,6,0
late_fusion_stacking,rna_cnv_mutation,pax,stack_svm_rbf,14,50,12,3,2054,487,432,69,27,50,svm_rbf,"{'rna_paired': {'model__C': 10.0, 'model__gamma': 'scale'}, 'cnv': {'model__C': 1.0, 'model__gamma': 'scale'}, 'mutation': {'model__C': 0.1, 'model__gamma': 0.01}}",0.4444444444444444,0.5715969215969215,0.5,0.5,0.625,0.5,0.8333333333333334,0.16666666666666666,1,5,1,5
late_fusion_stacking,rna_cnv_mutation,pax,stack_svm_rbf,15,50,12,3,2056,503,524,69,27,50,svm_rbf,"{'rna_paired': {'model__C': 0.1, 'model__gamma': 'scale'}, 'cnv': {'model__C': 1.0, 'model__gamma': 'scale'}, 'mutation': {'model__C': 0.1, 'model__gamma': 0.01}}",0.7222222222222221,0.746067821067821,0.5833333333333334,0.5833333333333334,0.2857142857142857,1.0,0.16666666666666666,1.0,6,0,5,1
late_fusion_stacking,rna_cnv_mutation,pax,stack_svm_rbf,16,49,13,3,2055,515,339,69,27,50,svm_rbf,"{'rna_paired': {'model__C': 0.1, 'model__gamma': 'scale'}, 'cnv': {'model__C': 0.1, 'model__gamma': 'scale'}, 'mutation': {'model__C': 0.1, 'model__gamma': 0.01}}",0.6190476190476191,0.5382936507936508,0.5,0.5384615384615384,0.0,0.0,0.0,1.0,7,0,6,0
late_fusion_stacking,rna_cnv_mutation,pax,stack_svm_rbf,17,49,13,3,2056,451,355,69,27,50,svm_rbf,"{'rna_paired': {'model__C': 10.0, 'model__gamma': 'scale'}, 'cnv': {'model__C': 10.0, 'model__gamma': 'scale'}, 'mutation': {'model__C': 0.1, 'model__gamma': 0.01}}",0.28571428571428575,0.3896464646464647,0.3214285714285714,0.3076923076923077,0.4,0.3333333333333333,0.5,0.14285714285714285,1,6,3,3
late_fusion_stacking,rna_cnv_mutation,pax,stack_svm_rbf,18,50,12,3,2055,491,526,69,27,50,svm_rbf,"{'rna_paired': {'model__C': 1.0, 'model__gamma': 0.001}, 'cnv': {'model__C': 0.1, 'model__gamma': 0.001}, 'mutation': {'model__C': 10.0, 'model__gamma': 0.001}}",0.2222222222222222,0.40046296296296297,0.25,0.25,0.18181818181818182,0.2,0.16666666666666666,0.3333333333333333,2,4,5,1
late_fusion_stacking,rna_cnv_mutation,pax,stack_svm_rbf,19,50,12,3,2056,512,456,69,27,50,svm_rbf,"{'rna_paired': {'model__C': 10.0, 'model__gamma': 'scale'}, 'cnv': {'model__C': 0.1, 'model__gamma': 'scale'}, 'mutation': {'model__C': 1.0, 'model__gamma': 0.01}}",0.5833333333333333,0.6722582972582972,0.5833333333333334,0.5833333333333334,0.4444444444444444,0.6666666666666666,0.3333333333333333,0.8333333333333334,5,1,4,2
late_fusion_stacking,rna_cnv_mutation,pax,stack_svm_rbf,20,50,12,3,2055,484,469,69,27,50,svm_rbf,"{'rna_paired': {'model__C': 10.0, 'model__gamma': 'scale'}, 'cnv': {'model__C': 10.0, 'model__gamma': 0.001}, 'mutation': {'model__C': 0.1, 'model__gamma': 0.01}}",0.38888888888888895,0.48068783068783066,0.5,0.5,0.0,0.0,0.0,1.0,6,0,6,0
late_fusion_stacking,rna_cnv_mutation,pax,stack_svm_rbf,21,49,13,3,2057,488,408,69,27,50,svm_rbf,"{'rna_paired': {'model__C': 1.0, 'model__gamma': 'scale'}, 'cnv': {'model__C': 1.0, 'model__gamma': 'scale'}, 'mutation': {'model__C': 1.0, 'model__gamma': 0.01}}",0.4761904761904762,0.4765512265512265,0.5238095238095238,0.5384615384615384,0.4,0.5,0.3333333333333333,0.7142857142857143,5,2,4,2
late_fusion_stacking,rna_cnv_mutation,pax,stack_svm_rbf,22,49,13,3,2056,511,376,69,27,50,svm_rbf,"{'rna_paired': {'model__C': 10.0, 'model__gamma': 'scale'}, 'cnv': {'model__C': 10.0, 'model__gamma': 'scale'}, 'mutation': {'model__C': 10.0, 'model__gamma': 0.01}}",0.7380952380952381,0.7311868686868687,0.7023809523809523,0.6923076923076923,0.7142857142857143,0.625,0.8333333333333334,0.5714285714285714,4,3,1,5
late_fusion_stacking,rna_cnv_mutation,pax,stack_svm_rbf,23,50,12,3,2056,492,328,69,27,50,svm_rbf,"{'rna_paired': {'model__C': 10.0, 'model__gamma': 'scale'}, 'cnv': {'model__C': 10.0, 'model__gamma': 0.001}, 'mutation': {'model__C': 1.0, 'model__gamma': 0.01}}",0.1388888888888889,0.4063131313131313,0.5,0.5,0.0,0.0,0.0,1.0,6,0,6,0
late_fusion_stacking,rna_cnv_mutation,pax,stack_svm_rbf,24,50,12,3,2055,482,524,69,27,50,svm_rbf,"{'rna_paired': {'model__C': 0.1, 'model__gamma': 'scale'}, 'cnv': {'model__C': 1.0, 'model__gamma': 'scale'}, 'mutation': {'model__C': 1.0, 'model__gamma': 0.01}}",0.38888888888888895,0.46283068783068787,0.5,0.5,0.6666666666666666,0.5,1.0,0.0,0,6,0,6
late_fusion_stacking,rna_cnv_mutation,pax,stack_svm_rbf,25,50,12,3,2056,487,512,69,27,50,svm_rbf,"{'rna_paired': {'model__C': 10.0, 'model__gamma': 'scale'}, 'cnv': {'model__C': 1.0, 'model__gamma': 'scale'}, 'mutation': {'model__C': 0.1, 'model__gamma': 0.001}}",0.5555555555555556,0.6806878306878307,0.5833333333333334,0.5833333333333334,0.6666666666666666,0.5555555555555556,0.8333333333333334,0.3333333333333333,2,4,1,5
