HVG,C,rf_n_estimators,rf_max_depth,rf_min_samples_leaf,rf_min_samples_split,rf_max_features,AUROC_mean,AUROC_std,AUPRC_mean,AUPRC_std,ACC_mean,ACC_std,BACC_mean,BACC_std,F1_mean,F1_std,n_splits
300,1000,1000,4,2,2,sqrt,0.554422,0.156055,0.595732,0.171822,0.576923,0.128858,0.580952,0.131869,0.513846,0.223839,5
300,1000,1000,5,2,2,sqrt,0.559184,0.149517,0.597943,0.169913,0.576923,0.128858,0.580952,0.131869,0.513846,0.223839,5
300,1000,1000,6,2,2,sqrt,0.559184,0.149517,0.597943,0.169913,0.576923,0.128858,0.580952,0.131869,0.513846,0.223839,5
300,1000,2000,4,2,2,sqrt,0.576871,0.151782,0.608317,0.169796,0.591209,0.162186,0.592857,0.161133,0.541472,0.233040,5
300,1000,2000,5,2,2,sqrt,0.580952,0.146996,0.610358,0.167849,0.606593,0.159558,0.609524,0.159586,0.560519,0.239892,5
300,1000,2000,6,2,2,sqrt,0.576871,0.144039,0.607807,0.166136,0.591209,0.162186,0.592857,0.161133,0.541472,0.233040,5
600,1000,1000,4,2,2,sqrt,0.622449,0.182028,0.652766,0.200589,0.619780,0.132462,0.623810,0.133790,0.560513,0.223457,5
600,1000,1000,5,2,2,sqrt,0.605442,0.169728,0.633069,0.183743,0.634066,0.129768,0.638095,0.130573,0.583590,0.221595,5
600,1000,1000,6,2,2,sqrt,0.600680,0.162761,0.628307,0.175262,0.634066,0.129768,0.638095,0.130573,0.583590,0.221595,5
600,1000,2000,4,2,2,sqrt,0.606122,0.173476,0.632373,0.181710,0.619780,0.132462,0.623810,0.133790,0.560513,0.223457,5
600,1000,2000,5,2,2,sqrt,0.601361,0.172204,0.629935,0.183479,0.619780,0.132462,0.623810,0.133790,0.560513,0.223457,5
600,1000,2000,6,2,2,sqrt,0.601361,0.172204,0.629935,0.183479,0.619780,0.132462,0.623810,0.133790,0.560513,0.223457,5
