"batch.name","model.id","arm"
"GCRC1715.Cisplatin","m5686.05.1715Co","control"
"GCRC1715.Cisplatin","m5688.12.1715Ci","treatment"
"GCRC1715.Doxorubicin","m5686.05.1715Co","control"
"GCRC1715.Doxorubicin","m5687.33.1715Do","treatment"
"GCRC1715.Gemcitabine","m5686.05.1715Co","control"
"GCRC1715.Gemcitabine","m5690.19.1715Ge","treatment"
"GCRC1715.Paclitaxel","m5686.05.1715Co","control"
"GCRC1715.Paclitaxel","m5689.26.1715Pa","treatment"
"GCRC1735.Carboplatin","m5372.05.1735Co","control"
"GCRC1735.Carboplatin","m915.12.1735Co","control"
"GCRC1735.Carboplatin","m916.19.1735Co","control"
"GCRC1735.Carboplatin","m917.26.1735Co","control"
"GCRC1735.Carboplatin","m912.61.1735Ca","treatment"
"GCRC1735.Carboplatin","m913.68.1735Ca","treatment"
"GCRC1735.Carboplatin","m914.75.1735Ca","treatment"
"GCRC1735.Cisplatin","m5372.05.1735Co","control"
"GCRC1735.Cisplatin","m915.12.1735Co","control"
"GCRC1735.Cisplatin","m916.19.1735Co","control"
"GCRC1735.Cisplatin","m917.26.1735Co","control"
"GCRC1735.Cisplatin","m4803.33.1735Ci","treatment"
"GCRC1735.Doxorubicin","m5372.05.1735Co","control"
"GCRC1735.Doxorubicin","m915.12.1735Co","control"
"GCRC1735.Doxorubicin","m916.19.1735Co","control"
"GCRC1735.Doxorubicin","m917.26.1735Co","control"
"GCRC1735.Doxorubicin","m5373.54.1735Do","treatment"
"GCRC1735.Gemcitabine","m5372.05.1735Co","control"
"GCRC1735.Gemcitabine","m915.12.1735Co","control"
"GCRC1735.Gemcitabine","m916.19.1735Co","control"
"GCRC1735.Gemcitabine","m917.26.1735Co","control"
"GCRC1735.Gemcitabine","m4801.40.1735Ge","treatment"
"GCRC1735.Paclitaxel","m5372.05.1735Co","control"
"GCRC1735.Paclitaxel","m915.12.1735Co","control"
"GCRC1735.Paclitaxel","m916.19.1735Co","control"
"GCRC1735.Paclitaxel","m917.26.1735Co","control"
"GCRC1735.Paclitaxel","m5374.47.1735Pa","treatment"
"GCRC1738.Cisplatin","m4689.05.1738Co","control"
"GCRC1738.Cisplatin","m4928.12.1738Ci","treatment"
"GCRC1738.Doxorubicin","m4689.05.1738Co","control"
"GCRC1738.Doxorubicin","m4927.33.1738Do","treatment"
"GCRC1738.Gemcitabine","m4689.05.1738Co","control"
"GCRC1738.Gemcitabine","m4929.19.1738Ge","treatment"
"GCRC1738.Paclitaxel","m4689.05.1738Co","control"
"GCRC1738.Paclitaxel","m4925.26.1738Pa","treatment"
"GCRC1784.Cisplatin","m4778.05.1784Co","control"
"GCRC1784.Cisplatin","m4778.12.1784Ci","treatment"
"GCRC1784.Doxorubicin","m4778.05.1784Co","control"
"GCRC1784.Doxorubicin","m5320.33.1784Do","treatment"
"GCRC1784.Gemcitabine","m4778.05.1784Co","control"
"GCRC1784.Gemcitabine","m5321.19.1784Ge","treatment"
"GCRC1784.Paclitaxel","m4778.05.1784Co","control"
"GCRC1784.Paclitaxel","m5323.26.1784Pa","treatment"
"GCRC1828.Cisplatin","m4780.05.1828Co","control"
"GCRC1828.Cisplatin","m4782.12.1828Ci","treatment"
"GCRC1828.Doxorubicin","m4780.05.1828Co","control"
"GCRC1828.Doxorubicin","m4770.33.1828Do","treatment"
"GCRC1828.Gemcitabine","m4780.05.1828Co","control"
"GCRC1828.Gemcitabine","m4783.19.1828Ge","treatment"
"GCRC1828.Paclitaxel","m4780.05.1828Co","control"
"GCRC1828.Paclitaxel","m4781.26.1828Pa","treatment"
"GCRC1834.Cisplatin","m4997.05.1834Co","control"
"GCRC1834.Cisplatin","m4266.12.1834Ci","treatment"
"GCRC1834.Doxorubicin","m4997.05.1834Co","control"
"GCRC1834.Doxorubicin","m4995.33.1834Do","treatment"
"GCRC1834.Gemcitabine","m4997.05.1834Co","control"
"GCRC1834.Gemcitabine","m4994.19.1834Ge","treatment"
"GCRC1834.Paclitaxel","m4997.05.1834Co","control"
"GCRC1834.Paclitaxel","m4496.26.1834Pa","treatment"
"GCRC1840.Cisplatin","m5216.05.1840Co","control"
"GCRC1840.Cisplatin","m4706.12.1840Ci","treatment"
"GCRC1840.Doxorubicin","m5216.05.1840Co","control"
"GCRC1840.Doxorubicin","m5215.33.1840Do","treatment"
"GCRC1840.Gemcitabine","m5216.05.1840Co","control"
"GCRC1840.Gemcitabine","m5217.19.1840Ge","treatment"
"GCRC1840.Paclitaxel","m5216.05.1840Co","control"
"GCRC1840.Paclitaxel","m5218.26.1840Pa","treatment"
"GCRC1851.Cisplatin","m5656.05.1851Co","control"
"GCRC1851.Cisplatin","m5082.12.1851Ci","treatment"
"GCRC1851.Doxorubicin","m5656.05.1851Co","control"
"GCRC1851.Doxorubicin","m5658.33.1851Do","treatment"
"GCRC1851.Gemcitabine","m5656.05.1851Co","control"
"GCRC1851.Gemcitabine","m5659.19.1851Ge","treatment"
"GCRC1851.Paclitaxel","m5656.05.1851Co","control"
"GCRC1851.Paclitaxel","m5081.26.1851Pa","treatment"
"GCRC1863.Cisplatin","m5273.05.1863Co","control"
"GCRC1863.Cisplatin","m5268.12.1863Ci","treatment"
"GCRC1863.Doxorubicin","m5273.05.1863Co","control"
"GCRC1863.Doxorubicin","m5269.33.1863Do","treatment"
"GCRC1863.Gemcitabine","m5273.05.1863Co","control"
"GCRC1863.Gemcitabine","m5274.19.1863Ge","treatment"
"GCRC1863.Paclitaxel","m5273.05.1863Co","control"
"GCRC1863.Paclitaxel","m5270.26.1863Pa","treatment"
"GCRC1868.Cisplatin","m5205.05.1868Co","control"
"GCRC1868.Cisplatin","m5208.12.1868Ci","treatment"
"GCRC1868.Gemcitabine","m5205.05.1868Co","control"
"GCRC1868.Gemcitabine","m5203.19.1868Ge","treatment"
"GCRC1868.Paclitaxel","m5205.05.1868Co","control"
"GCRC1868.Paclitaxel","m5202.26.1868Pa","treatment"
"GCRC1876.Cisplatin","m5151.05.1876Co","control"
"GCRC1876.Cisplatin","m5140.12.1876Ci","treatment"
"GCRC1876.Doxorubicin","m5151.05.1876Co","control"
"GCRC1876.Doxorubicin","m5152.33.1876Do","treatment"
"GCRC1876.Gemcitabine","m5151.05.1876Co","control"
"GCRC1876.Gemcitabine","m5039.19.1876Ge","treatment"
"GCRC1876.Paclitaxel","m5151.05.1876Co","control"
"GCRC1876.Paclitaxel","m5147.26.1876Pa","treatment"
"GCRC1882.Cisplatin","m5366.05.1882Co","control"
"GCRC1882.Cisplatin","m5364.12.1882Ci","treatment"
"GCRC1882.Doxorubicin","m5366.05.1882Co","control"
"GCRC1882.Doxorubicin","m5554.33.1882Do","treatment"
"GCRC1882.Gemcitabine","m5366.05.1882Co","control"
"GCRC1882.Gemcitabine","m5369.19.1882Ge","treatment"
"GCRC1882.Paclitaxel","m5366.05.1882Co","control"
"GCRC1882.Paclitaxel","m5365.26.1882Pa","treatment"
"GCRC1886.Carboplatin","m5487.05.1886Co","control"
"GCRC1886.Carboplatin","m1959.12.1886Co","control"
"GCRC1886.Carboplatin","m1963.19.1886Co","control"
"GCRC1886.Carboplatin","m1967.26.1886Co","control"
"GCRC1886.Carboplatin","m1962.61.1886Ca","treatment"
"GCRC1886.Carboplatin","m1964.68.1886Ca","treatment"
"GCRC1886.Carboplatin","m1966.75.1886Ca","treatment"
"GCRC1886.Cisplatin","m5487.05.1886Co","control"
"GCRC1886.Cisplatin","m1959.12.1886Co","control"
"GCRC1886.Cisplatin","m1963.19.1886Co","control"
"GCRC1886.Cisplatin","m1967.26.1886Co","control"
"GCRC1886.Cisplatin","m5037.33.1886Ci","treatment"
"GCRC1886.Doxorubicin","m5487.05.1886Co","control"
"GCRC1886.Doxorubicin","m1959.12.1886Co","control"
"GCRC1886.Doxorubicin","m1963.19.1886Co","control"
"GCRC1886.Doxorubicin","m1967.26.1886Co","control"
"GCRC1886.Doxorubicin","m5734.54.1886Do","treatment"
"GCRC1886.Gemcitabine","m5487.05.1886Co","control"
"GCRC1886.Gemcitabine","m1959.12.1886Co","control"
"GCRC1886.Gemcitabine","m1963.19.1886Co","control"
"GCRC1886.Gemcitabine","m1967.26.1886Co","control"
"GCRC1886.Gemcitabine","m4714.40.1886Ge","treatment"
"GCRC1886.Paclitaxel","m5487.05.1886Co","control"
"GCRC1886.Paclitaxel","m1959.12.1886Co","control"
"GCRC1886.Paclitaxel","m1963.19.1886Co","control"
"GCRC1886.Paclitaxel","m1967.26.1886Co","control"
"GCRC1886.Paclitaxel","m5486.47.1886Pa","treatment"
"GCRC1887.Carboplatin","m5665.05.1887Co","control"
"GCRC1887.Carboplatin","m2232.12.1887Co","control"
"GCRC1887.Carboplatin","m2233.19.1887Co","control"
"GCRC1887.Carboplatin","m2234.26.1887Co","control"
"GCRC1887.Carboplatin","m2229.54.1887Ca","treatment"
"GCRC1887.Carboplatin","m2230.61.1887Ca","treatment"
"GCRC1887.Carboplatin","m2231.68.1887Ca","treatment"
"GCRC1887.Cisplatin","m5665.05.1887Co","control"
"GCRC1887.Cisplatin","m2232.12.1887Co","control"
"GCRC1887.Cisplatin","m2233.19.1887Co","control"
"GCRC1887.Cisplatin","m2234.26.1887Co","control"
"GCRC1887.Cisplatin","m5660.33.1887Ci","treatment"
"GCRC1887.Gemcitabine","m5665.05.1887Co","control"
"GCRC1887.Gemcitabine","m2232.12.1887Co","control"
"GCRC1887.Gemcitabine","m2233.19.1887Co","control"
"GCRC1887.Gemcitabine","m2234.26.1887Co","control"
"GCRC1887.Gemcitabine","m5664.40.1887Ge","treatment"
"GCRC1887.Paclitaxel","m5665.05.1887Co","control"
"GCRC1887.Paclitaxel","m2232.12.1887Co","control"
"GCRC1887.Paclitaxel","m2233.19.1887Co","control"
"GCRC1887.Paclitaxel","m2234.26.1887Co","control"
"GCRC1887.Paclitaxel","m5663.47.1887Pa","treatment"
"GCRC1905.Carboplatin","m444.05.1905Co","control"
"GCRC1905.Carboplatin","m445.12.1905Co","control"
"GCRC1905.Carboplatin","m446.19.1905Co","control"
"GCRC1905.Carboplatin","m441.47.1905Ca","treatment"
"GCRC1905.Carboplatin","m442.54.1905Ca","treatment"
"GCRC1905.Carboplatin","m443.61.1905Ca","treatment"
"GCRC1905.Cisplatin","m444.05.1905Co","control"
"GCRC1905.Cisplatin","m445.12.1905Co","control"
"GCRC1905.Cisplatin","m446.19.1905Co","control"
"GCRC1905.Cisplatin","m4785.26.1905Ci","treatment"
"GCRC1905.Gemcitabine","m444.05.1905Co","control"
"GCRC1905.Gemcitabine","m445.12.1905Co","control"
"GCRC1905.Gemcitabine","m446.19.1905Co","control"
"GCRC1905.Gemcitabine","m5314.33.1905Ge","treatment"
"GCRC1905.Paclitaxel","m444.05.1905Co","control"
"GCRC1905.Paclitaxel","m445.12.1905Co","control"
"GCRC1905.Paclitaxel","m446.19.1905Co","control"
"GCRC1905.Paclitaxel","m5318.40.1905Pa","treatment"
"GCRC1915.Carboplatin","m5143.05.1915Co","control"
"GCRC1915.Carboplatin","m851.12.1915Co","control"
"GCRC1915.Carboplatin","m852.19.1915Co","control"
"GCRC1915.Carboplatin","m848.54.1915Ca","treatment"
"GCRC1915.Carboplatin","m849.61.1915Ca","treatment"
"GCRC1915.Carboplatin","m853.68.1915Ca","treatment"
"GCRC1915.Cisplatin","m5143.05.1915Co","control"
"GCRC1915.Cisplatin","m851.12.1915Co","control"
"GCRC1915.Cisplatin","m852.19.1915Co","control"
"GCRC1915.Cisplatin","m5142.26.1915Ci","treatment"
"GCRC1915.Doxorubicin","m5143.05.1915Co","control"
"GCRC1915.Doxorubicin","m851.12.1915Co","control"
"GCRC1915.Doxorubicin","m852.19.1915Co","control"
"GCRC1915.Doxorubicin","m5469.47.1915Do","treatment"
"GCRC1915.Gemcitabine","m5143.05.1915Co","control"
"GCRC1915.Gemcitabine","m851.12.1915Co","control"
"GCRC1915.Gemcitabine","m852.19.1915Co","control"
"GCRC1915.Gemcitabine","m5145.33.1915Ge","treatment"
"GCRC1915.Paclitaxel","m5143.05.1915Co","control"
"GCRC1915.Paclitaxel","m851.12.1915Co","control"
"GCRC1915.Paclitaxel","m852.19.1915Co","control"
"GCRC1915.Paclitaxel","m4934.40.1915Pa","treatment"
"GCRC1924.Carboplatin","m5192.05.1924Co","control"
"GCRC1924.Carboplatin","m935.12.1924Co","control"
"GCRC1924.Carboplatin","m936.19.1924Co","control"
"GCRC1924.Carboplatin","m937.26.1924Co","control"
"GCRC1924.Carboplatin","m932.61.1924Ca","treatment"
"GCRC1924.Carboplatin","m933.68.1924Ca","treatment"
"GCRC1924.Carboplatin","m934.75.1924Ca","treatment"
"GCRC1924.Cisplatin","m5192.05.1924Co","control"
"GCRC1924.Cisplatin","m935.12.1924Co","control"
"GCRC1924.Cisplatin","m936.19.1924Co","control"
"GCRC1924.Cisplatin","m937.26.1924Co","control"
"GCRC1924.Cisplatin","m5187.33.1924Ci","treatment"
"GCRC1924.Doxorubicin","m5192.05.1924Co","control"
"GCRC1924.Doxorubicin","m935.12.1924Co","control"
"GCRC1924.Doxorubicin","m936.19.1924Co","control"
"GCRC1924.Doxorubicin","m937.26.1924Co","control"
"GCRC1924.Doxorubicin","m5189.54.1924Do","treatment"
"GCRC1924.Gemcitabine","m5192.05.1924Co","control"
"GCRC1924.Gemcitabine","m935.12.1924Co","control"
"GCRC1924.Gemcitabine","m936.19.1924Co","control"
"GCRC1924.Gemcitabine","m937.26.1924Co","control"
"GCRC1924.Gemcitabine","m5191.40.1924Ge","treatment"
"GCRC1924.Paclitaxel","m5192.05.1924Co","control"
"GCRC1924.Paclitaxel","m935.12.1924Co","control"
"GCRC1924.Paclitaxel","m936.19.1924Co","control"
"GCRC1924.Paclitaxel","m937.26.1924Co","control"
"GCRC1924.Paclitaxel","m5188.47.1924Pa","treatment"
"GCRC1939.Carboplatin","m5078.05.1939Co","control"
"GCRC1939.Carboplatin","m315.12.1939Co","control"
"GCRC1939.Carboplatin","m318.19.1939Co","control"
"GCRC1939.Carboplatin","m323.26.1939Co","control"
"GCRC1939.Carboplatin","m158.61.1939Ca","treatment"
"GCRC1939.Carboplatin","m159.68.1939Ca","treatment"
"GCRC1939.Carboplatin","m160.75.1939Ca","treatment"
"GCRC1939.Cisplatin","m5078.05.1939Co","control"
"GCRC1939.Cisplatin","m315.12.1939Co","control"
"GCRC1939.Cisplatin","m318.19.1939Co","control"
"GCRC1939.Cisplatin","m323.26.1939Co","control"
"GCRC1939.Cisplatin","m5194.33.1939Ci","treatment"
"GCRC1939.Doxorubicin","m5078.05.1939Co","control"
"GCRC1939.Doxorubicin","m315.12.1939Co","control"
"GCRC1939.Doxorubicin","m318.19.1939Co","control"
"GCRC1939.Doxorubicin","m323.26.1939Co","control"
"GCRC1939.Doxorubicin","m5431.54.1939Do","treatment"
"GCRC1939.Gemcitabine","m5078.05.1939Co","control"
"GCRC1939.Gemcitabine","m315.12.1939Co","control"
"GCRC1939.Gemcitabine","m318.19.1939Co","control"
"GCRC1939.Gemcitabine","m323.26.1939Co","control"
"GCRC1939.Gemcitabine","m5077.40.1939Ge","treatment"
"GCRC1939.Paclitaxel","m5078.05.1939Co","control"
"GCRC1939.Paclitaxel","m315.12.1939Co","control"
"GCRC1939.Paclitaxel","m318.19.1939Co","control"
"GCRC1939.Paclitaxel","m323.26.1939Co","control"
"GCRC1939.Paclitaxel","m5428.47.1939Pa","treatment"
"GCRC1944.Cisplatin","m2723.05.1944Co","control"
"GCRC1944.Cisplatin","m2724.12.1944Co","control"
"GCRC1944.Cisplatin","m5419.19.1944Ci","treatment"
"GCRC1944.Doxorubicin","m2723.05.1944Co","control"
"GCRC1944.Doxorubicin","m2724.12.1944Co","control"
"GCRC1944.Doxorubicin","m5418.40.1944Do","treatment"
"GCRC1944.Gemcitabine","m2723.05.1944Co","control"
"GCRC1944.Gemcitabine","m2724.12.1944Co","control"
"GCRC1944.Gemcitabine","m5417.26.1944Ge","treatment"
"GCRC1944.Paclitaxel","m2723.05.1944Co","control"
"GCRC1944.Paclitaxel","m2724.12.1944Co","control"
"GCRC1944.Paclitaxel","m5416.33.1944Pa","treatment"
"GCRC1945.Carboplatin","m5266.05.1945Co","control"
"GCRC1945.Carboplatin","m161.12.1945Co","control"
"GCRC1945.Carboplatin","m162.19.1945Co","control"
"GCRC1945.Carboplatin","m163.26.1945Co","control"
"GCRC1945.Carboplatin","m158.61.1945Ca","treatment"
"GCRC1945.Carboplatin","m159.68.1945Ca","treatment"
"GCRC1945.Carboplatin","m160.75.1945Ca","treatment"
"GCRC1945.Cisplatin","m5266.05.1945Co","control"
"GCRC1945.Cisplatin","m161.12.1945Co","control"
"GCRC1945.Cisplatin","m162.19.1945Co","control"
"GCRC1945.Cisplatin","m163.26.1945Co","control"
"GCRC1945.Cisplatin","m4792.33.1945Ci","treatment"
"GCRC1945.Doxorubicin","m5266.05.1945Co","control"
"GCRC1945.Doxorubicin","m161.12.1945Co","control"
"GCRC1945.Doxorubicin","m162.19.1945Co","control"
"GCRC1945.Doxorubicin","m163.26.1945Co","control"
"GCRC1945.Doxorubicin","m5265.54.1945Do","treatment"
"GCRC1945.Gemcitabine","m5266.05.1945Co","control"
"GCRC1945.Gemcitabine","m161.12.1945Co","control"
"GCRC1945.Gemcitabine","m162.19.1945Co","control"
"GCRC1945.Gemcitabine","m163.26.1945Co","control"
"GCRC1945.Gemcitabine","m5264.40.1945Ge","treatment"
"GCRC1945.Paclitaxel","m5266.05.1945Co","control"
"GCRC1945.Paclitaxel","m161.12.1945Co","control"
"GCRC1945.Paclitaxel","m162.19.1945Co","control"
"GCRC1945.Paclitaxel","m163.26.1945Co","control"
"GCRC1945.Paclitaxel","m5262.47.1945Pa","treatment"
"GCRC1963.Cisplatin","m5426.05.1963Co","control"
"GCRC1963.Cisplatin","m5422.12.1963Ci","treatment"
"GCRC1963.Doxorubicin","m5426.05.1963Co","control"
"GCRC1963.Doxorubicin","m5425.33.1963Do","treatment"
"GCRC1963.Gemcitabine","m5426.05.1963Co","control"
"GCRC1963.Gemcitabine","m5427.19.1963Ge","treatment"
"GCRC1963.Paclitaxel","m5426.05.1963Co","control"
"GCRC1963.Paclitaxel","m5423.26.1963Pa","treatment"
"GCRC1971.Carboplatin","m5371.05.1971Co","control"
"GCRC1971.Carboplatin","m93.12.1971Co","control"
"GCRC1971.Carboplatin","m94.19.1971Co","control"
"GCRC1971.Carboplatin","m95.26.1971Co","control"
"GCRC1971.Carboplatin","m95.61.1971Ca","treatment"
"GCRC1971.Carboplatin","m91.68.1971Ca","treatment"
"GCRC1971.Carboplatin","m92.75.1971Ca","treatment"
"GCRC1971.Cisplatin","m5371.05.1971Co","control"
"GCRC1971.Cisplatin","m93.12.1971Co","control"
"GCRC1971.Cisplatin","m94.19.1971Co","control"
"GCRC1971.Cisplatin","m95.26.1971Co","control"
"GCRC1971.Cisplatin","m5098.33.1971Ci","treatment"
"GCRC1971.Doxorubicin","m5371.05.1971Co","control"
"GCRC1971.Doxorubicin","m93.12.1971Co","control"
"GCRC1971.Doxorubicin","m94.19.1971Co","control"
"GCRC1971.Doxorubicin","m95.26.1971Co","control"
"GCRC1971.Doxorubicin","m4961.54.1971Do","treatment"
"GCRC1971.Gemcitabine","m5371.05.1971Co","control"
"GCRC1971.Gemcitabine","m93.12.1971Co","control"
"GCRC1971.Gemcitabine","m94.19.1971Co","control"
"GCRC1971.Gemcitabine","m95.26.1971Co","control"
"GCRC1971.Gemcitabine","m5100.40.1971Ge","treatment"
"GCRC1971.Paclitaxel","m5371.05.1971Co","control"
"GCRC1971.Paclitaxel","m93.12.1971Co","control"
"GCRC1971.Paclitaxel","m94.19.1971Co","control"
"GCRC1971.Paclitaxel","m95.26.1971Co","control"
"GCRC1971.Paclitaxel","m4960.47.1971Pa","treatment"
"GCRC1979.Cisplatin","m5120.05.1979Co","control"
"GCRC1979.Cisplatin","m5118.12.1979Ci","treatment"
"GCRC1979.Doxorubicin","m5120.05.1979Co","control"
"GCRC1979.Doxorubicin","m5122.33.1979Do","treatment"
"GCRC1979.Paclitaxel","m5120.05.1979Co","control"
"GCRC1979.Paclitaxel","m5119.26.1979Pa","treatment"
"GCRC1986.Carboplatin","m5169.05.1986Co","control"
"GCRC1986.Carboplatin","m865.12.1986Co","control"
"GCRC1986.Carboplatin","m863.19.1986Co","control"
"GCRC1986.Carboplatin","m862.54.1986Ca","treatment"
"GCRC1986.Carboplatin","m866.61.1986Ca","treatment"
"GCRC1986.Carboplatin","m867.68.1986Ca","treatment"
"GCRC1986.Cisplatin","m5169.05.1986Co","control"
"GCRC1986.Cisplatin","m865.12.1986Co","control"
"GCRC1986.Cisplatin","m863.19.1986Co","control"
"GCRC1986.Cisplatin","m4789.26.1986Ci","treatment"
"GCRC1986.Doxorubicin","m5169.05.1986Co","control"
"GCRC1986.Doxorubicin","m865.12.1986Co","control"
"GCRC1986.Doxorubicin","m863.19.1986Co","control"
"GCRC1986.Doxorubicin","m4922.47.1986Do","treatment"
"GCRC1986.Gemcitabine","m5169.05.1986Co","control"
"GCRC1986.Gemcitabine","m865.12.1986Co","control"
"GCRC1986.Gemcitabine","m863.19.1986Co","control"
"GCRC1986.Gemcitabine","m5170.33.1986Ge","treatment"
"GCRC1986.Paclitaxel","m5169.05.1986Co","control"
"GCRC1986.Paclitaxel","m865.12.1986Co","control"
"GCRC1986.Paclitaxel","m863.19.1986Co","control"
"GCRC1986.Paclitaxel","m5167.40.1986Pa","treatment"
"GCRC1991.Carboplatin","m5112.05.1991Co","control"
"GCRC1991.Carboplatin","m880.12.1991Co","control"
"GCRC1991.Carboplatin","m881.19.1991Co","control"
"GCRC1991.Carboplatin","m882.26.1991Co","control"
"GCRC1991.Carboplatin","m877.62.1991Ca","treatment"
"GCRC1991.Carboplatin","m882.69.1991Ca","treatment"
"GCRC1991.Carboplatin","m879.76.1991Ca","treatment"
"GCRC1991.Cisplatin","m5112.05.1991Co","control"
"GCRC1991.Cisplatin","m880.12.1991Co","control"
"GCRC1991.Cisplatin","m881.19.1991Co","control"
"GCRC1991.Cisplatin","m882.26.1991Co","control"
"GCRC1991.Cisplatin","m5111.34.1991Ci","treatment"
"GCRC1991.Doxorubicin","m5112.05.1991Co","control"
"GCRC1991.Doxorubicin","m880.12.1991Co","control"
"GCRC1991.Doxorubicin","m881.19.1991Co","control"
"GCRC1991.Doxorubicin","m882.26.1991Co","control"
"GCRC1991.Doxorubicin","m4937.55.1991Do","treatment"
"GCRC1991.Gemcitabine","m5112.05.1991Co","control"
"GCRC1991.Gemcitabine","m880.12.1991Co","control"
"GCRC1991.Gemcitabine","m881.19.1991Co","control"
"GCRC1991.Gemcitabine","m882.26.1991Co","control"
"GCRC1991.Gemcitabine","m5115.41.1991Ge","treatment"
"GCRC1991.Paclitaxel","m5112.05.1991Co","control"
"GCRC1991.Paclitaxel","m880.12.1991Co","control"
"GCRC1991.Paclitaxel","m881.19.1991Co","control"
"GCRC1991.Paclitaxel","m882.26.1991Co","control"
"GCRC1991.Paclitaxel","m5357.48.1991Pa","treatment"
"GCRC2001.Cisplatin","m4598.05.2001Co","control"
"GCRC2001.Cisplatin","m5261.12.2001Ci","treatment"
"GCRC2001.Doxorubicin","m4598.05.2001Co","control"
"GCRC2001.Doxorubicin","m5482.33.2001Do","treatment"
"GCRC2001.Gemcitabine","m4598.05.2001Co","control"
"GCRC2001.Gemcitabine","m4896.19.2001Ge","treatment"
"GCRC2001.Paclitaxel","m4598.05.2001Co","control"
"GCRC2001.Paclitaxel","m5484.26.2001Pa","treatment"
"GCRC2006.Cisplatin","m5086.05.2006Co","control"
"GCRC2006.Cisplatin","m5084.12.2006Ci","treatment"
"GCRC2006.Doxorubicin","m5086.05.2006Co","control"
"GCRC2006.Doxorubicin","m5123.33.2006Do","treatment"
"GCRC2006.Gemcitabine","m5086.05.2006Co","control"
"GCRC2006.Gemcitabine","m5125.19.2006Ge","treatment"
"GCRC2006.Paclitaxel","m5086.05.2006Co","control"
"GCRC2006.Paclitaxel","m5126.26.2006Pa","treatment"
"GCRC2029.Cisplatin","m4752.05.2029Co","control"
"GCRC2029.Cisplatin","m2529.12.2029Co","control"
"GCRC2029.Cisplatin","m2530.19.2029Co","control"
"GCRC2029.Cisplatin","m2531.26.2029Co","control"
"GCRC2029.Cisplatin","m2532.33.2029Co","control"
"GCRC2029.Cisplatin","m2533.40.2029Co","control"
"GCRC2029.Cisplatin","m4754.47.2029Ci","treatment"
"GCRC2029.Doxorubicin","m4752.05.2029Co","control"
"GCRC2029.Doxorubicin","m2529.12.2029Co","control"
"GCRC2029.Doxorubicin","m2530.19.2029Co","control"
"GCRC2029.Doxorubicin","m2531.26.2029Co","control"
"GCRC2029.Doxorubicin","m2532.33.2029Co","control"
"GCRC2029.Doxorubicin","m2533.40.2029Co","control"
"GCRC2029.Doxorubicin","m5359.68.2029Do","treatment"
"GCRC2029.Gemcitabine","m4752.05.2029Co","control"
"GCRC2029.Gemcitabine","m2529.12.2029Co","control"
"GCRC2029.Gemcitabine","m2530.19.2029Co","control"
"GCRC2029.Gemcitabine","m2531.26.2029Co","control"
"GCRC2029.Gemcitabine","m2532.33.2029Co","control"
"GCRC2029.Gemcitabine","m2533.40.2029Co","control"
"GCRC2029.Gemcitabine","m5093.54.2029Ge","treatment"
"GCRC2029.Paclitaxel","m4752.05.2029Co","control"
"GCRC2029.Paclitaxel","m2529.12.2029Co","control"
"GCRC2029.Paclitaxel","m2530.19.2029Co","control"
"GCRC2029.Paclitaxel","m2531.26.2029Co","control"
"GCRC2029.Paclitaxel","m2532.33.2029Co","control"
"GCRC2029.Paclitaxel","m2533.40.2029Co","control"
"GCRC2029.Paclitaxel","m5360.61.2029Pa","treatment"
"GCRC2047.Cisplatin","m5594.05.2047Co","control"
"GCRC2047.Cisplatin","m5593.12.2047Ci","treatment"
"GCRC2047.Gemcitabine","m5594.05.2047Co","control"
"GCRC2047.Gemcitabine","m5592.19.2047Ge","treatment"
"GCRC2061.Cisplatin","mmissing_mouse_5.05.2061Co","control"
"GCRC2061.Cisplatin","m5519.12.2061Ci","treatment"
"GCRC2061.Doxorubicin","mmissing_mouse_5.05.2061Co","control"
"GCRC2061.Doxorubicin","m5517.33.2061Do","treatment"
"GCRC2061.Gemcitabine","mmissing_mouse_5.05.2061Co","control"
"GCRC2061.Gemcitabine","m5654.19.2061Ge","treatment"
"GCRC2061.Paclitaxel","mmissing_mouse_5.05.2061Co","control"
"GCRC2061.Paclitaxel","m5522.26.2061Pa","treatment"
"GCRC2076.Carboplatin","m2743.05.2076Co","control"
"GCRC2076.Carboplatin","m2744.12.2076Co","control"
"GCRC2076.Carboplatin","m2745.19.2076Co","control"
"GCRC2076.Carboplatin","m2750.26.2076Co","control"
"GCRC2076.Carboplatin","m890.89.2076Ca","treatment"
"GCRC2076.Carboplatin","m887.96.2076Ca","treatment"
"GCRC2076.Carboplatin","m888.103.2076Ca","treatment"
"GCRC2076.Cisplatin","m2743.05.2076Co","control"
"GCRC2076.Cisplatin","m2744.12.2076Co","control"
"GCRC2076.Cisplatin","m2745.19.2076Co","control"
"GCRC2076.Cisplatin","m2750.26.2076Co","control"
"GCRC2076.Cisplatin","m4952.82.2076Ci","treatment"
"GCRC2076.Doxorubicin","m2743.05.2076Co","control"
"GCRC2076.Doxorubicin","m2744.12.2076Co","control"
"GCRC2076.Doxorubicin","m2745.19.2076Co","control"
"GCRC2076.Doxorubicin","m2750.26.2076Co","control"
"GCRC2076.Doxorubicin","m4954.75.2076Do","treatment"
"GCRC2076.Gemcitabine","m2743.05.2076Co","control"
"GCRC2076.Gemcitabine","m2744.12.2076Co","control"
"GCRC2076.Gemcitabine","m2745.19.2076Co","control"
"GCRC2076.Gemcitabine","m2750.26.2076Co","control"
"GCRC2076.Gemcitabine","m2748.33.2076Ge","treatment"
"GCRC2076.Gemcitabine","m2749.40.2076Ge","treatment"
"GCRC2076.Gemcitabine","m2751.47.2076Ge","treatment"
"GCRC2076.Gemcitabine","m2746.54.2076Ge","treatment"
"GCRC2076.Gemcitabine","m2747.61.2076Ge","treatment"
"GCRC2076.Paclitaxel","m2743.05.2076Co","control"
"GCRC2076.Paclitaxel","m2744.12.2076Co","control"
"GCRC2076.Paclitaxel","m2745.19.2076Co","control"
"GCRC2076.Paclitaxel","m2750.26.2076Co","control"
"GCRC2076.Paclitaxel","m4953.68.2076Pa","treatment"
"GCRC2089.Carboplatin","m164.05.2089Co","control"
"GCRC2089.Carboplatin","m165.12.2089Co","control"
"GCRC2089.Carboplatin","m172.19.2089Co","control"
"GCRC2089.Carboplatin","m167.26.2089Ca","treatment"
"GCRC2089.Carboplatin","m168.33.2089Ca","treatment"
"GCRC2089.Carboplatin","m169.40.2089Ca","treatment"
"GCRC2097.Cisplatin","m7191.05.2097Co","control"
"GCRC2097.Cisplatin","m7190.12.2097Ci","treatment"
"GCRC2097.Doxorubicin","m7191.05.2097Co","control"
"GCRC2097.Doxorubicin","m7193.33.2097Do","treatment"
"GCRC2097.Gemcitabine","m7191.05.2097Co","control"
"GCRC2097.Gemcitabine","m7194.19.2097Ge","treatment"
"GCRC2097.Paclitaxel","m7191.05.2097Co","control"
"GCRC2097.Paclitaxel","m7192.26.2097Pa","treatment"
