"model.id","mRECIST"
"BPTO95.PACLITAXEL.m1","PR"
"REF034.PACLITAXEL.m1","SD"
"REF035.PACLITAXEL.m1","SD"
"REF043.PACLITAXEL.m1","CR"
"REF043.PACLITAXEL.m2","CR"
"108099.PACLITAXEL.m1","SD"
"100804.PACLITAXEL.m1","SD"
"REF044.PACLITAXEL.m1","PR"
"REF044.PACLITAXEL.m2","PD"
"REF044.PACLITAXEL.m3","PD"
"38807.PACLITAXEL.m1","CR"
"38807.PACLITAXEL.m2","CR"
"108045.PACLITAXEL.m1","PD"
"REF036.PACLITAXEL.m1","PR"
"REF036.PACLITAXEL.m2","PR"
"REF036.PACLITAXEL.m3","PR"
"DCPTOB19.PACLITAXEL.m1","SD"
"REF025.PACLITAXEL.m1","SD"
"NOTCH06.PACLITAXEL.m1","PR"
"NOTCH06.PACLITAXEL.m2","SD"
"NOTCH06.PACLITAXEL.m3","CR"
"NOTCH06.PACLITAXEL.m4","PD"
"NOTCH06.PACLITAXEL.m5","PD"
"NOTCH06.PACLITAXEL.m6","CR"
"NOTCH06.PACLITAXEL.m7","SD"
"NOTCH06.PACLITAXEL.m8",NA
"NOTCH06.PACLITAXEL.m9","CR"
"NOTCH06.PACLITAXEL.m10","SD"
"NOTCH06.PACLITAXEL.m11","CR"
"NOTCH06.PACLITAXEL.m12","CR"
"NOTCH06.PACLITAXEL.m13","SD"
"NOTCH06.PACLITAXEL.m14","SD"
"NOTCH06.PACLITAXEL.m15","PR"
"NOTCH06.PACLITAXEL.m16","PD"
"NOTCH06.PACLITAXEL.m17","PR"
"NOTCHB02.PACLITAXEL.m1",NA
"NOTCHB02.PACLITAXEL.m2","SD"
"NOTCHB02.PACLITAXEL.m3","SD"
"NOTCHB02.PACLITAXEL.m4","PR"
"NOTCHB02.PACLITAXEL.m5","SD"
"NOTCHB02.PACLITAXEL.m6","SD"
"NOTCHB02.PACLITAXEL.m7","SD"
"NOTCHB02.PACLITAXEL.m8","SD"
"NOTCHB02.PACLITAXEL.m9","SD"
"NOTCHB02.PACLITAXEL.m10","SD"
"NOTCHB02.PACLITAXEL.m11","SD"
"NOTCHB02.PACLITAXEL.m12","SD"
"NOTCHB02.PACLITAXEL.m13","SD"
"NOTCHB02.PACLITAXEL.m14","SD"
"NOTCHB02.PACLITAXEL.m15","SD"
"NOTCHB02.PACLITAXEL.m16","SD"
"NOTCHB02.PACLITAXEL.m17","SD"
"NOTCHB02.PACLITAXEL.m18","SD"
"NOTCHB02.PACLITAXEL.m19","SD"
"NOTCHB02.PACLITAXEL.m20","SD"
"NOTCHB02.PACLITAXEL.m21","SD"
"NOTCHB02.PACLITAXEL.m22","SD"
"NOTCHB02.PACLITAXEL.m23","PD"
"67725.PACLITAXEL.m1","PD"
"67725.PACLITAXEL.m2","PD"
"67725.PACLITAXEL.m3","SD"
"73263.PACLITAXEL.m1","CR"
"73263.PACLITAXEL.m2","CR"
"73263.PACLITAXEL.m3","CR"
"73263.PACLITAXEL.m4","CR"
"73263.PACLITAXEL.m5","PR"
"73263.PACLITAXEL.m6","CR"
"73263.PACLITAXEL.m7","SD"
"73263.PACLITAXEL.m8","CR"
"73263.PACLITAXEL.m9","CR"
"73263.PACLITAXEL.m10","CR"
"73263.PACLITAXEL.m11",NA
"73263.PACLITAXEL.m12","PD"
"73263.PACLITAXEL.m13","PR"
"73263.PACLITAXEL.m14","CR"
"241417.PACLITAXEL.m1","PR"
"241417.PACLITAXEL.m2","CR"
"65465.PACLITAXEL.m1","CR"
"65465.PACLITAXEL.m2","SD"
"65465.PACLITAXEL.m3","CR"
"65465.PACLITAXEL.m4","SD"
"16720.PACLITAXEL.m1","PD"
"16720.PACLITAXEL.m2","PD"
"REF005.PACLITAXEL.m1","SD"
"REF005.PACLITAXEL.m2","CR"
"REF005.PACLITAXEL.m3","PR"
"REF005.PACLITAXEL.m4","PR"
"REF005.PACLITAXEL.m5","CR"
"REF005.PACLITAXEL.m6","SD"
"REF005.PACLITAXEL.m7","CR"
"INSB014.PACLITAXEL.m1",NA
"INSB014.PACLITAXEL.m2","CR"
"INSB014.PACLITAXEL.m3","PD"
"INSB014.PACLITAXEL.m4","PD"
"INSB014.PACLITAXEL.m5","PD"
"100672.PACLITAXEL.m1","PR"
"85277.PACLITAXEL.m1","CR"
"85277.PACLITAXEL.m2","SD"
"85277.PACLITAXEL.m3","PD"
"INSB019.PACLITAXEL.m1","PD"
"INSB019.PACLITAXEL.m2","SD"
"REF016.PACLITAXEL.m1","PD"
"REF016.PACLITAXEL.m2","SD"
"REF016.PACLITAXEL.m3","SD"
"REF004.PACLITAXEL.m1","PD"
"REF004.PACLITAXEL.m2","PD"
"REF004.PACLITAXEL.m3","PD"
"REF004.PACLITAXEL.m4","SD"
"20710.PACLITAXEL.m1","SD"
"20710.PACLITAXEL.m2","SD"
"20710.PACLITAXEL.m3","SD"
"NOTCHB01.PACLITAXEL.m1","SD"
"NOTCHB01.PACLITAXEL.m2","PR"
"NOTCHB01.PACLITAXEL.m3","SD"
"NOTCHB01.PACLITAXEL.m4","SD"
"17518.PACLITAXEL.m1",NA
"17518.PACLITAXEL.m2",NA
"17518.PACLITAXEL.m3","SD"
"REF001.PACLITAXEL.m1","PR"
"REF001.PACLITAXEL.m2","SD"
"REF001.PACLITAXEL.m3","SD"
"67990.PACLITAXEL.m1","PR"
"67990.PACLITAXEL.m2","CR"
"44441.PACLITAXEL.m1","CR"
"44441.PACLITAXEL.m2","SD"
"44441.PACLITAXEL.m3","SD"
"NOTCH10.PACLITAXEL.m1","PR"
"NOTCH10.PACLITAXEL.m2","PR"
"NOTCH10.PACLITAXEL.m3","PR"
"NOTCH10.PACLITAXEL.m4",NA
"NOTCH10.PACLITAXEL.m5","PR"
"NOTCH10.PACLITAXEL.m6","CR"
"72955.PACLITAXEL.m1","PD"
"72955.PACLITAXEL.m2","SD"
"73471.PACLITAXEL.m1","SD"
"73471.PACLITAXEL.m2","SD"
"73471.PACLITAXEL.m3","SD"
"73471.PACLITAXEL.m4","SD"
"73471.PACLITAXEL.m5","SD"
"73471.PACLITAXEL.m6","SD"
"73471.PACLITAXEL.m7","SD"
"73471.PACLITAXEL.m8","PR"
"73471.PACLITAXEL.m9","SD"
"73471.PACLITAXEL.m10","PR"
"48342.PACLITAXEL.m1","SD"
"72877.PACLITAXEL.m1","PR"
"72877.PACLITAXEL.m2","SD"
"72877.PACLITAXEL.m3","PR"
"71335.PACLITAXEL.m1","SD"
"71335.PACLITAXEL.m2",NA
"28077.PACLITAXEL.m1","PR"
"28077.PACLITAXEL.m2","CR"
"NOTCHB03.PACLITAXEL.m1","SD"
"NOTCHB03.PACLITAXEL.m2","CR"
"NOTCHB03.PACLITAXEL.m3","CR"
"NOTCHB03.PACLITAXEL.m4","SD"
"NOTCHB03.PACLITAXEL.m5","SD"
"NOTCHB03.PACLITAXEL.m6","PD"
"NOTCHB03.PACLITAXEL.m7","PD"
"NOTCHB03.PACLITAXEL.m8","PR"
"NOTCHB03.PACLITAXEL.m9","SD"
"47904.PACLITAXEL.m1","PD"
"47904.PACLITAXEL.m2","PR"
"47904.PACLITAXEL.m3","PD"
"28992.PACLITAXEL.m1","PD"
"28992.PACLITAXEL.m2","SD"
"28992.PACLITAXEL.m3",NA
"66684.PACLITAXEL.m1",NA
"66684.PACLITAXEL.m2","PR"
"66684.PACLITAXEL.m3","CR"
"66684.PACLITAXEL.m4","SD"
"66292.PACLITAXEL.m1","PD"
"66292.PACLITAXEL.m2","PD"
"NOTCH01.PACLITAXEL.m1","PD"
"NOTCH01.PACLITAXEL.m2","PD"
"NOTCH01.PACLITAXEL.m3","PD"
"NOTCH01.PACLITAXEL.m4","PD"
"NOTCH01.PACLITAXEL.m5","PD"
"NOTCH01.PACLITAXEL.m6","PD"
"NOTCH01.PACLITAXEL.m7","SD"
"NOTCH01.PACLITAXEL.m8","PD"
"NOTCH01.PACLITAXEL.m9","SD"
"NOTCH01.PACLITAXEL.m10","SD"
"48041.PACLITAXEL.m1","SD"
"REF003.PACLITAXEL.m1","SD"
"REF003.PACLITAXEL.m2","SD"
"18674.PACLITAXEL.m1","CR"
"66817.PACLITAXEL.m1","SD"
"71208.PACLITAXEL.m1","PR"
"44721.PACLITAXEL.m1","PR"
"48602.PACLITAXEL.m1","CR"
"44205.PACLITAXEL.m1","SD"
"44205.PACLITAXEL.m2","PD"
"44205.PACLITAXEL.m3","SD"
"73230.PACLITAXEL.m1","CR"
"73230.PACLITAXEL.m2","CR"
"REF007.PACLITAXEL.m1","CR"
"REF007.PACLITAXEL.m2","CR"
"REF007.PACLITAXEL.m3","CR"
"70620.PACLITAXEL.m1","SD"
"70620.PACLITAXEL.m2","SD"
"69196.PACLITAXEL.m1","PR"
"53782.PACLITAXEL.m1","SD"
"REF014.PACLITAXEL.m1","PD"
"REF019.PACLITAXEL.m1","SD"
"REF019.PACLITAXEL.m2","SD"
"REF013.PACLITAXEL.m1","CR"
"REF013.PACLITAXEL.m2","CR"
"REF013.PACLITAXEL.m3","PR"
"REF009.PACLITAXEL.m1","PR"
"REF009.PACLITAXEL.m2","PR"
"REF006.PACLITAXEL.m1","SD"
"NOTCH18.PACLITAXEL.m1","CR"
"67455.PACLITAXEL.m1","CR"
"REF002.PACLITAXEL.m1","PR"
"100534.PACLITAXEL.m1","SD"
"REF024.PACLITAXEL.m1","SD"
"BXTO64.PACLITAXEL.m1","SD"
"BXTO64.PACLITAXEL.m2","PD"
"REF022.PACLITAXEL.m1","CR"
"REF022.PACLITAXEL.m2","CR"
"REF023.PACLITAXEL.m1","CR"
"REF047.PACLITAXEL.m1","PD"
"REF047.PACLITAXEL.m2","PD"
"REF047.PACLITAXEL.m3","PR"
"REF048.PACLITAXEL.m1","PD"
"REF048.PACLITAXEL.m2","PD"
"REF057.PACLITAXEL.m1","PD"
"REF052.PACLITAXEL.m1","SD"
"REF063.PACLITAXEL.m1","SD"
"REF037.PACLITAXEL.m1","PD"
"REFOV042.PACLITAXEL.m1","PR"
"REFOV042.PACLITAXEL.m2","PR"
"REF041.PACLITAXEL.m1","SD"
"REF041.PACLITAXEL.m2","CR"
"REF041.PACLITAXEL.m3","PR"
"95412.PACLITAXEL.m1","CR"
