,0
POTEF,0.0578721848177615
ANPEP,0.05563213355603868
ZNF521,-0.05366504561354202
FOLR1,0.048032228842959386
PLTP,-0.03866739229564937
BPIFB1,0.037034081009827524
AGT,-0.036927884186175576
H4C4,-0.03423759678314166
HOXB2,0.033252911850696565
CALML5,0.028023277779228657
TFAP2B,-0.025717406913457627
PCDHB8,0.024900839774455223
CCL5,0.02407333120730358
XYLT1,0.02314620998986898
VCAN,-0.022371244100112948
TAGLN,0.019345629602543768
SMOC2,0.019203513413547316
EFHD1,0.019192108676722452
HMGCS2,-0.019033552517367797
ADAMTS1,-0.01852371532112268
PIK3C2G,-0.018414076084683973
BEX4,0.017669466701871795
SCGB1D2,0.017643542759147424
SPARC,0.017226719171558304
BEX2,0.016841264763655602
GSTA1,0.016784132762631028
H3C12,-0.01609379625272409
NTN4,0.015006489891399247
TGFB2,0.014988908515646146
SORBS2,-0.014516188484764422
H4C12,-0.014428378437422906
PEG10,0.013369204154825341
LRRN1,0.013206954867764081
TNS4,0.012332579352449767
PLA2G4A,-0.01195970713241359
EGLN3,0.011772421617982231
AKR1C2,0.01159627014488513
H2BC9,0.011532478520297606
NCMAP,-0.011288619575946507
H4C13,-0.010874791041144392
MYL9,0.0096161718518228
SPRR1B,0.009500302793424288
KRT4,0.00904704943868592
KCTD14,-0.008503066531315037
PIP,0.00814127949411502
PKDCC,-0.007052929732399679
PDZK1,0.006898138034968995
SCUBE2,0.006721134408870238
CXCL10,0.006565615524589261
TMEM150C,0.0061859197543540235
PLBD1,-0.0061750777045174446
DMKN,0.006098992913942467
UGT8,-0.0059823091669081495
CDKN1A,0.005865669927263882
GOLGA8A,-0.00493660216292275
IGFBP5,0.004903786839911612
TNFRSF19,-0.004020141661194804
PODXL,-0.004004210603250056
PTGS2,-0.003986338111766545
COL5A1,0.003692496713489634
CKMT1A,-0.003589615783497425
BMPR1B,0.003319214297985406
S100A8,0.002906857715385124
CXCL14,0.002685080585163679
ADIRF,-0.00257476209621112
KLK11,0.0024396040093343486
SERPINA1,0.002413541604193033
AHNAK2,0.002179881585972761
CYP4X1,0.001916307205414486
TMC5,0.0017529631388752019
PRSS33,-0.0010168092501020788
AMOTL1,0.0008013071458040456
PEG3,0.0007445273676754308
HS6ST2,-0.0007235538537227271
KLHDC7B,0.0001943414253678184
