Model,Fold,AUROC,Spearman,Pearson
ElasticNet,1,1.0,0.6571428571428573,0.672782318213573
ElasticNet,2,0.85,0.5666666666666667,0.7945584841148879
ElasticNet,3,0.7777777777777779,0.6333333333333333,0.40430631310343024
ElasticNet,4,1.0,0.7527472527472527,0.8221461579405166
ElasticNet,5,0.875,0.6969696969696969,0.657701880562427
ElasticNet,6,0.7619047619047619,0.29696969696969694,0.1948682339737923
ElasticNet,7,0.9166666666666667,0.3272727272727273,0.629297702952375
ElasticNet,8,0.7,0.65,0.4904994417294113
ElasticNet,9,0.8333333333333334,0.6969696969696969,0.6345599912612843
ElasticNet,10,0.8571428571428571,0.6242424242424242,0.5785351597774039
ElasticNet,11,0.9166666666666667,0.8214285714285715,0.772339691151769
ElasticNet,12,0.8,0.4895104895104896,0.5163161527667547
ElasticNet,13,0.6875,0.46153846153846156,0.48797274606066177
ElasticNet,14,0.49999999999999994,0.28484848484848485,0.23261835070902062
ElasticNet,15,1.0,0.7380952380952381,0.8841422313738914
ElasticNet,16,0.8333333333333333,0.5357142857142858,0.44286951765573673
ElasticNet,17,0.9047619047619048,0.709090909090909,0.8526093465878724
ElasticNet,18,0.6785714285714286,0.6000000000000001,0.4498118012933923
ElasticNet,19,0.9,0.8186813186813187,0.7638602195452083
ElasticNet,20,0.8888888888888888,0.3939393939393939,0.45535898868461505
ElasticNet,21,0.7,0.3545454545454546,0.37711940024379714
ElasticNet,22,0.8800000000000001,0.5878787878787878,0.5427698520431959
ElasticNet,23,0.85,0.5499999999999999,0.794820476657843
ElasticNet,24,0.9,0.7666666666666667,0.7497805311188759
ElasticNet,25,1.0,0.6666666666666667,0.7499944482786514
RandomForest,1,0.875,0.48571428571428577,0.6059166587814585
RandomForest,2,0.825,0.6694619270045785,0.8452480442291117
RandomForest,3,0.6111111111111112,0.39999999999999997,0.34519971592815957
RandomForest,4,0.9047619047619049,0.4945054945054945,0.5476642159036927
RandomForest,5,0.7083333333333334,0.5393939393939393,0.5160260219677795
RandomForest,6,0.7619047619047619,0.33333333333333326,0.32563169580073237
RandomForest,7,0.6666666666666667,-0.03636363636363637,-0.03328460741358474
RandomForest,8,0.7,0.6,0.4061135697148222
RandomForest,9,0.7083333333333334,0.6484848484848483,0.5394411656478806
RandomForest,10,0.5714285714285714,0.09090909090909088,0.28617544950325996
RandomForest,11,0.75,0.642857142857143,0.577477524702456
RandomForest,12,0.8857142857142857,0.5664335664335665,0.6300878041801257
RandomForest,13,0.75,0.3636363636363637,0.4132173404994587
RandomForest,14,0.5833333333333333,0.43030303030303024,0.24243486157543684
RandomForest,15,0.6666666666666666,0.6666666666666669,0.5630271023767115
RandomForest,16,0.8333333333333333,0.5357142857142858,0.5077187029775071
RandomForest,17,0.8571428571428571,0.709090909090909,0.7331593926192372
RandomForest,18,0.625,0.3826889199656924,0.2657359946798571
RandomForest,19,0.9,0.7272754869387594,0.7074320144155987
RandomForest,20,0.8888888888888888,0.29696969696969694,0.45662079945688844
RandomForest,21,0.6,0.2545454545454546,0.04482105138950711
RandomForest,22,0.92,0.6969696969696969,0.7501798536906968
RandomForest,23,0.7,0.2833333333333333,0.5003953477157781
RandomForest,24,1.0,0.8833333333333333,0.8423960574132475
RandomForest,25,0.9500000000000001,0.6333333333333333,0.6705201906722071
LassoedRF,1,0.875,0.7714285714285715,0.7782504796886079
LassoedRF,2,0.75,0.5666666666666667,0.7955231306259681
LassoedRF,3,0.5555555555555556,0.39999999999999997,0.33885808692024405
LassoedRF,4,0.9047619047619049,0.42857142857142855,0.5504193142941999
LassoedRF,5,0.6666666666666666,0.5515151515151515,0.7328412458816596
LassoedRF,6,0.6190476190476191,0.309090909090909,0.29843013316023836
LassoedRF,7,0.625,-0.02727272727272728,-0.05116378951338723
LassoedRF,8,0.75,0.5833333333333334,0.5953818160853476
LassoedRF,9,0.7083333333333334,0.5757575757575757,0.5722322751281386
LassoedRF,10,0.47619047619047616,0.0303030303030303,0.09406240031329911
LassoedRF,11,0.6666666666666667,0.5357142857142858,0.5869142233689104
LassoedRF,12,0.8571428571428571,0.5034965034965035,0.5816220921161042
LassoedRF,13,0.84375,0.43356643356643365,0.517993173592078
LassoedRF,14,0.5416666666666666,0.2606060606060606,0.30650448163814425
LassoedRF,15,0.8,0.8095238095238096,0.6147440860442044
LassoedRF,16,0.75,0.21428571428571433,0.31798222476991606
LassoedRF,17,0.9285714285714286,0.5835893219328621,0.6999330882956724
LassoedRF,18,0.7857142857142857,0.6636363636363638,0.6502363387810115
LassoedRF,19,0.95,0.6868131868131868,0.7842438936703503
LassoedRF,20,0.8888888888888888,0.29696969696969694,0.5052600063735239
LassoedRF,21,0.7,0.21818181818181823,0.28991123598555346
LassoedRF,22,0.92,0.7696969696969697,0.7523303345014246
LassoedRF,23,0.7,0.26666666666666666,0.3693229738886344
LassoedRF,24,0.9,0.75,0.7391057381325262
LassoedRF,25,0.85,0.48333333333333334,0.5425952740375897
