n_hvg,max_depth,min_samples_leaf,Fold,Reason,n_train_extreme,n_test_extreme,n_train_slow,n_test_slow
100,3,1,13,test_extremes_have_one_class,12,4,6,0
100,3,1,22,test_extremes_have_one_class,12,3,6,0
100,3,2,13,test_extremes_have_one_class,12,4,6,0
100,3,2,22,test_extremes_have_one_class,12,3,6,0
100,3,5,13,test_extremes_have_one_class,12,4,6,0
100,3,5,22,test_extremes_have_one_class,12,3,6,0
100,4,1,13,test_extremes_have_one_class,12,4,6,0
100,4,1,22,test_extremes_have_one_class,12,3,6,0
100,4,2,13,test_extremes_have_one_class,12,4,6,0
100,4,2,22,test_extremes_have_one_class,12,3,6,0
100,4,5,13,test_extremes_have_one_class,12,4,6,0
100,4,5,22,test_extremes_have_one_class,12,3,6,0
100,6,1,13,test_extremes_have_one_class,12,4,6,0
100,6,1,22,test_extremes_have_one_class,12,3,6,0
100,6,2,13,test_extremes_have_one_class,12,4,6,0
100,6,2,22,test_extremes_have_one_class,12,3,6,0
100,6,5,13,test_extremes_have_one_class,12,4,6,0
100,6,5,22,test_extremes_have_one_class,12,3,6,0
300,3,1,13,test_extremes_have_one_class,12,4,6,0
300,3,1,22,test_extremes_have_one_class,12,3,6,0
300,3,2,13,test_extremes_have_one_class,12,4,6,0
300,3,2,22,test_extremes_have_one_class,12,3,6,0
300,3,5,13,test_extremes_have_one_class,12,4,6,0
300,3,5,22,test_extremes_have_one_class,12,3,6,0
300,4,1,13,test_extremes_have_one_class,12,4,6,0
300,4,1,22,test_extremes_have_one_class,12,3,6,0
300,4,2,13,test_extremes_have_one_class,12,4,6,0
300,4,2,22,test_extremes_have_one_class,12,3,6,0
300,4,5,13,test_extremes_have_one_class,12,4,6,0
300,4,5,22,test_extremes_have_one_class,12,3,6,0
300,6,1,13,test_extremes_have_one_class,12,4,6,0
300,6,1,22,test_extremes_have_one_class,12,3,6,0
300,6,2,13,test_extremes_have_one_class,12,4,6,0
300,6,2,22,test_extremes_have_one_class,12,3,6,0
300,6,5,13,test_extremes_have_one_class,12,4,6,0
300,6,5,22,test_extremes_have_one_class,12,3,6,0
600,3,1,13,test_extremes_have_one_class,12,4,6,0
600,3,1,22,test_extremes_have_one_class,12,3,6,0
600,3,2,13,test_extremes_have_one_class,12,4,6,0
600,3,2,22,test_extremes_have_one_class,12,3,6,0
600,3,5,13,test_extremes_have_one_class,12,4,6,0
600,3,5,22,test_extremes_have_one_class,12,3,6,0
600,4,1,13,test_extremes_have_one_class,12,4,6,0
600,4,1,22,test_extremes_have_one_class,12,3,6,0
600,4,2,13,test_extremes_have_one_class,12,4,6,0
600,4,2,22,test_extremes_have_one_class,12,3,6,0
600,4,5,13,test_extremes_have_one_class,12,4,6,0
600,4,5,22,test_extremes_have_one_class,12,3,6,0
600,6,1,13,test_extremes_have_one_class,12,4,6,0
600,6,1,22,test_extremes_have_one_class,12,3,6,0
600,6,2,13,test_extremes_have_one_class,12,4,6,0
600,6,2,22,test_extremes_have_one_class,12,3,6,0
600,6,5,13,test_extremes_have_one_class,12,4,6,0
600,6,5,22,test_extremes_have_one_class,12,3,6,0
