Fold,Repeat,Model,selected_max_depth,selected_min_samples_leaf,inner_cv_auroc
1,1,RandomForest,6,1,0.565
1,1,LassoedForest,3,1,0.5
2,1,RandomForest,3,1,0.8600000000000001
2,1,LassoedForest,3,1,0.5
3,1,RandomForest,3,2,0.7000000000000001
3,1,LassoedForest,3,1,0.5
4,1,RandomForest,6,1,0.61
4,1,LassoedForest,3,1,0.5
5,1,RandomForest,3,2,0.79
5,1,LassoedForest,3,1,0.5
6,2,RandomForest,6,1,0.735
6,2,LassoedForest,3,1,0.5
7,2,RandomForest,6,2,0.7000000000000001
7,2,LassoedForest,3,1,0.5
8,2,RandomForest,6,1,0.66
8,2,LassoedForest,3,1,0.5
9,2,RandomForest,3,1,0.76
9,2,LassoedForest,3,1,0.5
10,2,RandomForest,6,2,0.81
10,2,LassoedForest,3,1,0.5
11,3,RandomForest,3,1,0.79
11,3,LassoedForest,3,1,0.5
12,3,RandomForest,3,1,0.7100000000000001
12,3,LassoedForest,3,1,0.5
13,3,RandomForest,3,1,0.74
13,3,LassoedForest,3,1,0.5
14,3,RandomForest,3,2,0.8500000000000001
14,3,LassoedForest,3,1,0.5
15,3,RandomForest,3,1,0.7300000000000001
15,3,LassoedForest,3,1,0.5
16,4,RandomForest,3,2,0.26
16,4,LassoedForest,3,1,0.5
17,4,RandomForest,3,2,0.73
17,4,LassoedForest,3,1,0.5
18,4,RandomForest,3,1,0.71
18,4,LassoedForest,3,1,0.5
19,4,RandomForest,3,1,0.8799999999999999
19,4,LassoedForest,3,1,0.5
20,4,RandomForest,3,1,0.8300000000000001
20,4,LassoedForest,3,1,0.5
21,5,RandomForest,3,1,0.79
21,5,LassoedForest,3,1,0.5
22,5,RandomForest,6,1,0.59
22,5,LassoedForest,3,1,0.5
23,5,RandomForest,3,1,0.8099999999999999
23,5,LassoedForest,3,1,0.5
24,5,RandomForest,3,1,0.78
24,5,LassoedForest,3,1,0.5
25,5,RandomForest,6,2,0.7400000000000001
25,5,LassoedForest,3,1,0.5
26,6,RandomForest,3,2,0.85
26,6,LassoedForest,3,1,0.5
27,6,RandomForest,3,1,0.6100000000000001
27,6,LassoedForest,3,1,0.5
28,6,RandomForest,6,1,0.825
28,6,LassoedForest,3,1,0.5
29,6,RandomForest,3,2,0.6200000000000001
29,6,LassoedForest,3,1,0.5
30,6,RandomForest,6,1,0.615
30,6,LassoedForest,3,1,0.5
31,7,RandomForest,6,2,0.61
31,7,LassoedForest,3,1,0.5
32,7,RandomForest,3,1,0.74
32,7,LassoedForest,3,1,0.5
33,7,RandomForest,6,1,0.6799999999999999
33,7,LassoedForest,3,1,0.5
34,7,RandomForest,3,2,0.9200000000000002
34,7,LassoedForest,3,1,0.5
35,7,RandomForest,6,1,0.7550000000000001
35,7,LassoedForest,3,1,0.5
36,8,RandomForest,3,2,0.68
36,8,LassoedForest,3,1,0.5
37,8,RandomForest,6,1,0.645
37,8,LassoedForest,3,1,0.5
38,8,RandomForest,3,1,0.8200000000000001
38,8,LassoedForest,3,1,0.5
39,8,RandomForest,3,1,0.78
39,8,LassoedForest,3,1,0.5
40,8,RandomForest,3,2,0.68
40,8,LassoedForest,3,1,0.5
41,9,RandomForest,3,2,0.78
41,9,LassoedForest,3,1,0.5
42,9,RandomForest,3,2,0.6799999999999999
42,9,LassoedForest,3,1,0.5
43,9,RandomForest,6,1,0.78
43,9,LassoedForest,3,1,0.5
44,9,RandomForest,3,1,0.7000000000000001
44,9,LassoedForest,3,1,0.5
45,9,RandomForest,6,1,0.8400000000000001
45,9,LassoedForest,3,1,0.5
46,10,RandomForest,6,1,0.72
46,10,LassoedForest,3,1,0.5
47,10,RandomForest,6,2,0.8500000000000001
47,10,LassoedForest,3,1,0.5
48,10,RandomForest,6,1,0.575
48,10,LassoedForest,3,1,0.5
49,10,RandomForest,3,1,0.7000000000000001
49,10,LassoedForest,3,1,0.5
50,10,RandomForest,3,2,0.68
50,10,LassoedForest,3,1,0.5
