modelID,mean_growth_rate_k,sd_mouse_doubling_time,n_mice,mean_r2,min_r2,max_day_used,doubling_time_days
BPTO180,0.06613632286552551,,1,0.8793226865023069,0.8793226865023069,28,10.480582386917947
BPTO200,0.022834879701446084,,1,0.8268625533140004,0.8268625533140004,29,30.354755077428752
BPTO51,0.03208128448102666,,1,0.8560592842536022,0.8560592842536022,33,21.605967210255645
BPTO95,0.023528968002984502,,1,0.9222637645178613,0.9222637645178613,35,29.45931077266219
BXTO64,0.031232814469831692,11.716253365232859,5,0.944413532985932,0.8856573792751058,35,22.192914481961527
INSB014,0.10514727023192348,3.062501554563069,14,0.9567735491165632,0.8902007632484153,35,6.592155735770121
INSB019,0.040845075551354366,7.175592721380218,8,0.916769207353453,0.8045665526100733,35,16.970152979358645
NOTCH01,0.1023038978208974,10.517573752379622,20,0.9416459918621323,0.8365563332171163,35,6.7753741091413
NOTCH06,0.06137799426988711,3.5575705364176287,24,0.952077036739779,0.8291791604818772,35,11.29308946643134
NOTCH10,0.04563102124473295,5.543582698494213,12,0.8861533331889877,0.8272698210215423,35,15.190262274481817
NOTCH18,0.05278512306729454,5.926586931096386,3,0.8755418452071418,0.8165457062590701,35,13.131487439676286
NOTCHB01,0.05198136683687406,6.280461335257137,19,0.9054250962719493,0.8121967497150576,35,13.334531635829302
NOTCHB03,0.04013492358945641,9.297813075895725,10,0.9013911942056867,0.8082385800593239,35,17.270424821290494
REF001,0.04526306905522531,5.050756319373783,12,0.9251907509928149,0.8004116205992623,35,15.313746836615051
REF002,0.037016227744580986,3.6290440287804677,4,0.9484323895015552,0.8999984352404324,34,18.725494811162086
REF004,0.08914428666296685,3.2206632241958735,11,0.9294913296632824,0.8029826310130554,34,7.7755648343518455
REF005,0.05796233261278481,4.905297231174294,17,0.9439330096883748,0.8074317672059084,35,11.95857981062441
REF006,0.059226317296241296,9.715906215595439,7,0.9383913011657159,0.8534721675341085,35,11.703364521094995
REF007,0.03978662719278585,5.817202493035057,7,0.9476419806487412,0.9196935477336801,35,17.42161197030613
REF009,0.03201754257994436,19.515657074308685,7,0.9138112307434676,0.8793666068301147,35,21.648981299212185
REF010,0.044333728691611764,6.888704330279529,8,0.9499277781034104,0.891792144765493,35,15.634759381091564
REF013,0.06719049046420429,4.721622262084782,5,0.9705621136457692,0.9571247665566198,35,10.316150035088956
REF014,0.026079104340390055,6.755814223648811,9,0.9182401376230074,0.8508838767622289,35,26.578642100312948
REF016,0.06130861591938094,4.451511141742294,24,0.9368530665945567,0.8216690201836081,35,11.305869006591402
REF019,0.06340501402673947,6.8142308636617654,11,0.943397915280121,0.8774824075620318,35,10.932056260844417
REF020,0.04773921327611675,12.246758990925304,7,0.9538466715127536,0.8565669201040382,35,14.519451264328165
REF022,0.033950221720658515,13.769804300600203,16,0.9176949833123289,0.8199838290291968,35,20.41657301278151
REF023,0.034223660253210095,19.631392994599796,7,0.9110245792836543,0.816549858665019,35,20.253449672874478
REF025,0.027176368337605995,18.84565414575588,3,0.8734189456934419,0.817809301771379,35,25.505511698587966
REF030,0.042528768509280016,,1,0.9412213078212537,0.9412213078212537,34,16.2983129974407
REF032,0.03367640081290298,13.333548396098628,3,0.8698437528503659,0.8551141939236654,29,20.582579011661146
REF034,0.01912062509533591,,1,0.8848705289939803,0.8848705289939803,33,36.251282429517666
REF035,0.0582360795662228,7.764110364538022,14,0.9332187147108574,0.8282046874876493,35,11.90236680976674
REF036,0.04693799905367365,5.219153116879506,5,0.9323697884397035,0.8680897190592469,34,14.767292908403078
REF037,0.06980033328848413,,1,0.8775094938735566,0.8775094938735566,35,9.930427949321881
REF043,0.06470664661552078,2.6315303505632888,4,0.9052728046206873,0.8089098468065639,34,10.712148083929362
REF044,0.06624950856857927,2.9927866845528,9,0.9372076413055255,0.8821984635839492,35,10.462676562233252
REF045,0.06594596409001352,,1,0.9731613585045353,0.9731613585045353,29,10.51083550183341
REF047,0.06728393939731811,2.8037139503571367,13,0.9379387586233565,0.8311138965756136,35,10.301822199601673
REF048,0.10325343717953867,1.624692195001341,13,0.9462786255525205,0.8361097435909826,35,6.713066407219842
REF052,0.041998423713857466,6.878524447831156,5,0.8908243062031118,0.8086125258697973,35,16.504123709081966
REF057,0.0357476481253237,,1,0.8760267904823481,0.8760267904823481,33,19.390007928071736
REF061,0.05077685143005522,,1,0.9800074848785465,0.9800074848785465,31,13.650849964865408
REF062,0.0893420284679656,1.9490545061704108,8,0.9401315592377165,0.880354643257211,28,7.758355081544623
REF063,0.0992484502925044,1.4494630957648003,4,0.8958379040228299,0.8162605163587859,22,6.98395973455612
REFOV042,0.053188481165770476,,1,0.9942825659639197,0.9942825659639197,29,13.031904001914256
S01-1104,0.059506625480102125,5.052407964671825,6,0.9289191935583134,0.865341377892423,34,11.648235385011379
S100534,0.03553456677904457,7.10750843032612,4,0.9232099272761402,0.9063660633131997,34,19.506279192031904
S100672,0.023826644161415698,6.928591481249809,3,0.8805245905209125,0.8074888058449254,34,29.09126337154988
S100804,0.02152021212825914,0.08513788548721149,2,0.9042462234371007,0.8606677868344574,34,32.20912398208859
S104987,0.056039182745137986,,1,0.9934180635654173,0.9934180635654173,20,12.368973753816626
S108045,0.0635122537982218,,1,0.9224237704278505,0.9224237704278505,34,10.913597599009341
S108099,0.026964751581248433,,1,0.9415595636515998,0.9415595636515998,33,25.70567648180994
S16720,0.0343944224119904,0.788703518007836,4,0.8979397106365622,0.8465431666753006,34,20.152894915842634
S17518,0.08332891106772135,8.516549706642282,3,0.9605545354669394,0.9364502470106384,27,8.318207590599918
S178200,0.06699838759262121,1.435960332965411,3,0.9518890639899581,0.8940098902796495,35,10.345729284928108
S18674,0.037374990961108155,4.933978486961002,6,0.9070549309811016,0.8422129023416448,35,18.545748446634374
S20710,0.020482880535005427,,1,0.8583784389651006,0.8583784389651006,35,33.84031749710938
S23223,0.03376407923026995,9.437614695967651,2,0.8513773862977381,0.8414533203248735,35,20.529130258008916
S241417,0.036641954713840116,12.33103106930309,8,0.8943394059775015,0.812165935757036,35,18.916763201449378
S28077,0.03310332394525519,8.698589638301044,4,0.903728967037269,0.848151536545643,35,20.93889972216208
S28992,0.1380478355794181,1.46845515331926,4,0.962777418047494,0.9421362758625449,15,5.021065181142821
S38807,0.030225042776352122,4.39942144547412,4,0.909773907542277,0.8264309338684617,34,22.932876743594196
S44205,0.01733040374984818,10.8311041560565,3,0.8643019346628723,0.8209493880315664,35,39.996020321570256
S44441,0.05714962643647329,25.4984130852537,3,0.927424351971505,0.8605570023669881,35,12.128638869239817
S44721,0.021910194022280113,,1,0.899988295454944,0.899988295454944,34,31.635830328800164
S47904,0.043407419884219804,6.375486260076737,10,0.9471600523482391,0.8748807298649414,35,15.968403153395666
S48041,0.0463022828609064,,1,0.9561288843710267,0.9561288843710267,28,14.970043326852425
S48342,0.08519400222975533,2.385724313206679,14,0.9652612486020941,0.9086468136942499,35,8.136103040336481
S48602,0.03181872643430622,14.218346448182482,4,0.9120601791542686,0.8442754808761105,34,21.784252804430597
S53522,0.15038818702244267,1.9997589302784138,4,0.9845083111696633,0.9437334132084652,30,4.609053372366978
S53782,0.017266644357633833,,1,0.9353760215347746,0.9353760215347746,35,40.14371097262421
S65465,0.04182644504405987,8.168223958699894,13,0.9163006601669691,0.8437371396896586,35,16.571984060079355
S66280,0.03604623192133893,,1,0.9278711806375228,0.9278711806375228,19,19.229393576353555
S66292,0.06674925386757254,1.461045591675776,8,0.9050377591961387,0.854572536009157,35,10.384343500454964
S66684,0.0216882216996493,,1,0.9228923927545427,0.9228923927545427,30,31.959613386428703
S66817,0.029759938342682805,,1,0.9347518196232913,0.9347518196232913,34,23.291284161224485
S67725,0.07321603919425743,5.695592090979586,11,0.9484371212236073,0.9104352314230025,34,9.467149386774135
S67870,0.2730211807602337,0.10424049013001416,3,0.9092801523584982,0.8588781384555143,19,2.53880368779397
S67990,0.03449561074161428,9.39083529066059,6,0.9192076211021699,0.8557184894259661,35,20.09377905356977
S69196,0.03578204670546808,8.579254460987212,11,0.8819691686083988,0.8318719942422902,34,19.371367609724267
S69693,0.06720688909385011,3.9105355776696324,10,0.9091812790086806,0.8015607804210142,35,10.31363287165412
S70620,0.03697182164382534,4.070731635990837,5,0.9212319131055706,0.8803298220881465,34,18.74798562098191
S71208,0.03048343456697332,,1,0.9419956725449753,0.9419956725449753,35,22.73848699814561
S71335,0.05180201201066559,4.279937565620159,10,0.9207519419391629,0.8773148073600937,35,13.38069997005584
S71732,0.0729134478806873,2.859083704428868,12,0.9317232298795037,0.8738221999389454,34,9.506438122281423
S72642,0.08141696460618295,8.879704545653826,6,0.9302492612369445,0.8152951506998961,34,8.513547316738292
S72877,0.016928358875066333,,1,0.8152001343948932,0.8152001343948932,33,40.945917184026456
S72955,0.11301389470815373,2.5141513268316484,4,0.9850133838265511,0.9690636780694789,22,6.13329168373432
S73009,0.17285099701978945,0.28124681722559497,2,0.9465588423805038,0.9232610370575287,17,4.010084943164013
S73062,0.05531237325108591,4.175401496165229,12,0.9461351957407172,0.8089404149132335,34,12.531503166813353
S73230,0.05332292978455032,4.810166699921134,13,0.9268181193008413,0.8243355418126684,34,12.999045314287596
S73263,0.050168695504559796,5.757880928289802,11,0.915309009333673,0.8211630860640167,35,13.816328560844195
S73471,0.05485089860634069,5.1266205125468165,19,0.9189337328931827,0.8177709721894131,35,12.63693390940761
S85277,0.058997846395329095,5.087359230934699,13,0.943612830321035,0.8610070366765797,35,11.748686145513648
S91142,0.12993897059187573,,1,0.9996743538453615,0.9996743538453615,14,5.334405662924987
