mouse_id,modelID_raw,n_points_early,max_day_used,status,reason_excluded,growth_rate_k,doubling_time_days,r2
f1.PHLC402.TPX.control.P603,f1,8,25,retained,keep,0.06229793895851203,11.1263260414049,0.8569924220477084
f1.PHLC402.TPX.control.P607,f1,8,25,retained,keep,0.06725870139568271,10.305687831856323,0.9498909890350632
f1.PHLC402.TPX.control.P608,f1,8,25,retained,keep,0.09642760693525507,7.1882648817091255,0.9282709929318582
f1.PHLC402.TPX.control.P609,f1,8,25,retained,keep,0.07896216101433352,8.778219487105,0.9099895774039707
f1.PHLC402.TPX.control.P610,f1,8,25,retained,keep,0.06590349680600656,10.517608536012776,0.8979685843537684
f1.PHLC402.TPX.control.P613,f1,8,25,retained,keep,0.07879765834355494,8.796545419380974,0.9353226302795932
f10.PHLC148.TPX.control.P1101,f10,6,17,retained,keep,0.0938215649896353,7.387930276333793,0.8501129938218241
f10.PHLC148.TPX.control.P1104,f10,6,17,retained,keep,0.08459271331195707,8.19393483696154,0.8391533290303644
f10.PHLC148.TPX.control.P1107,f10,6,17,retained,keep,0.09307341345465907,7.4473166378239,0.9576427136678045
f10.PHLC148.TPX.control.P1113,f10,9,28,retained,keep,0.055177442731567994,12.562147614053586,0.8833140271232026
f10.PHLC148.TPX.control.P1117,f10,9,28,retained,keep,0.055130695525637,12.572799489489778,0.8744532654592293
f10.PHLC148.TPX.control.P1126,f10,9,28,retained,keep,0.045424787071403974,15.259227951258765,0.9156750976687204
f11.PHLC148.TPX.control.P601,f11,5,14,retained,keep,0.0724583753487013,9.566143005887433,0.9909900549026718
f11.PHLC148.TPX.control.P606,f11,5,14,retained,keep,0.06548344336748005,10.58507532461513,0.8912022025593334
f11.PHLC148.TPX.control.P608,f11,5,14,retained,keep,0.05545487737430768,12.49930057335374,0.8934647950332316
f11.PHLC148.TPX.control.P609,f11,5,14,excluded,low_r2,0.03731731363027068,,0.5668689098611086
f11.PHLC148.TPX.control.P614,f11,5,14,retained,keep,0.09813761062408397,7.063012601917169,0.9653507930646763
f12.PHLC148.TPX.control.P801,f12,6,19,retained,keep,0.11925668277162621,5.812229255842259,0.9000793063629466
f12.PHLC148.TPX.control.P803,f12,6,19,retained,keep,0.08086315720071903,8.571854037796362,0.82931832253442
f12.PHLC148.TPX.control.P804,f12,6,19,excluded,low_r2,0.022471591790295436,,0.3919691466401769
f12.PHLC148.TPX.control.P808,f12,6,19,retained,keep,0.06729131078785289,10.30069369201631,0.9402138024251406
f12.PHLC148.TPX.control.P810,f12,6,19,retained,keep,0.08256780887407204,8.394884035461034,0.960290209821484
f13.PHLC164.TPX.control.P102,f13,11,35,retained,keep,0.0668440914595087,10.36961031895877,0.9259866721745592
f13.PHLC164.TPX.control.P11,f13,11,35,retained,keep,0.06533402440228278,10.609283400208339,0.942312213052171
f13.PHLC164.TPX.control.P111,f13,11,35,retained,keep,0.05735932499576925,12.084298073784357,0.9351317498812054
f13.PHLC164.TPX.control.P122,f13,11,35,retained,keep,0.05681247881349657,12.200614988749248,0.9135192437507731
f13.PHLC164.TPX.control.P123,f13,11,35,retained,keep,0.040862830584196375,16.96277939267425,0.8522153990401479
f13.PHLC164.TPX.control.P131,f13,11,35,retained,keep,0.07319196834248105,9.470262875245542,0.9538511402349155
f13.PHLC164.TPX.control.P135,f13,11,35,retained,keep,0.06891264514795713,10.058345301820028,0.9675904483225604
f13.PHLC164.TPX.control.P145,f13,11,35,retained,keep,0.08216855449527667,8.435674508546816,0.957325362768229
f13.PHLC164.TPX.control.P154,f13,11,35,retained,keep,0.0803495685517267,8.626644710776729,0.967673645875343
f13.PHLC164.TPX.control.P172,f13,11,35,retained,keep,0.07477594683169524,9.269654346471496,0.9439433811768054
f13.PHLC164.TPX.control.P175,f13,11,35,retained,keep,0.07537881006329551,9.195517679012315,0.8767428969897512
f13.PHLC164.TPX.control.P194,f13,11,35,retained,keep,0.07659023584846443,9.050072413033865,0.935808388289518
f13.PHLC164.TPX.control.P52,f13,11,35,retained,keep,0.06324059927204112,10.960477739596437,0.8068713142977034
f13.PHLC164.TPX.control.P53,f13,11,35,retained,keep,0.059054002912574274,11.737513908855695,0.9559973657478893
f13.PHLC164.TPX.control.P75,f13,11,35,retained,keep,0.05942644718159611,11.663951210844173,0.8711673443585842
f13.PHLC164.TPX.control.P81,f13,11,35,retained,keep,0.06105746795219938,11.352373490210825,0.9323711080530576
f13.PHLC164.TPX.control.P82,f13,11,35,retained,keep,0.06276327984163144,11.043832991343685,0.9571194648424705
f13.PHLC164.TPX.control.P84,f13,11,35,retained,keep,0.056647975676465845,12.236045018073087,0.8504881008198215
f14.PHLC164.TPX.control.P1201,f14,5,15,retained,keep,0.07803182744261548,8.882877708710396,0.9489212614532074
f14.PHLC164.TPX.control.P1206,f14,3,8,retained,keep,0.06830892554135916,10.147241741348484,0.9940087618881799
f14.PHLC164.TPX.control.P1208,f14,7,22,retained,keep,0.07207071008208399,9.617598879912443,0.9692888484083737
f14.PHLC164.TPX.control.P1210,f14,7,22,excluded,low_r2,0.044949698687662944,,0.591292069747519
f14.PHLC164.TPX.control.P1213,f14,7,22,retained,keep,0.04850652786763922,14.289771109805066,0.8295049024463236
f14.PHLC164.TPX.control.P1216,f14,7,22,retained,keep,0.04679608103289399,14.812077534285766,0.9043074473320373
f14.PHLC164.TPX.control.P1218,f14,7,22,retained,keep,0.05686890252584597,12.188509884552834,0.9437445868072933
f14.PHLC164.TPX.control.P1224,f14,7,22,retained,keep,0.05594442697224045,12.389923680939372,0.946842639447172
f14.PHLC164.TPX.control.P1229,f14,5,15,retained,keep,0.06818987140652993,10.164958024742202,0.9825004060524125
f14.PHLC164.TPX.control.P1231,f14,5,15,excluded,low_r2,0.04390363332752682,,0.7855666690623577
f15.PHLC164.TPX.control.P15,f15,8,24,retained,keep,0.027937937975553745,24.810248385777896,0.9558409302674896
f15.PHLC164.TPX.control.P16,f15,5,14,retained,keep,0.026734266295671306,25.927293941565047,0.9047314984195906
f15.PHLC164.TPX.control.P2,f15,10,31,retained,keep,0.026589233380027052,26.06871626019178,0.8235400337004729
f15.PHLC164.TPX.control.P5,f15,11,35,retained,keep,0.03409486969582755,20.329955408064546,0.9678869580741235
f15.PHLC164.TPX.control.P7,f15,8,24,excluded,low_r2,0.015444495813287093,,0.7782245521357392
f15.PHLC164.TPX.control.P9,f15,11,35,retained,keep,0.02946571749464141,23.52385210663884,0.9562558584471126
f16.PHLC164.TPX.control.P1802,f16,11,35,retained,keep,0.02506600108289643,27.65288241501387,0.9268755754481335
f16.PHLC164.TPX.control.P1813,f16,9,28,excluded,low_r2,0.059133693243674165,,0.7711610032904459
f16.PHLC164.TPX.control.P1824,f16,9,28,retained,keep,0.0639258177706016,10.84299278027714,0.9524486798204794
f16.PHLC164.TPX.control.P1832,f16,8,25,retained,keep,0.06477692150849193,10.700526737274433,0.9287857536315609
f16.PHLC164.TPX.control.P1833,f16,9,28,retained,keep,0.056060358235459976,12.364301663015551,0.9708264726493802
f17.PHLC164.TPX.control.P702,f17,11,35,retained,keep,0.03900144199138073,17.772347512513253,0.9714956994919587
f17.PHLC164.TPX.control.P705,f17,11,35,retained,keep,0.06565655744026354,10.55716607119697,0.9778517566151403
f17.PHLC164.TPX.control.P707,f17,11,35,retained,keep,0.06797246173944171,10.197470605331034,0.9885170713074906
f2.PHLC402.TPX.control.P503,f2,8,25,retained,keep,0.05870936347700045,11.806416208744754,0.9762299126838699
f2.PHLC402.TPX.control.P505,f2,8,25,excluded,low_r2,0.035370917351919495,,0.7321840827185022
f2.PHLC402.TPX.control.P507,f2,8,25,retained,keep,0.04796665270887559,14.450605606500611,0.928361322416029
f2.PHLC402.TPX.control.P510,f2,8,25,retained,keep,0.06824316847449162,10.157019318630178,0.8539303597899353
f2.PHLC402.TPX.control.P513,f2,8,25,retained,keep,0.06137296063847497,11.294015692725248,0.9533520810238426
f20.PHLC164.TPX.control.P11,f20,7,21,retained,keep,0.06407402786223029,10.817911776208698,0.9540586855459066
f20.PHLC164.TPX.control.P4,f20,7,21,retained,keep,0.0681616691525599,10.169163830312586,0.9870831556161812
f20.PHLC164.TPX.control.P7,f20,3,7,retained,keep,0.04978190154067899,13.923678266760142,0.9769566353533753
f20.PHLC164.TPX.control.P9,f20,3,7,retained,keep,0.08793089816567502,7.882862509307614,0.9994388356255245
f21.PHLC164.TPX.control.P1,f21,8,27,retained,keep,0.028161094451967763,24.613644961213907,0.9025473390337534
f21.PHLC164.TPX.control.P3,f21,8,27,retained,keep,0.04737444965515674,14.63124501931804,0.9324744474547896
f21.PHLC164.TPX.control.P5,f21,8,27,retained,keep,0.03665577784739094,18.909629566332654,0.9249446570224649
f21.PHLC164.TPX.control.P8,f21,8,27,retained,keep,0.047237055092698675,14.673801726202095,0.9613950993871432
f21.PHLC164.TPX.control.P9,f21,6,15,retained,keep,0.06786591232651741,10.213480623749167,0.9716142783706003
f22.PHLC164.TPX.control.P1,f22,8,24,retained,keep,0.033546798069253446,20.662096547307552,0.922687480223047
f22.PHLC164.TPX.control.P11,f22,8,24,retained,keep,0.0570227425529834,12.155626852144104,0.9544191867412073
f22.PHLC164.TPX.control.P12,f22,8,24,retained,keep,0.051738909920711354,13.3970194119315,0.9137449889674523
f22.PHLC164.TPX.control.P4,f22,8,24,retained,keep,0.05461298799427302,12.691984196737817,0.9871841097285403
f22.PHLC164.TPX.control.P6,f22,8,24,retained,keep,0.056465695151676785,12.275544978203671,0.9385464095912155
f22.PHLC164.TPX.control.P9,f22,8,24,retained,keep,0.05663944782166199,12.237887324439068,0.9355985678125387
f23.PHLC164.TPX.control.P14,f23,4,10,retained,keep,0.05253441372673306,13.194154676693865,0.9150473451299149
f23.PHLC164.TPX.control.P16,f23,4,10,retained,keep,0.06424929052970449,10.788402095109227,0.9808776327128147
f23.PHLC164.TPX.control.P25,f23,4,10,retained,keep,0.05246057520546355,13.212725515212362,0.9980825664530822
f23.PHLC164.TPX.control.P26,f23,4,10,retained,keep,0.07922900174689015,8.74865472588328,0.9917302727000408
f23.PHLC164.TPX.control.P28,f23,4,10,retained,keep,0.06674807217282079,10.384527342831461,0.9690049268386131
f23.PHLC164.TPX.control.P7,f23,4,10,retained,keep,0.08643973699221805,8.018848791989587,0.9629459469718081
f24.PHLC164.TPX.control.P1,f24,8,24,retained,keep,0.03926361622207142,17.653676539612864,0.8200934443696409
f24.PHLC164.TPX.control.P10,f24,8,24,excluded,low_r2,0.04105262488662213,,0.7947518607987586
f24.PHLC164.TPX.control.P15,f24,8,24,excluded,low_r2,0.0337959621844255,,0.7252761178817804
f24.PHLC164.TPX.control.P5,f24,8,24,retained,keep,0.05512504240658627,12.574088840558042,0.9507249422705543
f24.PHLC164.TPX.control.P7,f24,8,24,retained,keep,0.060642361477505485,11.43008226711388,0.9785824246993733
f24.PHLC164.TPX.control.P8,f24,8,24,retained,keep,0.07270830137105846,9.533260542321685,0.9273372732067366
f24.PHLC164.TPX.control.P9,f24,8,24,excluded,low_r2,0.035029940855671536,,0.7380497370651375
f25.PHLC164.TPX.control.P804,f25,9,28,retained,keep,0.0867310994047886,7.991910460225012,0.9051580707491942
f25.PHLC164.TPX.control.P805,f25,11,35,retained,keep,0.06973318110393885,9.939990827706456,0.9565882449040813
f25.PHLC164.TPX.control.P806,f25,9,28,retained,keep,0.07223177869985284,9.596152732721746,0.964950795675138
f25.PHLC164.TPX.control.P807,f25,9,28,retained,keep,0.0743916422059537,9.317541057111807,0.9928332284531084
f25.PHLC164.TPX.control.P808,f25,9,28,retained,keep,0.0705376829207658,9.826622478350329,0.9573196037864754
f25.PHLC164.TPX.control.P812,f25,9,28,retained,keep,0.09603581478682123,7.217590459336263,0.9427941675697509
f25.PHLC164.TPX.control.P813,f25,9,28,retained,keep,0.09148526141181994,7.57659944195547,0.9240144598647968
f25.PHLC164.TPX.control.P817,f25,11,35,retained,keep,0.051389833321730444,13.488021574626213,0.9379153628157
f25.PHLC164.TPX.control.P818,f25,11,35,retained,keep,0.05517590005807993,12.562498841528933,0.9416663909240452
f25.PHLC164.TPX.control.P820,f25,11,35,retained,keep,0.06414306273197819,10.806268847127882,0.9404931142094368
f26.PHLC164.TPX.control.P907,f26,8,22,retained,keep,0.04712987478033987,14.7071721236376,0.9575583279045322
f26.PHLC164.TPX.control.P909,f26,8,22,retained,keep,0.061472767062700204,11.275678868546098,0.9528812723565814
f26.PHLC164.TPX.control.P910,f26,8,22,retained,keep,0.08756796612724355,7.915533627362599,0.9573744565380526
f26.PHLC164.TPX.control.P912,f26,8,22,retained,keep,0.059852806032604663,11.580863563562168,0.9903733043223724
f26.PHLC164.TPX.control.P913,f26,8,22,retained,keep,0.057253682285503066,12.106595643988017,0.9816690269300268
f26.PHLC164.TPX.control.P916,f26,8,22,retained,keep,0.06478403790332218,10.699351306171055,0.9787296616335158
f26.PHLC164.TPX.control.P918,f26,8,22,retained,keep,0.06680681646566473,10.375396063307212,0.9893125951729269
f26.PHLC164.TPX.control.P925,f26,8,22,retained,keep,0.0703388246976935,9.85440378822074,0.9180042832337091
f26.PHLC164.TPX.control.P936,f26,8,22,retained,keep,0.0749724737715901,9.24535560440057,0.9476484286621248
f27.PHLC169.TPX.control.P701,f27,7,28,retained,keep,0.07174650153737043,9.661058946531453,0.8513905856665
f27.PHLC169.TPX.control.P702,f27,6,28,retained,keep,0.12164788218811161,5.69797984224739,0.9564317376068205
f27.PHLC169.TPX.control.P703,f27,7,28,retained,keep,0.09637221050210848,7.192396822160474,0.8257797110848549
f27.PHLC169.TPX.control.P706,f27,7,28,retained,keep,0.13472900769244492,5.144750877570772,0.9506646446701621
f27.PHLC169.TPX.control.P711,f27,7,28,retained,keep,0.09773149098757715,7.092362692471894,0.9356729625834833
f27.PHLC169.TPX.control.P712,f27,7,28,retained,keep,0.12171556992591868,5.69481111563479,0.9827384397013457
f28.PHLC192.TPX.control.P801,f28,9,35,retained,keep,0.04840994623587017,14.318280321624197,0.9652260468449448
f28.PHLC192.TPX.control.P803,f28,9,35,retained,keep,0.028976906952478437,23.920675236204236,0.8646460651381204
f28.PHLC192.TPX.control.P806,f28,9,35,excluded,low_r2,0.015925181304120697,,0.7263372252365893
f28.PHLC192.TPX.control.P807,f28,9,35,retained,keep,0.02224124812520239,31.164940773917916,0.9832570074330337
f28.PHLC192.TPX.control.P809,f28,9,35,retained,keep,0.02641510640811604,26.24055984673133,0.8809140494872124
f28.PHLC192.TPX.control.P812,f28,9,35,retained,keep,0.037370675712668805,18.54788995225381,0.9538818329107268
f29.PHLC192.TPX.control.P1005,f29,11,35,excluded,low_r2,0.007721674006471235,,0.15834974860901432
f29.PHLC192.TPX.control.P1007,f29,11,35,excluded,low_r2,0.005844688842842088,,0.3102625742107308
f29.PHLC192.TPX.control.P1010,f29,11,35,excluded,low_r2,0.018015419594666227,,0.764473906333172
f29.PHLC192.TPX.control.P1012,f29,11,35,excluded,low_r2,0.003086848802531489,,0.07767273678264561
f29.PHLC192.TPX.control.P1017,f29,11,35,excluded,low_r2,0.010255110067483482,,0.7243463694355801
f29.PHLC192.TPX.control.P1029,f29,11,35,excluded,low_r2,0.016844232637634328,,0.5175637252656515
f3.PHLC137.TPX.control.P802,f3,7,27,retained,keep,0.04735279493520165,14.637935976291566,0.881640821763017
f3.PHLC137.TPX.control.P803,f3,9,34,retained,keep,0.04747587307210958,14.599988071986509,0.9820703878796148
f3.PHLC137.TPX.control.P806,f3,9,34,retained,keep,0.04857392923868806,14.269942568448197,0.9282695707332466
f3.PHLC137.TPX.control.P808,f3,9,34,retained,keep,0.04660663808419229,14.872284486768034,0.9599690623341613
f3.PHLC137.TPX.control.P810,f3,9,34,retained,keep,0.0531505051484949,13.041215292750113,0.9879023524514446
f3.PHLC137.TPX.control.P812,f3,9,34,retained,keep,0.0587698296729701,11.794269005321675,0.9059659910907245
f30.PHLCHCC827.TPX.control.P3,f30,8,24,retained,keep,0.08060416255987657,8.59939683691947,0.993221813688915
f31.PHLCHCC827.TPX.control.P10,f31,7,30,retained,keep,0.07155521440789378,9.68688566298921,0.942745697923329
f31.PHLCHCC827.TPX.control.P3,f31,7,30,retained,keep,0.07850776740897902,8.829026775771862,0.9806513776967083
f31.PHLCHCC827.TPX.control.P4,f31,7,30,retained,keep,0.05990684875670391,11.57041632042744,0.9549347867889804
f31.PHLCHCC827.TPX.control.P7,f31,6,25,retained,keep,0.08163913765885389,8.490378517426347,0.957933675290617
f31.PHLCHCC827.TPX.control.P9,f31,7,30,retained,keep,0.0763097586679689,9.083336032759524,0.9305821766077109
f32.PHLC200.TPX.control.P603,f32,8,24,retained,keep,0.07251137080371778,9.559151521714254,0.9854021999821053
f32.PHLC200.TPX.control.P608,f32,8,24,retained,keep,0.08008939605057477,8.654668592109715,0.9464459651068357
f32.PHLC200.TPX.control.P611,f32,8,24,retained,keep,0.07132966123557118,9.71751678829342,0.9358408072239508
f32.PHLC200.TPX.control.P615,f32,8,24,retained,keep,0.07970273307976615,8.696655105493642,0.9649614186678
f32.PHLC200.TPX.control.P620,f32,8,24,retained,keep,0.06857188396265752,10.108329252517189,0.9805038129218658
f32.PHLC200.TPX.control.P623,f32,4,10,retained,keep,0.06531103145634426,10.613018430481603,0.8786993359360763
f33.PHLC200.TPX.control.P702,f33,8,24,retained,keep,0.07423990058151704,9.336585517094738,0.9461178932404238
f33.PHLC200.TPX.control.P707,f33,8,24,retained,keep,0.07738214661914031,8.957456090892377,0.9660216824056647
f33.PHLC200.TPX.control.P710,f33,8,24,retained,keep,0.07519046745281492,9.218551287700443,0.9264529139955313
f33.PHLC200.TPX.control.P717,f33,8,24,retained,keep,0.07422075914125222,9.338993410735556,0.9796685184355072
f33.PHLC200.TPX.control.P724,f33,8,24,retained,keep,0.08505173063637292,8.149712832104518,0.9312274522912709
f33.PHLC200.TPX.control.P725,f33,8,24,retained,keep,0.07739373600265724,8.956114749857104,0.9005504540049298
f34.PHLC267.TPX.control.P702,f34,5,16,retained,keep,0.12058521597534547,5.748193714739163,0.9930039314122584
f34.PHLC267.TPX.control.P709,f34,5,16,retained,keep,0.11817235056412467,5.865561421525741,0.9977561697934344
f34.PHLC267.TPX.control.P710,f34,5,16,retained,keep,0.12285791215216726,5.641860328062867,0.9900507020792109
f34.PHLC267.TPX.control.P713,f34,5,16,retained,keep,0.11246826474264095,6.163046812770351,0.9780400033191354
f34.PHLC267.TPX.control.P717,f34,5,16,retained,keep,0.12755973111055038,5.433902804006581,0.9754168761686444
f34.PHLC267.TPX.control.P725,f34,5,16,retained,keep,0.11561635182985554,5.9952348399645174,0.9879120011907132
f35.PHLC274.TPX.control.P606,f35,11,35,retained,keep,0.04553476375747118,15.222373487030909,0.9508395782651864
f35.PHLC274.TPX.control.P608,f35,11,35,retained,keep,0.048002255193659825,14.439887829509658,0.9511339673287649
f35.PHLC274.TPX.control.P613,f35,11,35,retained,keep,0.05695672862603123,12.169715453832309,0.9814277515812315
f35.PHLC274.TPX.control.P614,f35,11,35,retained,keep,0.05072082525153324,13.665928681611742,0.9386786950842717
f35.PHLC274.TPX.control.P618,f35,11,35,retained,keep,0.05079358097426441,13.646353875131235,0.968633803950119
f36.PHLC274.TPX.control.P719,f36,8,27,retained,keep,0.08694278137998038,7.972452336561098,0.9754507776581484
f36.PHLC274.TPX.control.P720,f36,8,27,retained,keep,0.06613709236391668,10.480460446400198,0.9751017972843917
f36.PHLC274.TPX.control.P727,f36,8,27,retained,keep,0.07273146263494959,9.530224684727678,0.960343615158493
f36.PHLC274.TPX.control.P733,f36,8,27,retained,keep,0.07334345987526657,9.45070196768415,0.9822231947593404
f36.PHLC274.TPX.control.P734,f36,8,27,retained,keep,0.06922542992931247,10.012898168602671,0.9486583610657291
f36.PHLC274.TPX.control.P735,f36,8,27,retained,keep,0.0722877211906754,9.588726399765887,0.9705902623097971
f37.PHLC299.TPX.control.P701,f37,7,21,retained,keep,0.060709754161426016,11.417393961386844,0.9383178522945658
f37.PHLC299.TPX.control.P703,f37,7,21,retained,keep,0.06139727981462838,11.289542185789111,0.9597930560366409
f37.PHLC299.TPX.control.P708,f37,7,21,retained,keep,0.0609256100686486,11.376942795959435,0.867883716343725
f37.PHLC299.TPX.control.P716,f37,7,21,retained,keep,0.05550933289212706,12.487038565333847,0.9782060424658127
f37.PHLC299.TPX.control.P718,f37,7,21,retained,keep,0.0770438966148623,8.996782496930878,0.9695252151490884
f37.PHLC299.TPX.control.P723,f37,7,21,retained,keep,0.07775371232940473,8.914650629456986,0.9492578599289101
f38.PHLC321.TPX.control.P511,f38,7,21,retained,keep,0.0743120140236484,9.327525160862471,0.9354671135687895
f38.PHLC321.TPX.control.P512,f38,7,21,retained,keep,0.07250318487609485,9.560230791854277,0.9616251627894264
f38.PHLC321.TPX.control.P513,f38,7,21,retained,keep,0.07804008716237312,8.88193754983586,0.9333860821648939
f38.PHLC321.TPX.control.P519,f38,7,21,retained,keep,0.08649211680753885,8.013992559603178,0.9878139713082342
f38.PHLC321.TPX.control.P522,f38,5,14,retained,keep,0.07262223789434268,9.544558260080029,0.9466959385212856
f38.PHLC321.TPX.control.P524,f38,7,21,excluded,low_r2,0.13421882123664455,,0.3001277104215777
f39.PHLC321.TPX.control.P806,f39,8,25,retained,keep,0.11269029564448238,6.1509039140930115,0.9286036222254209
f39.PHLC321.TPX.control.P807,f39,4,11,retained,keep,0.15065829631014432,4.600789983268073,0.9544950292622914
f39.PHLC321.TPX.control.P815,f39,8,25,retained,keep,0.12174857995318725,5.693267065837341,0.957153455397345
f39.PHLC321.TPX.control.P816,f39,6,18,retained,keep,0.10517912710792743,6.590159089727816,0.9929256628318804
f39.PHLC321.TPX.control.P817,f39,4,11,retained,keep,0.1242905991919183,5.576827089630891,0.9699340765887491
f39.PHLC321.TPX.control.P819,f39,6,18,retained,keep,0.12243401956347995,5.661393647217147,0.9743275881215713
f4.PHLC191.TPX.control.P602,f4,5,14,retained,keep,0.15113246810121042,4.5863551973210575,0.9589756316493243
f4.PHLC191.TPX.control.P604,f4,7,21,retained,keep,0.11242697819433432,6.165310067854122,0.9433547428528208
f4.PHLC191.TPX.control.P606,f4,7,21,retained,keep,0.1320402728953181,5.249513389823681,0.9636414125312093
f4.PHLC191.TPX.control.P607,f4,4,10,retained,keep,0.17845433467094068,3.884171162544569,0.9674388099091122
f4.PHLC191.TPX.control.P608,f4,7,21,retained,keep,0.12472661954442552,5.557331571173209,0.992811059231931
f4.PHLC191.TPX.control.P611,f4,5,14,retained,keep,0.16212021449940328,4.275513591566933,0.9740058135754796
f40.PHLC321.TPX.control.P908,f40,10,31,retained,keep,0.05752900074463314,12.048656705107271,0.9066176334204343
f40.PHLC321.TPX.control.P911,f40,10,31,retained,keep,0.06325601381521105,10.957806835328368,0.9377370403119226
f40.PHLC321.TPX.control.P913,f40,10,31,retained,keep,0.0716510655579141,9.673927040201356,0.9673041624052957
f40.PHLC321.TPX.control.P915,f40,5,14,retained,keep,0.0905140845809541,7.657893064587174,0.9214380792262906
f40.PHLC321.TPX.control.P917,f40,6,18,retained,keep,0.08287931761400254,8.363331172538967,0.9602993863278172
f40.PHLC321.TPX.control.P922,f40,10,31,retained,keep,0.06949290824562437,9.97435850734581,0.992649541095774
f41.PHLC321.TPX.control.P1002,f41,10,35,retained,keep,0.05200800988441931,13.327700523445717,0.920447917228162
f41.PHLC321.TPX.control.P1003,f41,10,35,retained,keep,0.06909219089790061,10.032207280620577,0.9700290257085745
f41.PHLC321.TPX.control.P1004,f41,7,21,retained,keep,0.0784015331660914,8.840990125684568,0.8993237395417658
f41.PHLC321.TPX.control.P1005,f41,10,35,retained,keep,0.04647552083302563,14.914242339537012,0.9390072780203643
f41.PHLC321.TPX.control.P1009,f41,8,28,retained,keep,0.07130768529414795,9.72051157881057,0.8747624355758108
f41.PHLC321.TPX.control.P1012,f41,8,28,retained,keep,0.08449966878638325,8.202957366758849,0.9048332124427626
f42.PHLCH1581.TPX.control.P16,f42,4,10,retained,keep,0.12044150917712836,5.755052268072815,0.9489837957856987
f42.PHLCH1581.TPX.control.P17,f42,4,10,retained,keep,0.2013471878096026,3.4425471152614127,0.958613942805444
f42.PHLCH1581.TPX.control.P25,f42,4,10,retained,keep,0.08349153126774266,8.302005844606493,0.8976936893647586
f42.PHLCH1581.TPX.control.P4,f42,4,10,retained,keep,0.163645753447036,4.235656385573626,0.9760323334660178
f42.PHLCH1581.TPX.control.P5,f42,4,10,retained,keep,0.14103894973751674,4.914579850813837,0.9396410844645917
f42.PHLCH1581.TPX.control.P7,f42,4,10,retained,keep,0.15355905302085807,4.513880275530187,0.9543128022474937
f43.PHLCH1581.TPX.control.P19,f43,3,7,retained,keep,0.22746057002020564,3.047328952435018,0.9508638015543655
f43.PHLCH1581.TPX.control.P20,f43,3,7,retained,keep,0.23965295202609854,2.89229560787743,0.9943329626436717
f43.PHLCH1581.TPX.control.P23,f43,3,7,retained,keep,0.2306514552873075,3.005171503021895,0.9958882074513501
f43.PHLCH1581.TPX.control.P24,f43,3,7,retained,keep,0.18084611099323247,3.832801140998182,0.9786477528629757
f43.PHLCH1581.TPX.control.P33,f43,3,7,retained,keep,0.1808704827732661,3.832284682011128,0.993840575295564
f43.PHLCH1581.TPX.control.P44,f43,3,7,retained,keep,0.2920235791647674,2.3736000447034225,0.9982229988148006
f44.PHLCH1581.TPX.control.P1,f44,4,11,retained,keep,0.18244489426341434,3.7992139125536606,0.9963157184175023
f44.PHLCH1581.TPX.control.P10,f44,4,11,retained,keep,0.1699724328549588,4.0779976430144,0.9943919679541441
f44.PHLCH1581.TPX.control.P14,f44,4,11,retained,keep,0.14952719305240544,4.6355928069686625,0.9924658142433064
f44.PHLCH1581.TPX.control.P19,f44,4,11,retained,keep,0.21121927967432808,3.2816473080898945,0.9968834220424342
f44.PHLCH1581.TPX.control.P25,f44,4,11,retained,keep,0.17038967735488292,4.068011579811126,0.9659400588609589
f44.PHLCH1581.TPX.control.P3,f44,4,11,retained,keep,0.21624383007140527,3.20539633584488,0.952224975727816
f45.PHLC110.TPX.control.P501,f45,10,32,retained,keep,0.01983622206400995,34.94350780724339,0.9784298281155964
f45.PHLC110.TPX.control.P504,f45,10,32,retained,keep,0.035341134643115536,19.613042635997274,0.8798068985195503
f45.PHLC110.TPX.control.P506,f45,10,32,retained,keep,0.056503491555323596,12.26733360152217,0.8889113238267339
f45.PHLC110.TPX.control.P507,f45,10,32,retained,keep,0.03911773263303319,17.719513220830525,0.957213074729267
f45.PHLC110.TPX.control.P508,f45,10,32,retained,keep,0.04557161526286212,15.210063908461345,0.8970013607411369
f45.PHLC110.TPX.control.P511,f45,10,32,retained,keep,0.04785905688941773,14.48309318258232,0.9538586612729671
f46.PHLC111.TPX.control.P701,f46,11,35,excluded,low_r2,0.006890763538339571,,0.35796825474413585
f46.PHLC111.TPX.control.P703,f46,11,35,excluded,low_r2,0.009695044273305555,,0.5478073957123994
f46.PHLC111.TPX.control.P706,f46,11,35,excluded,non_positive_slope,-0.0001623165087534241,,0.00015566346980723964
f46.PHLC111.TPX.control.P708,f46,11,35,excluded,low_r2,0.011011129101873322,,0.42003967625880145
f46.PHLC111.TPX.control.P709,f46,11,35,excluded,low_r2,0.013021512472359775,,0.7673892605284911
f46.PHLC111.TPX.control.P712,f46,11,35,excluded,low_r2,0.007266621754569954,,0.1432088017791294
f47.PHLC119.TPX.control.P503,f47,8,27,retained,keep,0.06516737048853517,10.63641474811217,0.8670560463621139
f47.PHLC119.TPX.control.P504,f47,8,27,retained,keep,0.055333424173147724,12.526735710245754,0.9457514448112703
f47.PHLC119.TPX.control.P505,f47,10,34,retained,keep,0.053439368597150996,12.970721749824321,0.9096619730245594
f47.PHLC119.TPX.control.P507,f47,8,27,retained,keep,0.07851688356673311,8.828001686679595,0.9527810614191268
f47.PHLC119.TPX.control.P511,f47,10,34,retained,keep,0.07246004890264625,9.565922064049717,0.9535867707546899
f47.PHLC119.TPX.control.P512,f47,9,30,retained,keep,0.06627951806236837,10.457939357792261,0.9517912236112456
f48.PHLC151.TPX.control.P601,f48,6,34,excluded,non_positive_slope,-0.009626449316284758,,0.8742030006231526
f48.PHLC151.TPX.control.P602,f48,6,34,excluded,non_positive_slope,-0.013635643286903566,,0.49641980790698537
f48.PHLC151.TPX.control.P603,f48,6,34,excluded,non_positive_slope,-0.018468078669021882,,0.9014596107105786
f48.PHLC151.TPX.control.P604,f48,6,34,excluded,non_positive_slope,-0.023534787297749903,,0.726843150285299
f48.PHLC151.TPX.control.P605,f48,6,34,excluded,non_positive_slope,-0.017484806702756154,,0.6378003433724395
f49.PHLC153.TPX.control.P601,f49,10,34,retained,keep,0.03214540630242635,21.562868860289573,0.8559274579896154
f49.PHLC153.TPX.control.P604,f49,10,34,retained,keep,0.018966312422614106,36.546228128852555,0.8875762957440413
f49.PHLC153.TPX.control.P605,f49,10,34,retained,keep,0.02240969884991985,30.93067806051416,0.9045455935248781
f49.PHLC153.TPX.control.P607,f49,10,34,retained,keep,0.018245588035556475,37.989851530636344,0.9147066438788259
f49.PHLC153.TPX.control.P608,f49,10,34,retained,keep,0.015345078277393108,45.17065133392726,0.9654982133050705
f49.PHLC153.TPX.control.P610,f49,10,34,retained,keep,0.024183136192235354,28.662418929042744,0.9274236963598785
f5.PHLC228.TPX.control.P504,f5,7,21,retained,keep,0.06430698768746285,10.778722584996464,0.8859606074907893
f5.PHLC228.TPX.control.P505,f5,7,21,retained,keep,0.07637564314712199,9.075500408222286,0.986003941219011
f5.PHLC228.TPX.control.P506,f5,7,21,retained,keep,0.0820236176689791,8.450580457902552,0.8863394220906049
f5.PHLC228.TPX.control.P507,f5,6,17,retained,keep,0.08903253135981563,7.78532486916118,0.9814135145591162
f5.PHLC228.TPX.control.P508,f5,6,17,retained,keep,0.09615825703298805,7.208400005858615,0.9742087018640693
f50.PHLC181.TPX.control.P602,f50,2,6,excluded,too_few_points,,,
f50.PHLC181.TPX.control.P603,f50,2,6,excluded,too_few_points,,,
f50.PHLC181.TPX.control.P609,f50,2,6,excluded,too_few_points,,,
f50.PHLC181.TPX.control.P611,f50,2,6,excluded,too_few_points,,,
f50.PHLC181.TPX.control.P612,f50,2,6,excluded,too_few_points,,,
f51.PHLC181.TPX.control.P701,f51,6,17,retained,keep,0.2486637184905862,2.7874881979864954,0.9814861603147623
f51.PHLC181.TPX.control.P702,f51,6,17,retained,keep,0.22459029788096618,3.0862739267896435,0.9740549241398794
f51.PHLC181.TPX.control.P705,f51,6,17,retained,keep,0.23596499447826944,2.9375000393279893,0.9388627640833206
f51.PHLC181.TPX.control.P707,f51,6,17,retained,keep,0.23385190531481123,2.9640433317266806,0.9582268720453218
f51.PHLC181.TPX.control.P709,f51,6,17,retained,keep,0.25306418511569245,2.739017298094006,0.9597430644977862
f51.PHLC181.TPX.control.P710,f51,6,17,retained,keep,0.20489201068462887,3.3829878395153337,0.9445043467431189
f52.PHLC189.TPX.control.P501,f52,11,32,retained,keep,0.029550606356028648,23.45627606448541,0.8698409222284514
f52.PHLC189.TPX.control.P503,f52,11,32,retained,keep,0.01938774793166104,35.751815167145104,0.9636368608947486
f52.PHLC189.TPX.control.P505,f52,11,32,retained,keep,0.023091317341913043,30.017654267901555,0.9464425015338085
f52.PHLC189.TPX.control.P508,f52,11,32,excluded,non_positive_slope,-0.0006486745116086503,,0.0016779863524033563
f52.PHLC189.TPX.control.P511,f52,11,32,retained,keep,0.02586916551951691,26.79433861277831,0.9106224131656417
f52.PHLC189.TPX.control.P512,f52,11,32,excluded,low_r2,0.00954258976916711,,0.5042585939443045
f52.PHLC189.TPX.control.P513,f52,11,32,excluded,low_r2,0.010806731498519026,,0.4132804659737794
f53.PHLC191.TPX.control.P701,f53,6,19,retained,keep,0.13692617979971491,5.062196152509532,0.8013008058192119
f53.PHLC191.TPX.control.P704,f53,6,19,retained,keep,0.16857458423836175,4.111813080789488,0.9698731365149791
f53.PHLC191.TPX.control.P707,f53,6,19,retained,keep,0.14928956754803943,4.642971320396515,0.9032368575449277
f53.PHLC191.TPX.control.P708,f53,6,19,retained,keep,0.11687469710684986,5.930686433576399,0.9576393940253198
f53.PHLC191.TPX.control.P712,f53,7,21,retained,keep,0.1483303801815896,4.672995374995857,0.9638879544518478
f53.PHLC191.TPX.control.P713,f53,8,23,retained,keep,0.15652260036526575,4.428415953622011,0.9277982715517985
f53.PHLC191.TPX.control.P714,f53,7,21,retained,keep,0.15015781486587051,4.61612458318672,0.9376423731014255
f54.PHLC119.TPX.control.P501,f54,4,10,retained,keep,0.15737337657061562,4.404475494296333,0.9990921085789416
f54.PHLC119.TPX.control.P502,f54,4,10,retained,keep,0.15623278976757127,4.436630630427491,0.942636872411169
f54.PHLC119.TPX.control.P507,f54,4,10,retained,keep,0.2201575227790572,3.1484146978505243,0.9513119951151561
f54.PHLC119.TPX.control.P508,f54,4,10,retained,keep,0.1902732327004485,3.6429043156647407,0.9904497360113521
f54.PHLC119.TPX.control.P509,f54,7,21,retained,keep,0.12162075001941891,5.699250994992812,0.955596731413617
f54.PHLC119.TPX.control.P511,f54,7,21,retained,keep,0.15679381069639933,4.420756007404462,0.9768172282499875
f55.PHLC196.TPX.control.P501,f55,8,30,retained,keep,0.04345848442198949,15.94963997891332,0.9301443204282515
f55.PHLC196.TPX.control.P504,f55,8,30,retained,keep,0.066924868623085,10.357094377931311,0.9219252602380464
f55.PHLC196.TPX.control.P506,f55,9,34,retained,keep,0.04475766377973653,15.486670259893211,0.9000185877808561
f55.PHLC196.TPX.control.P507,f55,8,30,retained,keep,0.03317903770004261,20.89111766370051,0.896115659811022
f55.PHLC196.TPX.control.P510,f55,8,30,retained,keep,0.07832376997659145,8.849767838896232,0.9767164699038874
f55.PHLC196.TPX.control.P511,f55,9,34,excluded,low_r2,0.005590887052432905,,0.1938798168415494
f56.PHLC215.TPX.control.P502,f56,10,32,retained,keep,0.04990428034738825,13.889533637894074,0.9698621976044417
f56.PHLC215.TPX.control.P503,f56,10,32,retained,keep,0.05373703365811755,12.898873149006393,0.9599417941756524
f56.PHLC215.TPX.control.P507,f56,8,22,retained,keep,0.06864128408036892,10.09810917506105,0.9427931386158305
f56.PHLC215.TPX.control.P508,f56,10,32,retained,keep,0.04894529140031347,14.161672363758896,0.8586233251344223
f56.PHLC215.TPX.control.P511,f56,10,32,retained,keep,0.052318449762072915,13.24861848376912,0.9888961150414914
f56.PHLC215.TPX.control.P512,f56,10,32,retained,keep,0.05420759529072684,12.786901482023872,0.9376953488269462
f57.PHLC229.TPX.control.P601,f57,5,16,retained,keep,0.11314906288000061,6.12596483715519,0.9955119465660627
f57.PHLC229.TPX.control.P604,f57,5,16,retained,keep,0.11344312466684515,6.11008540707557,0.9768276055032555
f57.PHLC229.TPX.control.P607,f57,5,16,retained,keep,0.08709000060526816,7.958975493657491,0.9513230240285352
f57.PHLC229.TPX.control.P608,f57,5,16,retained,keep,0.1126708701692508,6.151964385459351,0.993829777765673
f57.PHLC229.TPX.control.P609,f57,8,27,retained,keep,0.07479936317672524,9.266752431063834,0.9496673853031639
f57.PHLC229.TPX.control.P611,f57,8,27,retained,keep,0.0989600014111727,7.004316599390107,0.9630096159027538
f57.PHLC229.TPX.control.P614,f57,5,16,retained,keep,0.12081820914737972,5.73710854888117,0.9808382811160653
f58.PHLC235.TPX.control.P401,f58,6,20,retained,keep,0.07342161517387893,9.440641954258519,0.938818854527524
f58.PHLC235.TPX.control.P402,f58,6,20,retained,keep,0.07823538079378299,8.859766176469183,0.8756846386290024
f58.PHLC235.TPX.control.P403,f58,5,16,retained,keep,0.11383895220317707,6.088840130246742,0.9760300954674603
f58.PHLC235.TPX.control.P406,f58,6,20,retained,keep,0.07664730429692662,9.043334099197262,0.9538889445768766
f58.PHLC235.TPX.control.P411,f58,5,16,retained,keep,0.13130484755889585,5.278915389997609,0.9900997874902498
f58.PHLC235.TPX.control.P412,f58,6,20,retained,keep,0.09079875218887377,7.633884429580097,0.9343779925244092
f59.PHLC235.TPX.control.P605,f59,9,29,retained,keep,0.097057643196547,7.141603254843975,0.9934608813505326
f59.PHLC235.TPX.control.P609,f59,9,29,retained,keep,0.07398930886049541,9.368207261766063,0.8850028502179043
f59.PHLC235.TPX.control.P610,f59,9,29,retained,keep,0.08736529162621955,7.933896489757977,0.9161470667600837
f59.PHLC235.TPX.control.P615,f59,9,29,retained,keep,0.08634345285561357,8.027790847315886,0.9598095336408157
f59.PHLC235.TPX.control.P619,f59,9,29,retained,keep,0.07645902922034299,9.065602684575072,0.958373977431816
f59.PHLC235.TPX.control.P621,f59,9,29,retained,keep,0.07951713093127247,8.716954100859601,0.9127132753892575
f6.PHLC108.TPX.control.P805,f6,6,18,retained,keep,0.13439682723239038,5.157466845265622,0.9785945058653231
f6.PHLC108.TPX.control.P807,f6,6,18,retained,keep,0.10366831572735132,6.686200848318296,0.9895887200957572
f6.PHLC108.TPX.control.P808,f6,6,18,retained,keep,0.1430785085296295,4.8445233856795795,0.9376494746259141
f6.PHLC108.TPX.control.P815,f6,6,18,retained,keep,0.1326094548395016,5.22698160096403,0.981668338388902
f60.PHLC235.TPX.control.P605,f60,8,27,retained,keep,0.0888278645150899,7.803262910167056,0.9679257589275176
f60.PHLC235.TPX.control.P606,f60,7,23,retained,keep,0.10841190956538488,6.393644234648386,0.953734120100555
f60.PHLC235.TPX.control.P607,f60,5,16,retained,keep,0.10969489618310924,6.3188644565824,0.9927574620883031
f60.PHLC235.TPX.control.P608,f60,7,23,retained,keep,0.09105734155363722,7.612205328349584,0.9439383554481804
f60.PHLC235.TPX.control.P610,f60,8,27,retained,keep,0.08867577048870359,7.816646833062988,0.9336156418760649
f60.PHLC235.TPX.control.P611,f60,7,23,retained,keep,0.12983678528181494,5.3386039946648935,0.9584312513405948
f60.PHLC235.TPX.control.P612,f60,8,27,retained,keep,0.07094032479002406,9.770848704338308,0.8976381904801761
f61.PHLC235.TPX.control.P702,f61,6,19,retained,keep,0.08783474534715692,7.89149188991622,0.9499805907381287
f61.PHLC235.TPX.control.P716,f61,6,19,retained,keep,0.09741524850827674,7.115386873966175,0.9818240722148923
f61.PHLC235.TPX.control.P721,f61,8,26,retained,keep,0.08632622327259973,8.029393089179113,0.9779837317562067
f61.PHLC235.TPX.control.P724,f61,6,19,retained,keep,0.10013469453873586,6.922148050212606,0.9587848115967241
f61.PHLC235.TPX.control.P726,f61,8,26,retained,keep,0.07604724880145235,9.114691083298041,0.9566422364049928
f62.PHLC655.TPX.control.P701,f62,4,12,retained,keep,0.1922132260680913,3.6061367614442865,0.9948503701913328
f62.PHLC655.TPX.control.P702,f62,3,9,excluded,low_r2,0.13662596884727485,,0.7624913224879929
f62.PHLC655.TPX.control.P704,f62,4,12,retained,keep,0.12764621407997326,5.430221221646831,0.983751699586108
f62.PHLC655.TPX.control.P706,f62,7,21,retained,keep,0.1182516703369937,5.861626973932917,0.9864803918798467
f62.PHLC655.TPX.control.P707,f62,3,9,excluded,low_r2,0.06924957811423632,,0.6667497965029292
f62.PHLC655.TPX.control.P711,f62,7,21,retained,keep,0.16540885653703485,4.190508265830073,0.9425526265176083
f63.PHLC82.TPX.control.P504,f63,10,34,excluded,low_r2,0.018058123062842938,,0.715792912202802
f63.PHLC82.TPX.control.P506,f63,10,34,excluded,low_r2,0.028710768777398185,,0.5567727006650346
f63.PHLC82.TPX.control.P508,f63,10,34,excluded,low_r2,0.023185249228313567,,0.7421567627611455
f63.PHLC82.TPX.control.P509,f63,10,34,excluded,low_r2,0.018645549822764507,,0.5933259425725037
f63.PHLC82.TPX.control.P511,f63,10,34,excluded,low_r2,0.016829821487158236,,0.6175993066707484
f64.PHLC12.TPX.control.P701,f64,4,29,retained,keep,0.06673514990727242,10.386538151529798,0.9693608057124469
f64.PHLC12.TPX.control.P702,f64,4,29,retained,keep,0.0618485068525242,11.207177276126208,0.9428248088483163
f64.PHLC12.TPX.control.P703,f64,4,29,retained,keep,0.032839097013844035,21.107376377241252,0.9636092554287048
f64.PHLC12.TPX.control.P704,f64,4,29,retained,keep,0.03915489699769632,17.70269452121727,0.8649016077948709
f64.PHLC12.TPX.control.P705,f64,4,29,retained,keep,0.038360672869612616,18.069213303842265,0.8887418628766844
f64.PHLC12.TPX.control.P706,f64,4,29,excluded,low_r2,0.030284086172781964,,0.6782845709718123
f64.PHLC12.TPX.control.P707,f64,4,29,retained,keep,0.050876006884880816,13.62424496341384,0.956899789673021
f64.PHLC12.TPX.control.P708,f64,4,29,excluded,low_r2,0.03751551890388889,,0.7711242707411544
f64.PHLC12.TPX.control.P709,f64,4,29,retained,keep,0.05243362187999837,13.21951747194403,0.9827986973277641
f64.PHLC12.TPX.control.P710,f64,4,29,retained,keep,0.054608940322466756,12.692924939888943,0.9282923014662485
f65.PHLC12.TPX.control.P702,f65,10,32,retained,keep,0.041557030156281455,16.679420496442148,0.9401790253630685
f65.PHLC12.TPX.control.P703,f65,10,32,retained,keep,0.04086765373199261,16.960777467323155,0.8487577253261344
f65.PHLC12.TPX.control.P704,f65,10,32,retained,keep,0.04404230143329629,15.738214353074683,0.9593016736784709
f65.PHLC12.TPX.control.P706,f65,10,32,retained,keep,0.054516028018563596,12.714557640257969,0.94060234855219
f65.PHLC12.TPX.control.P708,f65,10,32,excluded,non_positive_slope,-0.026467828338021915,,0.7424259870573562
f65.PHLC12.TPX.control.P710,f65,10,32,retained,keep,0.061985170237580496,11.182467966179798,0.986759750113921
f65.PHLC12.TPX.control.P712,f65,10,32,retained,keep,0.050418390968290976,13.747903636906578,0.9544210878572711
f66.PHLC12.TPX.control.P1101,f66,5,34,excluded,low_r2,0.007848647842668251,,0.3948603363554754
f66.PHLC12.TPX.control.P1102,f66,5,34,excluded,low_r2,0.03594859391166477,,0.753562085972928
f66.PHLC12.TPX.control.P1103,f66,5,34,excluded,low_r2,0.023430070101124793,,0.6091419195050948
f66.PHLC12.TPX.control.P1104,f66,5,34,excluded,low_r2,0.023098119534964497,,0.3893128816715638
f66.PHLC12.TPX.control.P1105,f66,5,34,excluded,low_r2,0.023285794553651856,,0.48022155628925706
f67.PHLC186.TPX.control.P704,f67,11,35,excluded,non_positive_slope,-0.02065464663248303,,0.2953548850775795
f67.PHLC186.TPX.control.P706,f67,11,35,excluded,non_positive_slope,-0.03867916173042122,,0.556182634588093
f67.PHLC186.TPX.control.P707,f67,11,35,excluded,non_positive_slope,-0.04428441221442494,,0.5383274027977957
f67.PHLC186.TPX.control.P708,f67,11,35,retained,keep,0.03392230399935526,20.43337565081427,0.8262978550218467
f67.PHLC186.TPX.control.P713,f67,11,35,retained,keep,0.038695165596421936,17.91301755338758,0.9777843751851572
f68.PHLC12.TPX.control.P802,f68,11,35,retained,keep,0.01903837958232879,36.40788742353455,0.8320429692006515
f68.PHLC12.TPX.control.P806,f68,11,35,excluded,low_r2,0.03607374466038259,,0.796466488055545
f68.PHLC12.TPX.control.P808,f68,11,35,retained,keep,0.022141906301688226,31.304765322175342,0.920534194916774
f69.PHLC12.TPX.control.P602,f69,10,32,retained,keep,0.03968638443183308,17.465616746985923,0.952951507333394
f69.PHLC12.TPX.control.P603,f69,10,32,retained,keep,0.03252225952651763,21.313008095110206,0.9058560185793485
f69.PHLC12.TPX.control.P605,f69,10,32,retained,keep,0.04682646482128335,14.802466579644491,0.9710227130926017
f69.PHLC12.TPX.control.P609,f69,10,32,retained,keep,0.040977074993351105,16.91548702957482,0.9050536945073897
f69.PHLC12.TPX.control.P610,f69,10,32,retained,keep,0.05626465576650981,12.319406759305627,0.9461244067996066
f69.PHLC12.TPX.control.P612,f69,10,32,retained,keep,0.05260950396568705,13.175322485686795,0.9630496772414623
f69.PHLC12.TPX.control.P616,f69,10,32,excluded,non_positive_slope,-0.010382977476562149,,0.6866521600638822
f70.PHLC12.TPX.control.P47,f70,9,21,retained,keep,0.054590516805239145,12.697208620186991,0.9176913713029239
f70.PHLC12.TPX.control.P48,f70,9,21,retained,keep,0.07380538571051078,9.391552850610369,0.9561731703023851
f70.PHLC12.TPX.control.P49,f70,9,21,retained,keep,0.058705472074932374,11.8071988191357,0.8865160310324729
f70.PHLC12.TPX.control.P50,f70,9,21,retained,keep,0.038878129031798214,17.82871752889713,0.9234332781171963
f70.PHLC12.TPX.control.P51,f70,9,21,retained,keep,0.06302413450233645,10.998122957709935,0.9580000627566072
f70.PHLC12.TPX.control.P52,f70,9,21,retained,keep,0.05428340046669997,12.76904494929633,0.9142229617093953
f70.PHLC12.TPX.control.P53,f70,9,21,retained,keep,0.044049957525660675,15.735478976481698,0.8015731547231767
f71.PHLC77.TPX.control.P1202,f71,12,27,excluded,low_r2,0.05941915595591224,,0.5902584876424545
f71.PHLC77.TPX.control.P1205,f71,12,27,retained,keep,0.0730333636252461,9.490829206726266,0.8027335431743048
f71.PHLC77.TPX.control.P1210,f71,8,17,excluded,low_r2,0.0714347348914767,,0.750233485525926
f71.PHLC77.TPX.control.P1212,f71,14,31,excluded,low_r2,0.04865240446405143,,0.6146788366580004
f71.PHLC77.TPX.control.P1213,f71,8,17,excluded,low_r2,0.02152368013609075,,0.23738542299255577
f71.PHLC77.TPX.control.P1214,f71,14,31,excluded,non_positive_slope,-0.038064248950234865,,0.5560568010125789
f73.PHLC77.TPX.control.P705,f73,9,28,retained,keep,0.07819739715726426,8.864069723010651,0.9412358238432024
f73.PHLC77.TPX.control.P706,f73,9,28,retained,keep,0.08334501940529028,8.316599906100066,0.99580940466534
f73.PHLC77.TPX.control.P707,f73,9,28,retained,keep,0.09170688037913624,7.558289821814063,0.9648775602304666
f73.PHLC77.TPX.control.P708,f73,9,28,retained,keep,0.07670764940967123,9.036219801992186,0.9905889207540126
f73.PHLC77.TPX.control.P709,f73,9,28,retained,keep,0.06495831720787744,10.670645582485747,0.9895669795651008
f73.PHLC77.TPX.control.P717,f73,9,28,retained,keep,0.09729933849210348,7.123863237941736,0.9806126127646149
f74.PHLC77.TPX.control.P802,f74,4,12,retained,keep,0.06762251280393677,10.250242882420547,0.8885078122675134
f74.PHLC77.TPX.control.P804,f74,7,22,retained,keep,0.09242713255460729,7.499390724367911,0.9714391835574768
f74.PHLC77.TPX.control.P805,f74,9,29,retained,keep,0.08804620490020787,7.8725389850199985,0.9385668821702173
f74.PHLC77.TPX.control.P811,f74,4,12,retained,keep,0.13317327069085433,5.204852122082387,0.9277713822086989
f74.PHLC77.TPX.control.P822,f74,10,33,retained,keep,0.07653268499195404,9.05687786378874,0.9937037178772034
f74.PHLC77.TPX.control.P823,f74,6,19,retained,keep,0.09690541418065164,7.152822021561935,0.9809845679378023
f77.PHLC132.TPX.control.P402,f77,2,32,excluded,too_few_points,,,
f77.PHLC132.TPX.control.P411,f77,2,32,excluded,too_few_points,,,
f77.PHLC132.TPX.control.P412,f77,2,32,excluded,too_few_points,,,
f77.PHLC132.TPX.control.P413,f77,2,32,excluded,too_few_points,,,
f77.PHLC132.TPX.control.P432,f77,2,32,excluded,too_few_points,,,
f77.PHLC132.TPX.control.P437,f77,2,32,excluded,too_few_points,,,
f77.PHLC132.TPX.control.P438,f77,2,32,excluded,too_few_points,,,
f77.PHLC132.TPX.control.P439,f77,2,32,excluded,too_few_points,,,
f78.PHLC140.TPX.control.P503,f78,5,14,retained,keep,0.08871902252645186,7.812836084316429,0.9756188391353957
f78.PHLC140.TPX.control.P504,f78,5,14,retained,keep,0.11558309344033561,5.996959935301872,0.9131611503421263
f78.PHLC140.TPX.control.P507,f78,5,14,retained,keep,0.13887708581957767,4.991083852813907,0.9746964819553093
f78.PHLC140.TPX.control.P508,f78,5,14,retained,keep,0.15276623625082444,4.537306132369969,0.9418980945272827
f78.PHLC140.TPX.control.P509,f78,5,14,retained,keep,0.09741304594850209,7.115547756574424,0.9801175792566962
f78.PHLC140.TPX.control.P510,f78,5,14,retained,keep,0.0822122165305099,8.431194411389095,0.9692765473885957
f79.PHLC142.TPX.control.P501,f79,1,35,excluded,too_few_points,,,
f79.PHLC142.TPX.control.P502,f79,6,35,retained,keep,0.07650482047763948,9.06017655139176,0.9043676402897229
f79.PHLC142.TPX.control.P503,f79,6,35,retained,keep,0.08189966901122506,8.463369741640147,0.8995789292863222
f79.PHLC142.TPX.control.P504,f79,5,35,retained,keep,0.12074809643676232,5.740439816564375,0.9795802885019973
f79.PHLC142.TPX.control.P505,f79,5,35,retained,keep,0.07750250936647357,8.943545005521981,0.9100425715251697
f79.PHLC142.TPX.control.P506,f79,6,35,excluded,low_r2,0.04704750279724485,,0.6518513412550903
f79.PHLC142.TPX.control.P507,f79,6,35,retained,keep,0.11076799451760934,6.257648552531591,0.922436950418681
f79.PHLC142.TPX.control.P508,f79,6,35,retained,keep,0.05197151869769799,13.337058410622264,0.8734366828862336
f79.PHLC142.TPX.control.P509,f79,6,35,retained,keep,0.05738448131679193,12.079000535587582,0.8813469363174237
f79.PHLC142.TPX.control.P510,f79,6,35,excluded,low_r2,0.034955089437263484,,0.5017092350290205
f8.PHLC137.TPX.control.P1201,f8,6,17,retained,keep,0.11940450073514614,5.805033950080583,0.9729847528673962
f8.PHLC137.TPX.control.P1203,f8,3,6,retained,keep,0.1837998847778525,3.771205740404621,0.8964619738178419
f8.PHLC137.TPX.control.P1205,f8,3,6,retained,keep,0.19976145039351959,3.469874588888305,0.8988705569210521
f8.PHLC137.TPX.control.P1208,f8,6,17,retained,keep,0.09917387315082642,6.989211558832512,0.9641756975925877
f8.PHLC137.TPX.control.P1210,f8,5,14,retained,keep,0.101740129393369,6.812918213224935,0.8846322950645381
f8.PHLC137.TPX.control.P1211,f8,6,17,retained,keep,0.0984206546104407,7.042700369180583,0.9234891076362907
f80.PHLC142.TPX.control.P602,f80,8,23,retained,keep,0.0769565383920866,9.006995312450556,0.9883596792265603
f80.PHLC142.TPX.control.P604,f80,8,23,retained,keep,0.09041949569071298,7.665904075940768,0.9608800602681312
f80.PHLC142.TPX.control.P608,f80,8,23,retained,keep,0.08444036212166937,8.208718711570606,0.9856892418069944
f80.PHLC142.TPX.control.P609,f80,8,23,retained,keep,0.10875440997940028,6.3735087220025175,0.9795228318687083
f80.PHLC142.TPX.control.P611,f80,8,23,retained,keep,0.08990855540282904,7.709468553402371,0.9696809354934957
f81.PHLC142.TPX.control.P1001,f81,8,34,excluded,low_r2,0.01970239157188872,,0.578773019395313
f81.PHLC142.TPX.control.P1002,f81,8,34,excluded,low_r2,0.026481529984704637,,0.530470699175401
f81.PHLC142.TPX.control.P1003,f81,8,34,excluded,low_r2,0.025708480740891732,,0.7710831700595494
f81.PHLC142.TPX.control.P1004,f81,8,34,excluded,low_r2,0.01724653624489028,,0.37155965438148403
f81.PHLC142.TPX.control.P1005,f81,8,34,retained,keep,0.028684979558461735,24.164116245830648,0.8167274279220983
f81.PHLC142.TPX.control.P1006,f81,8,34,excluded,low_r2,0.003999233761049666,,0.08194597282589831
f81.PHLC142.TPX.control.P1007,f81,8,34,excluded,low_r2,0.017894606607597573,,0.6087090423829962
f81.PHLC142.TPX.control.P1008,f81,8,34,excluded,low_r2,0.007946275017379456,,0.07239510467481752
f81.PHLC142.TPX.control.P1009,f81,8,34,excluded,low_r2,0.01926202886384224,,0.5190894985393825
f81.PHLC142.TPX.control.P1010,f81,8,34,excluded,low_r2,0.027917043512389692,,0.7684202217955498
f81.PHLC142.TPX.control.P1011,f81,8,34,excluded,low_r2,0.004701144555268052,,0.04003710617895768
f81.PHLC142.TPX.control.P1012,f81,8,34,retained,keep,0.03606032313879062,19.221879346231276,0.8251151947035643
f81.PHLC142.TPX.control.P1013,f81,8,34,excluded,low_r2,0.015183201711877354,,0.46160227136797866
f82.PHLC188.TPX.control.P604,f82,11,33,retained,keep,0.03665094843713514,18.912121244252468,0.9244026855319012
f82.PHLC188.TPX.control.P605,f82,11,33,retained,keep,0.03334707640526186,20.785845575673104,0.8326095874116004
f82.PHLC188.TPX.control.P606,f82,11,33,retained,keep,0.0448930447544699,15.43996813651028,0.9194261172507735
f82.PHLC188.TPX.control.P608,f82,11,33,retained,keep,0.0421112431372396,16.459907827964,0.9598508465350682
f82.PHLC188.TPX.control.P610,f82,11,33,retained,keep,0.05702602206188115,12.154927794328428,0.9582679808789739
f83.PHLC77.TPX.control.P701,f83,9,29,retained,keep,0.07141795299338075,9.705503329452588,0.8961083583739076
f83.PHLC77.TPX.control.P708,f83,6,17,retained,keep,0.058770934003119314,11.794047386130632,0.9493319006734792
f83.PHLC77.TPX.control.P709,f83,9,29,excluded,low_r2,0.020034284572588303,,0.5083090975159974
f83.PHLC77.TPX.control.P711,f83,9,29,excluded,low_r2,0.012295193301942262,,0.6286748057567264
f83.PHLC77.TPX.control.P712,f83,9,29,retained,keep,0.0721085680734107,9.612549508045719,0.9612885474125723
f83.PHLC77.TPX.control.P713,f83,9,29,retained,keep,0.09640522282088153,7.189933908952166,0.9571213857209223
f84.PHLC191.TPX.control.P802,f84,5,14,retained,keep,0.13098481790067132,5.291813140402074,0.9937083016817693
f84.PHLC191.TPX.control.P804,f84,5,14,retained,keep,0.11369746507126853,6.096417190352156,0.9897742070691945
f84.PHLC191.TPX.control.P805,f84,5,14,retained,keep,0.14607951291837168,4.744999259049225,0.9826839823470265
f84.PHLC191.TPX.control.P808,f84,5,14,retained,keep,0.15784199533479884,4.391399000561986,0.9952175366443529
f84.PHLC191.TPX.control.P809,f84,5,14,retained,keep,0.13602435666463844,5.095757830113224,0.968492868393516
f84.PHLC191.TPX.control.P810,f84,5,14,retained,keep,0.15186003639436974,4.564381762426892,0.9918421033529443
f85.PHLC191.TPX.control.P14,f85,4,13,excluded,low_r2,0.08237965110248358,,0.7437305292315106
f85.PHLC191.TPX.control.P27,f85,4,13,retained,keep,0.063303898581072,10.949518056494515,0.9899846762391753
f85.PHLC191.TPX.control.P35,f85,4,13,retained,keep,0.06547860914512511,10.58585681048404,0.9747695121489953
f85.PHLC191.TPX.control.P37,f85,4,13,retained,keep,0.07874836111849513,8.802052140703537,0.9714065570818353
f85.PHLC191.TPX.control.P39,f85,6,20,retained,keep,0.08430199918241699,8.22219149346717,0.9903094571788627
f85.PHLC191.TPX.control.P48,f85,6,20,retained,keep,0.08671877224849499,7.993046517929397,0.9797671993304057
f85.PHLC191.TPX.control.P54,f85,4,13,retained,keep,0.08150185744230126,8.504679553477104,0.8916964956240254
f85.PHLC191.TPX.control.P6,f85,4,13,retained,keep,0.10862993285715339,6.380812013125541,0.9585661004654826
f85.PHLC191.TPX.control.P71,f85,6,20,retained,keep,0.09597248486576124,7.222353172677201,0.9447359118814724
f85.PHLC191.TPX.control.P73,f85,6,20,retained,keep,0.08364712362620853,8.286563249411802,0.9592334348702726
f85.PHLC191.TPX.control.P78,f85,6,20,retained,keep,0.08584480731188396,8.07442176486765,0.9629846836093565
f85.PHLC191.TPX.control.P81,f85,6,20,retained,keep,0.10846373483417163,6.390589275020691,0.9720243924686544
f86.PHLC191.TPX.control.P18,f86,7,23,retained,keep,0.06559475303712906,10.567113198331555,0.9662043968011481
f86.PHLC191.TPX.control.P20,f86,7,23,retained,keep,0.0634960967721331,10.916374640277903,0.9529394751182285
f86.PHLC191.TPX.control.P24,f86,5,16,retained,keep,0.11553380861672827,5.9995181398320465,0.9748811135273144
f86.PHLC191.TPX.control.P26,f86,5,16,retained,keep,0.07186810439543774,9.644712162520136,0.9313197369308291
f86.PHLC191.TPX.control.P28,f86,7,23,retained,keep,0.09744403998241626,7.113284513706774,0.9746844209265513
f86.PHLC191.TPX.control.P41,f86,7,23,retained,keep,0.09227709686215564,7.511584175598576,0.9590756598677974
f86.PHLC191.TPX.control.P42,f86,7,23,retained,keep,0.09375369839819937,7.393278264244537,0.9663757613751678
f86.PHLC191.TPX.control.P43,f86,5,16,retained,keep,0.10723114483230524,6.464047191176893,0.9982355063706619
f86.PHLC191.TPX.control.P46,f86,6,20,retained,keep,0.10326125724556816,6.712558020783678,0.992011860531299
f86.PHLC191.TPX.control.P5,f86,6,20,retained,keep,0.058839284729950016,11.780346816607777,0.966390754531413
f86.PHLC191.TPX.control.P55,f86,7,23,retained,keep,0.11327366202419756,6.119226377724726,0.9830278473212315
f86.PHLC191.TPX.control.P8,f86,7,23,retained,keep,0.06644553152531897,10.431810306097447,0.9009440586455171
f87.PHLCNOTCH 10.TPX.control.P18,f87,9,34,retained,keep,0.032371822533940144,21.412053023372938,0.9187146474609916
f87.PHLCNOTCH 10.TPX.control.P25,f87,9,34,retained,keep,0.027413612794022515,25.28478043985084,0.8674021196112481
f87.PHLCNOTCH 10.TPX.control.P26,f87,9,34,retained,keep,0.03242786514020955,21.375048205084095,0.915419332636348
f87.PHLCNOTCH 10.TPX.control.P3,f87,9,34,excluded,low_r2,0.021000849517040183,,0.7943324554520943
f87.PHLCNOTCH 10.TPX.control.P31,f87,9,34,retained,keep,0.02475862006683828,27.996196019355185,0.8649979709765765
f87.PHLCNOTCH 10.TPX.control.P39,f87,9,34,retained,keep,0.02534564479732077,27.34778247319304,0.8184113146370566
f87.PHLCNOTCH 10.TPX.control.P40,f87,3,9,excluded,non_positive_slope,-0.011209861197805742,,0.5641592781933223
f87.PHLCNOTCH 10.TPX.control.P43,f87,9,34,retained,keep,0.03565652329998126,19.43956158396154,0.9278392074305571
f87.PHLCNOTCH 10.TPX.control.P51,f87,9,34,retained,keep,0.03317974770799397,20.890670618117625,0.9286993731449936
f87.PHLCNOTCH 10.TPX.control.P53,f87,9,34,retained,keep,0.03639217424019698,19.04659985372156,0.8854657194359923
f87.PHLCNOTCH 10.TPX.control.P57,f87,9,34,retained,keep,0.03720262543187022,18.631673773382392,0.846108220822216
f87.PHLCNOTCH 10.TPX.control.P58,f87,4,16,retained,keep,0.027461947767625713,25.24027743498519,0.9234863436934124
f87.PHLCNOTCH 10.TPX.control.P60,f87,9,34,retained,keep,0.04192329998675589,16.533697986058336,0.9188929979310531
f87.PHLCNOTCH 10.TPX.control.P73,f87,9,34,excluded,low_r2,0.03155241907494073,,0.7699369482949807
f88.PHLCNOTCH 10.TPX.control.P13,f88,8,24,excluded,low_r2,0.0258862209936406,,0.6912620062848547
f88.PHLCNOTCH 10.TPX.control.P28,f88,8,24,excluded,low_r2,0.03626926190593752,,0.767796773024691
f88.PHLCNOTCH 10.TPX.control.P3,f88,8,24,retained,keep,0.028543709339273995,24.283710723126898,0.8000613654936348
f88.PHLCNOTCH 10.TPX.control.P36,f88,8,24,retained,keep,0.06384156433770262,10.857302570053042,0.8592294999003
f88.PHLCNOTCH 10.TPX.control.P50,f88,8,24,retained,keep,0.0503951153156011,13.754253288619102,0.8981806314177659
f88.PHLCNOTCH 10.TPX.control.P53,f88,8,24,excluded,low_r2,0.03601365590921108,,0.7512605792808029
f88.PHLCNOTCH 10.TPX.control.P57,f88,8,24,excluded,low_r2,0.010306172686924596,,0.21839654944574313
f88.PHLCNOTCH 10.TPX.control.P61,f88,8,24,excluded,low_r2,0.04460944048107587,,0.577048066409844
f88.PHLCNOTCH 10.TPX.control.P68,f88,8,24,excluded,low_r2,0.07299020575065743,,0.7406562092489064
f88.PHLCNOTCH 10.TPX.control.P70,f88,8,24,excluded,low_r2,0.03741812830263831,,0.7741780325729731
f88.PHLCNOTCH 10.TPX.control.P85,f88,8,24,excluded,low_r2,0.006661132133802997,,0.0502069636373447
f88.PHLCNOTCH 10.TPX.control.P88,f88,8,24,retained,keep,0.04149750191910696,16.703347153549863,0.8928017359742787
f89.PHLCNOTCH 10.TPX.control.P10,f89,7,20,retained,keep,0.04328455405583528,16.013730432934903,0.9503898576760342
f89.PHLCNOTCH 10.TPX.control.P11,f89,7,20,retained,keep,0.06905213995486703,10.038026062812698,0.956881196510971
f89.PHLCNOTCH 10.TPX.control.P12,f89,7,20,retained,keep,0.05879802889730237,11.788612536155044,0.8892337720630785
f89.PHLCNOTCH 10.TPX.control.P3,f89,7,20,retained,keep,0.08097918844058649,8.559571834539925,0.8638078731231363
f89.PHLCNOTCH 10.TPX.control.P5,f89,7,20,retained,keep,0.08598659311181094,8.06110761544681,0.8920834700905114
f89.PHLCNOTCH 10.TPX.control.P6,f89,7,20,excluded,low_r2,0.02229350498096524,,0.31651464229777243
f89.PHLCNOTCH 10.TPX.control.P9,f89,7,20,excluded,low_r2,0.03434182542040826,,0.5040121989412727
f9.PHLC137.TPX.control.P701,f9,11,35,retained,keep,0.05564431045827454,12.45674849506328,0.9577104795545579
f9.PHLC137.TPX.control.P707,f9,11,35,retained,keep,0.046820637718216145,14.804308833458453,0.9458855024436149
f9.PHLC137.TPX.control.P709,f9,11,35,retained,keep,0.06176895850983533,11.221610292321458,0.939353195819487
f9.PHLC137.TPX.control.P715,f9,11,35,retained,keep,0.03918482292205762,17.689174758775398,0.8439529587786141
f90.PHLCOvarian.TPX.control.P101,f90,9,28,retained,keep,0.035975735589611174,19.267074576790797,0.8611015805851471
f90.PHLCOvarian.TPX.control.P15,f90,9,28,retained,keep,0.0461281661921161,15.026549671909851,0.9639228578272168
f90.PHLCOvarian.TPX.control.P16,f90,9,28,retained,keep,0.02312091236465388,29.979231339486187,0.9131747638311528
f90.PHLCOvarian.TPX.control.P36,f90,9,28,excluded,low_r2,0.02392263982082775,,0.7781921429561602
f90.PHLCOvarian.TPX.control.P38,f90,9,28,excluded,low_r2,0.02343091397055708,,0.7895352788962777
f90.PHLCOvarian.TPX.control.P49,f90,9,28,retained,keep,0.039538330946574676,17.53101772294196,0.8030386013417132
f90.PHLCOvarian.TPX.control.P53,f90,9,28,retained,keep,0.03494944812604432,19.83285052342249,0.8761465891806878
f90.PHLCOvarian.TPX.control.P58,f90,9,28,retained,keep,0.03186723836334437,21.751090341020742,0.8610935146714311
f90.PHLCOvarian.TPX.control.P61,f90,9,28,retained,keep,0.03955058276756817,17.52558703454383,0.8614988803896391
f90.PHLCOvarian.TPX.control.P69,f90,9,28,excluded,low_r2,0.019529854899221436,,0.5790701325033951
f90.PHLCOvarian.TPX.control.P86,f90,9,28,retained,keep,0.03460904554617001,20.027919569040296,0.8500423047634337
f90.PHLCOvarian.TPX.control.P97,f90,9,28,retained,keep,0.039758110744250806,17.43410759677954,0.9162969982204874
f91.PHLC410.TPX.control.P502,f91,6,17,retained,keep,0.059699291982004514,11.610643234577799,0.9036361838685721
f91.PHLC410.TPX.control.P508,f91,6,17,retained,keep,0.09271062212977148,7.476459165484988,0.9280234680299856
f91.PHLC410.TPX.control.P509,f91,6,17,retained,keep,0.09247174966454988,7.49577230964487,0.9719156334471943
f91.PHLC410.TPX.control.P510,f91,6,17,retained,keep,0.06641753641271736,10.436207333146797,0.9566106484971374
f91.PHLC410.TPX.control.P512,f91,6,17,retained,keep,0.07049813482486768,9.832135024307663,0.9269765265813088
f91.PHLC410.TPX.control.P513,f91,6,17,retained,keep,0.05781796784404059,11.988438999268448,0.9886953332392084
f92.PHLC470.TPX.control.P501,f92,7,20,retained,keep,0.07564781270927495,9.162818536787126,0.95115244011186
f92.PHLC470.TPX.control.P502,f92,7,20,excluded,low_r2,0.03762118356701716,,0.5757934671629414
f92.PHLC470.TPX.control.P505,f92,7,20,retained,keep,0.09639297172174753,7.190847716167694,0.959294773834117
f92.PHLC470.TPX.control.P506,f92,7,20,retained,keep,0.08543326438378217,8.11331728407566,0.8686315424417919
f92.PHLC470.TPX.control.P507,f92,7,20,excluded,low_r2,0.0711844069943094,,0.6027261265489051
f92.PHLC470.TPX.control.P511,f92,7,20,retained,keep,0.08612101841219232,8.048525125915315,0.9800271517308569
