Model,n_genes,Train_R2,Test_R2,Test_MAE,Test_Spearman,CV_R2_mean,CV_R2_SD
ElasticNet,300,0.9583211791094635,0.2674116650190991,0.3506704717096426,0.5833333333333334,0.1798578513027139,0.13902686525092547
LightGBM,300,0.879241511554312,0.25465429704188036,0.36745827365551426,0.5612745098039216,0.085435240100228,0.1182297148414939
RandomForest,300,0.7715698126909553,0.1497048583999313,0.37648329105596356,0.4852941176470589,0.0926796010904587,0.10096400472387206
LassoedForest,300,0.9999340519808652,0.10166985258895345,0.3863872744121406,0.3970588235294118,,
ElasticNet,400,0.9490702174981211,0.28345798055193905,0.33970024870699433,0.5710784313725491,0.19881748942228916,0.14478054764748594
LightGBM,400,0.9153440297181883,0.22768789217601282,0.3715362802982477,0.4926470588235295,0.10429116993791394,0.1086707582302908
RandomForest,400,0.7777780193201596,0.18052431296615035,0.3723405062241467,0.5392156862745099,0.08966239490714871,0.09305593705969345
LassoedForest,400,0.999925446039557,0.32483864667079343,0.34170218111630724,0.6446078431372549,,
ElasticNet,500,0.930991258100081,0.28619509393616016,0.3455335535582205,0.5465686274509804,0.10765664619052062,0.11372561891860473
LightGBM,500,0.9429381471652002,0.24792558428373657,0.3662688786114752,0.5098039215686275,0.12014764333709027,0.13362632729023982
RandomForest,500,0.7788028450273196,0.1427932815895796,0.38189054082212587,0.42156862745098045,0.06466508754614694,0.10286409711571709
LassoedForest,500,0.9999484314699547,0.044976705990178334,0.41133971981234774,0.35539215686274517,,
ElasticNet,600,0.9938772226383953,0.28742807750902843,0.3300019137141348,0.6372549019607844,0.1354957145662217,0.12872025307263155
LightGBM,600,0.8356322804673925,0.22814778152313064,0.3717902630034172,0.44852941176470595,0.09887391612939334,0.08944766668115509
RandomForest,600,0.7840643074087249,0.19290222664819778,0.36795243887866624,0.49754901960784315,0.08295931306128634,0.09281920008771911
LassoedForest,600,0.9999374347426707,0.4534849806622384,0.30148887591341594,0.752450980392157,,
ElasticNet,700,0.9657179098301869,0.26426918622057727,0.3334775988675455,0.6127450980392157,0.10417952839326616,0.1261423539127909
LightGBM,700,0.8374966618764969,0.18684111058653363,0.3799463959582343,0.43137254901960786,0.07634788855137953,0.09702041680426468
RandomForest,700,0.7911724034271301,0.14775778586381183,0.37885947384226304,0.49509803921568635,0.07924593647237779,0.07868440848169546
LassoedForest,700,0.9999463302525818,-0.0036667038563222842,0.4080103134628464,0.3504901960784314,,
ElasticNet,800,0.9195976109342134,0.26879906539143905,0.3372896675989156,0.5686274509803922,0.08572646901226746,0.10573773879223701
LightGBM,800,0.7583845940665486,0.22365057440274327,0.3688328848705614,0.5049019607843138,0.061286591008598304,0.08637382383037447
RandomForest,800,0.7924721384409829,0.1472711713977487,0.3766261947568099,0.4926470588235295,0.07639244441941229,0.08939142863703686
LassoedForest,800,0.9999413472351522,0.16233915100168617,0.36598493616867345,0.45833333333333337,,
