modelID,final_DT_mean,final_DT_sd,n_reps,mean_r2
100534,21.312204773571402,6.235961889360694,5,0.897895182672603
100672,25.907776849445426,10.321650938799452,4,0.8576651697583046
100804,32.2092365035317,0.08513788548722154,2,0.9042462234371009
104987,12.368973753816626,,1,0.9934180635654172
108045,10.913597599009336,,1,0.922423770427851
108099,25.70567648180994,,1,0.9415595636515998
16720,20.17629609876138,0.7887035180078359,4,0.8979397106365623
178200,10.46923443456482,1.4359603329654114,3,0.9518890639899582
18674,19.155151926972216,4.6557968820121856,7,0.8872252294801262
20710,33.84031749710938,,1,0.8583784389651004
23223,24.787562852665374,7.926473727023435,4,0.81094444954974
241417,21.164228750098605,7.315817494455915,7,0.8784921147790102
28077,24.104914451204696,8.698589638301044,4,0.903728967037269
38807,22.234144623697965,6.738199012212532,2,0.9265990606996274
44205,36.964286817479596,9.009508776264969,6,0.7805339602348625
44441,20.867835289215872,20.248170470909983,3,0.8834084619425666
47904,21.183483594526912,7.326069837923539,15,0.8662246863295465
48041,14.970043326852425,,1,0.9561288843710268
48342,8.010986626061396,1.2100985133504552,13,0.9692047773504524
48602,32.667638915548125,13.097592428580896,9,0.7996032261114955
51706,17.65652873465916,,1,0.7878378003658363
52226,48.419951739400226,,1,0.643039321892283
53782,40.14371097262421,,1,0.9353760215347746
66280,19.229393576353555,,1,0.927871180637523
66684,34.034610580555544,7.054557646829596,6,0.757558869160757
66817,23.291284161224485,,1,0.9347518196232912
67990,24.06366172540876,9.324665047829484,7,0.8765619075167189
68941,18.720524565502235,6.110805241946126,4,0.7189717065520871
69196,22.586837806845587,7.8676066174414245,14,0.8585459147630956
69693,15.242042630936824,5.209168172454548,12,0.7644835908228483
70620,20.435005287498182,4.35250735232674,6,0.8981882529467421
71208,32.864712542130846,14.320645499952784,2,0.8704248160160187
71335,14.923764317771212,4.279937565620162,10,0.920751941939163
71732,10.986353153696466,2.243437727432982,11,0.9305284397832957
72877,40.945917184026456,,1,0.815200134394893
72955,6.811397005518205,2.5141513268316484,4,0.9850133838265513
73062,16.444915784863312,5.555349805542385,15,0.8772440048334009
73230,18.65101189077555,7.201636245068665,13,0.8546566153206215
73263,19.368445596853935,5.969590706255615,17,0.8565706808229088
73471,14.3783097596364,5.126620512546817,19,0.9189337328931827
85277,15.24472080419207,5.443856780726065,11,0.9162602555966693
BPTO51,21.605967210255645,,1,0.8560592842536022
BXTO64,24.404813240196063,10.287320691479543,7,0.8914045006356659
INSB014,6.994825565972225,2.065273796229667,13,0.9558418720634178
INSB019,18.148575609067326,5.655386145502747,8,0.9088484558149359
NOTCH01,17.40066969551505,10.867971707928293,31,0.8506321443813708
NOTCH06,11.962364982343,2.9917865488563504,23,0.9529209949538173
NOTCH10,17.666038079324913,5.421505392780633,15,0.8511415467915348
NOTCH18,18.136919370679877,8.127497860443068,4,0.8500049218380352
NOTCHB02,23.542335214510267,8.335502297661748,8,0.7447971270148115
REF001,22.526827483020455,9.095291610673026,13,0.8569331899916985
REF002,22.568523078422153,5.907977191356093,9,0.837719973301977
REF004,9.389251734614328,3.795058041351192,13,0.8900463010271138
REF005,13.105069889604714,4.380305539895379,17,0.9373838510038485
REF006,21.71523808781112,7.081112743077045,7,0.8503960368807987
REF007,18.684569142945694,5.817202493035057,7,0.9476419806487415
REF009,19.8011053353907,1.5363168895395196,6,0.8835876643082438
REF010,17.875514608941316,6.888704330279529,8,0.9499277781034106
REF013,12.702735449838215,4.459132260406754,6,0.9393741248011521
REF014,27.718444650945422,6.069162028166593,11,0.8843476130250923
REF016,12.721859671252984,4.369588184037817,25,0.9299853589896523
REF019,16.048761527961176,9.000196210410564,12,0.9210006038735808
REF020,23.009592059685403,13.59084246061797,8,0.9233430693103419
REF022,28.315965577417995,11.266154851951846,15,0.8766147263801123
REF023,22.31043815572871,11.268568651678057,4,0.9328661140970012
REF025,25.589897467784834,8.784669922650108,3,0.8025118464837923
REF030,16.2983129974407,,1,0.9412213078212536
REF032,33.649302905180825,5.890247630129914,2,0.8585379905557394
REF034,36.25128242951767,,1,0.8848705289939801
REF035,14.44364959086307,5.235508578158466,13,0.9190588598099598
REF036,19.079038847117847,6.799355874941848,8,0.860201693215855
REF037,9.930427949321883,,1,0.8775094938735563
REF039,45.15098235803196,,1,0.7291217206292516
REF043,11.10061666326074,2.270678498624177,2,0.9461367352888799
REF044,11.309512605337705,2.9927866845528004,9,0.9372076413055255
REF047,14.439177315388466,4.52942659319413,13,0.8451199955908181
REF048,6.732453672920028,1.3097892289592485,12,0.9554593657159819
REF052,18.96486915221137,6.223676618748684,5,0.8702996064491121
REF057,20.298810655297302,1.2852411423640488,2,0.7484375254449154
REF062,8.23985261143982,1.9507290301683362,8,0.9020964682621319
REF063,10.977311270126215,7.40467336072443,6,0.8344356634786091
