modelID,mean_doubling_time_days,sd_doubling_time_days,mean_growth_rate_k,mean_r2,n_mice
100534,21.312204773571402,6.235961889360694,0.03442871910757338,0.897895182672603,5
100672,25.907776849445426,10.321650938799452,0.031243032603276728,0.8576651697583046,4
100804,32.2092365035317,0.08513788548722154,0.02152021212825914,0.9042462234371009,2
104987,12.368973753816626,,0.056039182745137986,0.9934180635654173,1
108045,10.913597599009337,,0.06351225379822181,0.922423770427851,1
108099,25.70567648180994,,0.026964751581248433,0.9415595636515998,1
16720,22.08625510665514,4.325073061655843,0.03217909882185173,0.8237203959446345,5
178200,10.46923443456482,1.4359603329654114,0.06699838759262121,0.9518890639899582,3
18674,24.823604454130045,16.156257447609704,0.03411016681609105,0.8155123564176742,9
20710,44.08432614922423,10.069740568279961,0.016307513248901718,0.6631413729390234,3
23223,24.787562852665374,7.926473727023435,0.03041218390091525,0.81094444954974,4
241417,33.055163356338696,21.05958249070323,0.02864321310442611,0.8015621766219887,11
28077,24.104914451204696,8.698589638301044,0.033103323945255184,0.903728967037269,4
38807,37.52233804882543,21.214401872369677,0.023366306717520876,0.7844887007720752,4
44205,39.2973868467918,10.283297001388513,0.01885308834041238,0.7863075927772487,7
44441,28.963947530875394,23.141169777351735,0.04679000186319057,0.8776955970486721,4
47904,25.89820638967998,15.363622791999799,0.03448467616442148,0.8347913584433976,17
48041,55.18680585251877,34.90791271789359,0.021577230560448354,0.715117260441093,3
48342,8.567762004142384,2.3857243132066785,0.08519400222975533,0.9652612486020941,14
48602,32.4540526135576,12.366986245455527,0.02525535951208919,0.7761164343787562,10
51706,17.65652873465916,,0.039257273667803176,0.7878378003658363,1
52226,48.419951739400226,,0.014315321590787923,0.643039321892283,1
53782,40.14371097262421,,0.017266644357633833,0.9353760215347746,1
66280,19.229393576353555,,0.03604623192133893,0.927871180637523,1
66684,38.25936297596963,11.592936792213138,0.019302167672589802,0.6721352591617462,11
66817,37.76885790887998,20.474381144191074,0.021513409567009457,0.7930200973493109,2
67990,27.19584365437122,10.649719828294284,0.02952103842190321,0.8095268907735704,9
68941,28.628726820005824,23.21245680079686,0.03398918965852089,0.6899053331541724,6
69196,24.849302888487845,11.587022211185587,0.0331105247977218,0.8511624089136876,15
69693,15.242042630936822,5.20916817245455,0.05073186641695717,0.7644835908228483,12
70620,23.987139233976063,10.203456402583665,0.03250773428508684,0.8598289856535318,7
71208,32.537015838074204,10.14212005239574,0.02278260371179587,0.7666422418503114,3
71335,14.923764317771212,4.279937565620162,0.05180201201066559,0.920751941939163,10
71732,9.953771957906497,3.2481328585722893,0.08020097335990901,0.9059074997878998,13
72877,40.945917184026456,,0.016928358875066333,0.815200134394893,1
72955,6.811397005518205,2.5141513268316484,0.11301389470815373,0.9850133838265512,4
73062,16.444915784863312,5.555349805542385,0.04691546698099271,0.8772440048334009,15
73230,18.65101189077555,7.201636245068664,0.04258291475592218,0.8546566153206215,13
73263,20.82022980015439,8.454464491779587,0.0413341717633316,0.8465208746233044,18
73471,15.388055696546909,6.729836502021003,0.053110787077062724,0.9074886911131085,20
85277,18.593378214782767,12.7084031553682,0.04842333130621166,0.902894619481268,12
87654,58.987906909084266,,0.011750665803895461,0.6362810735944011,1
BPTO51,21.605967210255645,,0.03208128448102666,0.8560592842536022,1
BXTO64,26.979204389119943,11.988763966820203,0.03053616861221746,0.8430069320782173,8
INSB014,7.618275885606159,3.06250155456307,0.10514727023192348,0.9567735491165632,14
INSB019,20.313757524366196,8.37720615330296,0.03889366309208044,0.8840927301939955,9
NOTCH01,19.327993909503096,13.14542124577751,0.0742574326075199,0.841415732034114,33
NOTCH06,12.768362478792318,3.99863938420708,0.06017184147599401,0.9425277207603929,25
NOTCH10,19.409484409017082,7.087020956617772,0.04054728849017203,0.8179652567814815,17
NOTCH18,23.033611626026268,10.108349764617856,0.037649477078039284,0.7475414740712099,6
NOTCHB02,31.155442288514283,14.186251334330851,0.027434860243581393,0.6909674961285468,12
REF001,24.24169077527169,10.841194817845729,0.0340889701751119,0.8349542559490776,14
REF002,22.568523078422153,5.907977191356092,0.03257706371908172,0.837719973301977,9
REF004,10.935160399649474,6.837561991064721,0.08026288240434527,0.8731700784875878,14
REF005,14.46255649583943,5.825686708522147,0.05501896008226076,0.9133277521419488,19
REF006,25.43738618465552,12.95477370519619,0.03236324368123646,0.80926630011061,9
REF007,18.684569142945694,5.8172024930350545,0.03978662719278585,0.9476419806487415,7
REF009,32.51543048153099,22.329960667519025,0.02807777687678876,0.8668913941879205,9
REF010,25.887624743962775,24.885088823885734,0.04026364344390124,0.9102682914838159,9
REF013,12.702735449838215,4.459132260406754,0.06338585588394695,0.9393741248011521,6
REF014,34.73110285993381,19.211100612346115,0.023397291457407227,0.8340074972739427,14
REF016,13.636709063415756,6.331686468154828,0.059707109454104526,0.917719895712857,26
REF019,17.901939036005842,10.904068364571954,0.056466993455012535,0.9103010716418503,13
REF020,23.009592059685403,13.59084246061797,0.043856825606973834,0.9233430693103419,8
REF022,33.18804730999983,17.533934140221568,0.02598581966800929,0.8079356307735281,20
REF023,31.308285360440586,22.36161334049698,0.030980610594945484,0.9426870277194901,5
REF024,69.41415685554173,,0.00998567456495162,0.6953882951795562,1
REF025,34.447431648404645,14.092929863711175,0.023820700975437065,0.7617504619229647,5
REF030,16.2983129974407,,0.042528768509280016,0.9412213078212535,1
REF032,40.37444772880382,12.370538681408963,0.01823906031284554,0.7836896768575464,3
REF034,36.25128242951767,,0.019120625095335908,0.8848705289939801,1
REF035,15.823067268202436,7.207020883837475,0.051833037991060295,0.912569276072652,14
REF036,19.079038847117847,6.799355874941847,0.04042049025074957,0.860201693215855,8
REF037,9.930427949321883,,0.06980033328848412,0.8775094938735563,1
REF039,45.15098235803196,,0.015351763004036623,0.7291217206292516,1
REF041,99.1302580407127,,0.006992286656565248,0.7384702376669932,1
REF043,11.100616663260741,2.270678498624177,0.06377650550415784,0.9461367352888798,2
REF044,11.309512605337705,2.9927866845528004,0.06624950856857927,0.9372076413055255,9
REF047,15.237816651638065,5.278931818154094,0.05024959307364498,0.8244653400146779,14
REF048,7.018949641866309,1.624692195001341,0.10325343717953867,0.9462786255525205,13
REF052,18.96486915221137,6.2236766187486845,0.03924486551330621,0.8702996064491121,5
REF057,20.298810655297302,1.2852411423640488,0.0342157661769774,0.7484375254449154,2
REF062,8.239852611439822,1.9507290301683364,0.0892493418841233,0.9020964682621319,8
REF063,10.977311270126217,7.40467336072443,0.0806432123884661,0.8344356634786093,6
