mouse_id,modelID,growth_rate_k,doubling_time_days,r2,n_points,max_day_used,mean_DT,sd_DT,n_reps,is_outlier
100534.H2O.m1,100534,0.0219964551313307,31.51176752897148,0.9063660633131996,6,31.0,21.312204773571402,6.235961889360694,5,False
100534.H2O.m2,100534,0.0410434702269782,16.888123171035694,0.9510524395705257,6,34.0,21.312204773571402,6.235961889360694,5,False
100534.H2O.m3,100534,0.0389553236992653,17.793387777009226,0.910934066153577,6,34.0,21.312204773571402,6.235961889360694,5,False
100534.H2O.m4,100534,0.0300053284216886,23.10080299134205,0.7966362042584545,5,28.0,21.312204773571402,6.235961889360694,5,False
100534.H2O.m5,100534,0.0401430180586039,17.266942399498564,0.9244871400672586,5,31.0,21.312204773571402,6.235961889360694,5,False
100672.H2O.m1,100672,0.0189583155164919,36.56164388428772,0.8384340289109204,5,31.0,25.907776849445426,10.321650938799452,4,False
100672.H2O.m2,100672,0.0534921979288598,12.957911759052667,0.789086907470481,4,21.0,25.907776849445426,10.321650938799452,4,False
100672.H2O.m3,100672,0.0221560178898255,31.28482672322859,0.9956509368068917,4,28.0,25.907776849445426,10.321650938799452,4,False
100672.H2O.m4,100672,0.0303655990779295,22.826725031212728,0.8074888058449254,6,34.0,25.907776849445426,10.321650938799452,4,False
100804.H2O.m1,100804,0.0215604350838501,32.1490349273678,0.9478246600397446,6,34.0,32.2092365035317,0.08513788548722154,2,False
100804.H2O.m2,100804,0.0214799891726681,32.2694380796956,0.8606677868344572,5,28.0,32.2092365035317,0.08513788548722154,2,False
104987.H2O.m1,104987,0.0560391827451379,12.368973753816626,0.9934180635654172,4,20.0,12.368973753816626,,1,False
108045.H2O.m1,108045,0.0635122537982218,10.913597599009336,0.922423770427851,6,34.0,10.913597599009336,,1,False
108099.H2O.m1,108099,0.0269647515812484,25.70567648180994,0.9415595636515998,6,33.0,25.70567648180994,,1,False
16720.H2O.m1,16720,0.0340144743857822,20.378006512711973,0.9136218780712406,6,32.0,20.17629609876138,0.7887035180078359,4,False
16720.H2O.m2,16720,0.0361999398035846,19.147744010649095,0.8742624535771248,6,32.0,20.17629609876138,0.7887035180078359,4,False
16720.H2O.m3,16720,0.0344363643621158,20.128349592051897,0.9573313442225826,6,34.0,20.17629609876138,0.7887035180078359,4,False
16720.H2O.m6,16720,0.0329269110964788,21.05108427963256,0.846543166675301,10,32.0,20.17629609876138,0.7887035180078359,4,False
178200.H2O.m1,178200,0.0573126766552357,12.09413381143529,0.8940098902796495,11,35.0,10.46923443456482,1.4359603329654114,3,False
178200.H2O.m2,178200,0.0697140447399796,9.94271933503866,0.9620284657132492,11,35.0,10.46923443456482,1.4359603329654114,3,False
178200.H2O.m3,178200,0.0739684413826482,9.37085015722051,0.999628835976976,4,19.0,10.46923443456482,1.4359603329654114,3,False
18674.H2O.m1,18674,0.0311315558676958,22.265099229402807,0.8464284130770511,11,35.0,19.155151926972216,4.6557968820121856,7,False
18674.H2O.m11,18674,0.0466197955687179,14.86808708841806,0.842212902341645,6,35.0,19.155151926972216,4.6557968820121856,7,False
18674.H2O.m2,18674,0.0404884713016061,17.119618456240637,0.9676135721101724,11,34.0,19.155151926972216,4.6557968820121856,7,False
18674.H2O.m3,18674,0.027410203585747,25.287925293644005,0.8763364691428889,11,34.0,19.155151926972216,4.6557968820121856,7,False
18674.H2O.m5,18674,0.028662235198216,24.183291211115595,0.9365679978938332,5,29.0,19.155151926972216,4.6557968820121856,7,False
18674.H2O.m7,18674,0.0499376842446659,13.880242767444384,0.9731702313210188,6,35.0,19.155151926972216,4.6557968820121856,7,False
18674.H2O.m9,18674,0.0420553097358357,16.481799442540034,0.7682470204742735,6,35.0,19.155151926972216,4.6557968820121856,7,False
20710.H2O.m3,20710,0.0204828805350054,33.84031749710938,0.8583784389651004,10,35.0,33.84031749710938,,1,False
23223.H2O.m2,23223,0.0333287428039283,20.797279532495477,0.7592172885132412,6,35.0,24.787562852665374,7.926473727023435,4,False
23223.H2O.m5,23223,0.043774908789638,15.834348939272264,0.8414533203248736,6,35.0,24.787562852665374,7.926473727023435,4,False
23223.H2O.m6,23223,0.0207918343391927,33.3374713001324,0.7818057370902425,10,32.0,24.787562852665374,7.926473727023435,4,False
23223.H2O.m8,23223,0.0237532496709018,29.18115163876135,0.8613014522706027,5,30.0,24.787562852665374,7.926473727023435,4,False
241417.H2O.m1,241417,0.0244897769282618,28.30353182025256,0.8121659357570362,11,35.0,24.736505206857252,12.164068999368595,8,False
241417.H2O.m10,241417,0.025964038204515,26.69643200722953,0.8295165176510446,6,35.0,24.736505206857252,12.164068999368595,8,False
241417.H2O.m11,241417,0.0517291657835386,13.39954298626096,0.946539691006442,6,31.0,24.736505206857252,12.164068999368595,8,False
241417.H2O.m2,241417,0.0222534099913706,31.147908604961348,0.7985906209803213,5,35.0,24.736505206857252,12.164068999368595,8,False
241417.H2O.m7,241417,0.0478677624768374,14.480459179502056,0.9029594523077956,6,34.0,24.736505206857252,12.164068999368595,8,False
241417.H2O.m8,241417,0.0388355565403193,17.848261807200174,0.9153483174435924,5,27.0,24.736505206857252,12.164068999368595,8,False
241417.H2O.m9,241417,0.042593706205156,16.273464845283627,0.9443242683068402,4,22.0,24.736505206857252,12.164068999368595,8,False
28077.H2O.m2,28077,0.0253651708615514,27.326730198006267,0.9330775547622232,10,35.0,24.104914451204696,8.698589638301044,4,False
28077.H2O.m3,28077,0.0283533638862745,24.4467352565347,0.848151536545643,10,35.0,24.104914451204696,8.698589638301044,4,False
28077.H2O.m6,28077,0.0574154094874062,12.072493895771716,0.8691878782596957,10,34.0,24.104914451204696,8.698589638301044,4,False
28077.H2O.m7,28077,0.0212793515457885,32.5736984545061,0.9644988985815142,11,35.0,24.104914451204696,8.698589638301044,4,False
38807.H2O.m1,38807,0.0396775208294113,17.46951840917799,0.9376351670233064,5,29.0,22.234144623697965,6.738199012212532,2,False
38807.H2O.m4,38807,0.0256732865623187,26.998770838217943,0.9155629543759484,6,34.0,22.234144623697965,6.738199012212532,2,False
44205.H2O.m1,44205,0.0291448185854083,23.78286138679129,0.7963323088071651,8,34.0,36.964286817479596,9.009508776264969,6,False
44205.H2O.m3,44205,0.0171752564211188,40.35731191224865,0.8690644701365958,9,35.0,36.964286817479596,9.009508776264969,6,False
44205.H2O.m4,44205,0.0209237846663464,33.12723733363565,0.730065569540699,8,28.0,36.964286817479596,9.009508776264969,6,False
44205.H2O.m5,44205,0.0152872229060954,45.34160225292233,0.7391327731840854,11,34.0,36.964286817479596,9.009508776264969,6,False
44205.H2O.m7,44205,0.0218103380966223,31.780671051004436,0.9028919458204546,6,35.0,36.964286817479596,9.009508776264969,6,False
44205.H2O.m9,44205,0.0146245809754918,47.39603696827521,0.6457166939201752,5,34.0,36.964286817479596,9.009508776264969,6,False
44441.H2O.m10,44441,0.0609287811259077,11.376350679452694,0.932285737636176,9,28.0,20.867835289215872,20.248170470909983,3,False
44441.H2O.m2,44441,0.0157111281433424,44.11823099117579,0.7285093322801739,9,34.0,20.867835289215872,20.248170470909983,3,False
44441.H2O.m7,44441,0.0975038080797922,7.108924197019136,0.98943031591135,10,33.0,20.867835289215872,20.248170470909983,3,False
47904.H2O.m1,47904,0.0558800958327695,12.404187398573963,0.9608855862739006,4,20.0,21.183483594526912,7.326069837923539,15,False
47904.H2O.m10,47904,0.0221271723780104,31.32561037255624,0.9464331413690245,11,35.0,21.183483594526912,7.326069837923539,15,False
47904.H2O.m12,47904,0.0326156309387551,21.25199361807594,0.8860559368026464,11,35.0,21.183483594526912,7.326069837923539,15,False
47904.H2O.m14,47904,0.0836076947083551,8.290471145961128,0.9877351142051828,6,35.0,21.183483594526912,7.326069837923539,15,False
47904.H2O.m15,47904,0.0367715100787782,18.850114642421975,0.9979046986949534,5,32.0,21.183483594526912,7.326069837923539,15,False
47904.H2O.m16,47904,0.0207046256521254,33.47789002351696,0.699406498502487,5,35.0,21.183483594526912,7.326069837923539,15,False
47904.H2O.m17,47904,0.0363467652650737,19.07039527465192,0.9512027358435192,6,34.0,21.183483594526912,7.326069837923539,15,False
47904.H2O.m2,47904,0.0381616559389819,18.1634460954274,0.9893432347823422,4,27.0,21.183483594526912,7.326069837923539,15,False
47904.H2O.m3,47904,0.0470890542532086,14.719921466945047,0.9977287977672464,4,31.0,21.183483594526912,7.326069837923539,15,False
47904.H2O.m4,47904,0.0223060620440993,31.07438593103461,0.6237114341596489,10,33.0,21.183483594526912,7.326069837923539,15,False
47904.H2O.m5,47904,0.0285541111064332,24.27486458872042,0.6287893395517149,10,33.0,21.183483594526912,7.326069837923539,15,False
47904.H2O.m6,47904,0.0310197916624585,22.34532030719025,0.7736273789433716,10,34.0,21.183483594526912,7.326069837923539,15,False
47904.H2O.m7,47904,0.0263592193233383,26.296195348480413,0.7962351203035847,8,27.0,21.183483594526912,7.326069837923539,15,False
47904.H2O.m8,47904,0.0507271629540874,13.664221300672876,0.8748807298649414,9,29.0,21.183483594526912,7.326069837923539,15,False
47904.H2O.m9,47904,0.0307474564941776,22.543236403674538,0.8794305478786335,11,34.0,21.183483594526912,7.326069837923539,15,False
48041.H2O.m3,48041,0.0463022828609064,14.970043326852425,0.9561288843710268,5,28.0,14.970043326852425,,1,False
48342.H2O.m1,48342,0.0665038200074408,10.422667156298568,0.9706812768771298,4,12.0,8.567762004142384,2.3857243132066785,14,False
48342.H2O.m10,48342,0.0829841687774102,8.352764036465622,0.9972226469993531,9,29.0,8.567762004142384,2.3857243132066785,14,False
48342.H2O.m11,48342,0.0706163580891473,9.815674431764153,0.9839303623682022,10,34.0,8.567762004142384,2.3857243132066785,14,False
48342.H2O.m12,48342,0.0875488002973842,7.917266464023207,0.9769158790114926,8,23.0,8.567762004142384,2.3857243132066785,14,False
48342.H2O.m13,48342,0.0971055851266245,7.138077378928201,0.9970361350099812,5,21.0,8.567762004142384,2.3857243132066785,14,False
48342.H2O.m14,48342,0.0802100706708355,8.641647797624676,0.9724438513313588,7,28.0,8.567762004142384,2.3857243132066785,14,False
48342.H2O.m2,48342,0.0857190093783955,8.086271476845189,0.9842386169839716,7,22.0,8.567762004142384,2.3857243132066785,14,False
48342.H2O.m3,48342,0.0844071716664632,8.21194653102382,0.9086468136942502,6,19.0,8.567762004142384,2.3857243132066785,14,False
48342.H2O.m4,48342,0.1079286947748874,6.422269647619464,0.9474198729609886,7,23.0,8.567762004142384,2.3857243132066785,14,False
48342.H2O.m6,48342,0.1167613822728452,5.936442058729788,0.9709856001315796,5,14.0,8.567762004142384,2.3857243132066785,14,False
48342.H2O.m7,48342,0.0866420721012166,8.000122385695024,0.9563842224406658,8,25.0,8.567762004142384,2.3857243132066785,14,False
48342.H2O.m8,48342,0.0912245630456842,7.598251582885901,0.9412260833284364,6,18.0,8.567762004142384,2.3857243132066785,14,False
48342.H2O.m9,48342,0.0912104748909771,7.599425190894536,0.9925307444184712,6,18.0,8.567762004142384,2.3857243132066785,14,False
48602.H2O.m1,48602,0.0391704727659783,17.695655212055044,0.9329855312770556,5,20.0,32.667638915548125,13.097592428580896,9,False
48602.H2O.m12,48602,0.014906551033,46.499500724577906,0.7281788604891407,11,35.0,32.667638915548125,13.097592428580896,9,False
48602.H2O.m13,48602,0.0156041544516151,44.420681858106114,0.9193742773251304,6,31.0,32.667638915548125,13.097592428580896,9,False
48602.H2O.m16,48602,0.0266613526675816,25.998200061423123,0.7375836595097898,11,35.0,32.667638915548125,13.097592428580896,9,False
48602.H2O.m2,48602,0.0513845558486011,13.489406867741064,0.9516054271387784,11,33.0,32.667638915548125,13.097592428580896,9,False
48602.H2O.m3,48602,0.0211157226710302,32.826116887342494,0.8442754808761102,9,34.0,32.667638915548125,13.097592428580896,9,False
48602.H2O.m5,48602,0.0158823899920576,43.642498446806094,0.6250819172289556,9,34.0,32.667638915548125,13.097592428580896,9,False
48602.H2O.m8,48602,0.014906551033,46.499500724577906,0.7281788604891407,11,35.0,32.667638915548125,13.097592428580896,9,False
48602.H2O.m9,48602,0.0302193597803344,22.937189457303404,0.7291650206693574,9,30.0,32.667638915548125,13.097592428580896,9,False
51706.H2O.m1,51706,0.0392572736678031,17.65652873465916,0.7878378003658363,5,15.0,17.65652873465916,,1,False
52226.H2O.m1,52226,0.0143153215907879,48.419951739400226,0.643039321892283,9,35.0,48.419951739400226,,1,False
53782.H2O.m3,53782,0.0172666443576338,40.14371097262421,0.9353760215347746,5,35.0,40.14371097262421,,1,False
66280.H2O.m1,66280,0.0360462319213389,19.229393576353555,0.927871180637523,5,19.0,19.229393576353555,,1,False
66684.H2O.m11,66684,0.0192953628292356,35.92299282964051,0.7299190785995746,11,35.0,34.034610580555544,7.054557646829596,6,False
66684.H2O.m2,66684,0.0279354400167342,24.81246689311956,0.7638900034886015,10,34.0,34.034610580555544,7.054557646829596,6,False
66684.H2O.m4,66684,0.0216882216996493,31.959613386428703,0.9228923927545428,5,30.0,34.034610580555544,7.054557646829596,6,False
66684.H2O.m5,66684,0.0203055251895705,34.135890310089756,0.7135991285757013,5,30.0,34.034610580555544,7.054557646829596,6,False
66684.H2O.m6,66684,0.0150060004157811,46.19133422327473,0.7511507661702329,5,30.0,34.034610580555544,7.054557646829596,6,False
66684.H2O.m7,66684,0.0222266810688987,31.18536584077999,0.6639018453758883,11,35.0,34.034610580555544,7.054557646829596,6,False
66817.H2O.m4,66817,0.0297599383426828,23.291284161224485,0.9347518196232912,11,34.0,23.291284161224485,,1,False
67990.H2O.m1,67990,0.0284501178064118,24.36359614664685,0.9810044120310096,10,33.0,24.06366172540876,9.324665047829484,7,False
67990.H2O.m11,67990,0.0214042976293086,32.383551778444065,0.6206876260040122,6,16.0,24.06366172540876,9.324665047829484,7,False
67990.H2O.m2,67990,0.0490200243754615,14.140082331475154,0.9561794108900582,10,33.0,24.06366172540876,9.324665047829484,7,False
67990.H2O.m3,67990,0.0402719061128584,17.2116804855837,0.897997578430468,11,35.0,24.06366172540876,9.324665047829484,7,False
67990.H2O.m6,67990,0.0442047812947482,15.680366699208054,0.931856574688164,11,35.0,24.06366172540876,9.324665047829484,7,False
67990.H2O.m8,67990,0.0175921054760421,39.40103596490532,0.8924892611473537,11,35.0,24.06366172540876,9.324665047829484,7,False
67990.H2O.m9,67990,0.0274347293841633,25.26531867159817,0.8557184894259663,11,35.0,24.06366172540876,9.324665047829484,7,False
68941.H2O.m3,68941,0.0412316833964048,16.811032765651834,0.6894244914802976,11,34.0,18.720524565502235,6.110805241946126,4,False
68941.H2O.m5,68941,0.0278599848101035,24.879668287133217,0.7093929237446652,11,34.0,18.720524565502235,6.110805241946126,4,False
68941.H2O.m6,68941,0.0313115249110279,22.137126266750997,0.7644561290031698,11,34.0,18.720524565502235,6.110805241946126,4,False
68941.H2O.m7,68941,0.0627040158656438,11.05427094247289,0.7126132819802157,11,34.0,18.720524565502235,6.110805241946126,4,False
69196.H2O.m10,69196,0.0514607262453591,13.469440311726176,0.8717812994704377,11,32.0,22.586837806845587,7.8676066174414245,14,False
69196.H2O.m11,69196,0.0252598227945693,27.440698464003727,0.74393261715108,11,35.0,22.586837806845587,7.8676066174414245,14,False
69196.H2O.m14,69196,0.0251426560219911,27.56857429675213,0.962228639415921,10,33.0,22.586837806845587,7.8676066174414245,14,False
69196.H2O.m15,69196,0.037103852009784,18.681272779364445,0.8738562387786096,7,29.0,22.586837806845587,7.8676066174414245,14,False
69196.H2O.m16,69196,0.0208945691254234,33.17355703289227,0.8626048630157278,11,33.0,22.586837806845587,7.8676066174414245,14,False
69196.H2O.m17,69196,0.0194021043938874,35.72536084169922,0.8616933665301877,11,33.0,22.586837806845587,7.8676066174414245,14,False
69196.H2O.m18,69196,0.0219534852804772,31.573445933723622,0.9472459403305864,11,33.0,22.586837806845587,7.8676066174414245,14,False
69196.H2O.m19,69196,0.0291263757647606,23.79792069422415,0.8492525441776753,11,34.0,22.586837806845587,7.8676066174414245,14,False
69196.H2O.m2,69196,0.0258802581272938,26.782854218480026,0.7884219400425889,8,34.0,22.586837806845587,7.8676066174414245,14,False
69196.H2O.m5,69196,0.0397580633964976,17.434128359003683,0.8417056808626706,5,15.0,22.586837806845587,7.8676066174414245,14,False
69196.H2O.m6,69196,0.0391565579009954,17.70194362621247,0.8981886000956292,11,32.0,22.586837806845587,7.8676066174414245,14,False
69196.H2O.m7,69196,0.0396523542585938,17.480605969561562,0.785627394797285,11,32.0,22.586837806845587,7.8676066174414245,14,False
69196.H2O.m8,69196,0.0580566769803403,11.939146651377673,0.901231687772649,11,32.0,22.586837806845587,7.8676066174414245,14,False
69196.H2O.m9,69196,0.0515474466406324,13.446780116817068,0.8318719942422902,11,32.0,22.586837806845587,7.8676066174414245,14,False
69693.H2O.m1,69693,0.0275047919567647,25.20096067803444,0.6704200637294295,6,31.0,15.242042630936824,5.209168172454548,12,False
69693.H2O.m10,69693,0.0370340283283327,18.71649431206097,0.7806813896109401,6,34.0,15.242042630936824,5.209168172454548,12,False
69693.H2O.m11,69693,0.0686384279190515,10.09852937449858,0.8656378451076296,9,29.0,15.242042630936824,5.209168172454548,12,False
69693.H2O.m12,69693,0.036143104869078,19.177853786240743,0.7265192352180593,5,28.0,15.242042630936824,5.209168172454548,12,False
69693.H2O.m13,69693,0.066120553982696,10.48308186802766,0.8697945488624376,9,35.0,15.242042630936824,5.209168172454548,12,False
69693.H2O.m3,69693,0.0437627504647547,15.838748095099408,0.6797858981227134,6,31.0,15.242042630936824,5.209168172454548,12,False
69693.H2O.m4,69693,0.0808666915777115,8.571479394502527,0.8740082769806279,6,31.0,15.242042630936824,5.209168172454548,12,False
69693.H2O.m5,69693,0.03267611237269,21.21265751121796,0.915641392563732,6,31.0,15.242042630936824,5.209168172454548,12,False
69693.H2O.m6,69693,0.0414316582041548,16.729892323991894,0.6515895839272644,9,29.0,15.242042630936824,5.209168172454548,12,False
69693.H2O.m7,69693,0.0465171095328096,14.900908236163117,0.639491639511261,9,29.0,15.242042630936824,5.209168172454548,12,False
69693.H2O.m8,69693,0.0718657107935581,9.64503339500926,0.8015607804210142,9,29.0,15.242042630936824,5.209168172454548,12,False
69693.H2O.m9,69693,0.0562214570018839,12.328872596395325,0.6986724358190708,9,29.0,15.242042630936824,5.209168172454548,12,False
70620.H2O.m1,70620,0.0283441918368029,24.454646107070943,0.8990531936656166,11,34.0,23.987139233976063,10.203456402583665,7,False
70620.H2O.m2,70620,0.0423573618781789,16.364267032339207,0.9519335409442082,11,34.0,23.987139233976063,10.203456402583665,7,False
70620.H2O.m3,70620,0.0332137243289668,20.869300103012776,0.8803298220881465,10,33.0,23.987139233976063,10.203456402583665,7,False
70620.H2O.m4,70620,0.0325477343491255,21.296326592961982,0.933151035891268,11,34.0,23.987139233976063,10.203456402583665,7,False
70620.H2O.m5,70620,0.0483960958260524,14.322378049900722,0.9416919729386134,11,34.0,23.987139233976063,10.203456402583665,7,False
70620.H2O.m7,70620,0.027393750229757,25.30311383970347,0.7829699521525999,11,34.0,23.987139233976063,10.203456402583665,7,False
71208.H2O.m12,71208,0.0304834345669733,22.73848699814561,0.9419956725449752,11,35.0,32.864712542130846,14.320645499952784,2,False
71208.H2O.m13,71208,0.0161230996907182,42.990938086116074,0.7988539594870623,10,33.0,32.864712542130846,14.320645499952784,2,False
71335.H2O.m1,71335,0.0426960681753634,16.234449919674482,0.9479817399896866,10,34.0,14.923764317771212,4.279937565620162,10,False
71335.H2O.m10,71335,0.0344049360960686,20.146736463177113,0.8971828720321108,10,33.0,14.923764317771212,4.279937565620162,10,False
71335.H2O.m2,71335,0.0386484297181265,17.934678992529715,0.9234556874692824,10,34.0,14.923764317771212,4.279937565620162,10,False
71335.H2O.m3,71335,0.0455393936182454,15.220825871564411,0.8773148073600933,10,33.0,14.923764317771212,4.279937565620162,10,False
71335.H2O.m4,71335,0.0581532902399792,11.91931149036552,0.8908788573876233,8,27.0,14.923764317771212,4.279937565620162,10,False
71335.H2O.m5,71335,0.0431450479475382,16.06550956677046,0.9398006008723038,11,34.0,14.923764317771212,4.279937565620162,10,False
71335.H2O.m6,71335,0.0389782389109784,17.78292708767601,0.9070631380221924,11,34.0,14.923764317771212,4.279937565620162,10,False
71335.H2O.m7,71335,0.0386484297181265,17.934678992529715,0.9234556874692824,10,34.0,14.923764317771212,4.279937565620162,10,False
71335.H2O.m8,71335,0.0747543554964794,9.272331705041438,0.9401442101084284,11,35.0,14.923764317771212,4.279937565620162,10,False
71335.H2O.m9,71335,0.1030519301857499,6.726193088383257,0.9602418186806264,8,23.0,14.923764317771212,4.279937565620162,10,False
71732.H2O.m1,71732,0.04673662682567,14.83092015060092,0.925758024232859,11,34.0,10.438714783541288,2.8590837044288686,12,False
71732.H2O.m10,71732,0.0707803763383953,9.792928724284586,0.9712423385387774,10,32.0,10.438714783541288,2.8590837044288686,12,False
71732.H2O.m13,71732,0.0742465711089319,9.33574669115674,0.8738221999389449,6,17.0,10.438714783541288,2.8590837044288686,12,False
71732.H2O.m14,71732,0.0456998393115276,15.16738769768718,0.9500143391205916,10,34.0,10.438714783541288,2.8590837044288686,12,False
71732.H2O.m2,71732,0.0637942904410524,10.865348227368887,0.8897241491832858,11,34.0,10.438714783541288,2.8590837044288686,12,False
71732.H2O.m3,71732,0.0719139631654736,9.638561832074494,0.9723366244254946,11,34.0,10.438714783541288,2.8590837044288686,12,False
71732.H2O.m4,71732,0.0566382437606773,12.238147487213968,0.926840576211602,10,33.0,10.438714783541288,2.8590837044288686,12,False
71732.H2O.m5,71732,0.0708066899628399,9.78928941493686,0.9468466528189688,8,27.0,10.438714783541288,2.8590837044288686,12,False
71732.H2O.m6,71732,0.0862124501519015,8.039989344214883,0.9034093511483864,8,27.0,10.438714783541288,2.8590837044288686,12,False
71732.H2O.m7,71732,0.0667237436610115,10.388313702562366,0.94055129605235,10,32.0,10.438714783541288,2.8590837044288686,12,False
71732.H2O.m9,71732,0.0643994229629047,10.763251418560245,0.9352672859449918,9,29.0,10.438714783541288,2.8590837044288686,12,False
72877.H2O.m1,72877,0.0169283588750663,40.945917184026456,0.815200134394893,10,33.0,40.945917184026456,,1,False
72955.H2O.m1,72955,0.143277155052441,4.837806699234401,0.9690636780694788,6,19.0,6.811397005518205,2.5141513268316484,4,False
72955.H2O.m2,72955,0.0722389069445616,9.59520582297691,0.9775295153059874,7,22.0,6.811397005518205,2.5141513268316484,4,False
72955.H2O.m3,72955,0.0837561272294332,8.275778781667006,0.995223226420932,7,22.0,6.811397005518205,2.5141513268316484,4,False
72955.H2O.m4,72955,0.152783389606179,4.536796718194505,0.998237115509807,3,6.0,6.811397005518205,2.5141513268316484,4,False
73062.H2O.m10,73062,0.0323052366774629,21.456186422045455,0.771719027444363,7,34.0,16.444915784863312,5.555349805542385,15,False
73062.H2O.m11,73062,0.0354746923607613,19.539202017904937,0.8089404149132335,7,34.0,16.444915784863312,5.555349805542385,15,False
73062.H2O.m13,73062,0.0278409093144792,24.89671485691956,0.6970436180297159,7,34.0,16.444915784863312,5.555349805542385,15,False
73062.H2O.m14,73062,0.032898028878184,21.06956569120156,0.8843863149356436,7,27.0,16.444915784863312,5.555349805542385,15,False
73062.H2O.m15,73062,0.0518241985583833,13.37497153533536,0.8702062941498584,5,27.0,16.444915784863312,5.555349805542385,15,False
73062.H2O.m16,73062,0.0735158155217905,9.428545077548549,0.9804571182150325,5,28.0,16.444915784863312,5.555349805542385,15,False
73062.H2O.m17,73062,0.0641710661468845,10.801553132581038,0.9667176793102764,5,28.0,16.444915784863312,5.555349805542385,15,False
73062.H2O.m18,73062,0.0688396336436312,10.06901321044541,0.9624334100085052,9,28.0,16.444915784863312,5.555349805542385,15,False
73062.H2O.m3,73062,0.0262939801041897,26.361440063974843,0.6945394168005498,5,14.0,16.444915784863312,5.555349805542385,15,False
73062.H2O.m4,73062,0.0486125117350987,14.258616883181654,0.9939882626480352,5,30.0,16.444915784863312,5.555349805542385,15,False
73062.H2O.m5,73062,0.060507763203799,11.455508249831071,0.9952198980838804,5,30.0,16.444915784863312,5.555349805542385,15,False
73062.H2O.m6,73062,0.0580215656084618,11.946371548079297,0.987152974448778,5,30.0,16.444915784863312,5.555349805542385,15,False
73062.H2O.m7,73062,0.0514986105684289,13.45953168268344,0.9563552098146054,5,30.0,16.444915784863312,5.555349805542385,15,False
73062.H2O.m8,73062,0.0365370376950662,18.971083160733176,0.9540251757160068,5,30.0,16.444915784863312,5.555349805542385,15,False
73062.H2O.m9,73062,0.0353909546982686,19.585433240484303,0.6354752579825308,7,34.0,16.444915784863312,5.555349805542385,15,False
73230.H2O.m1,73230,0.0348524981374568,19.88802001584507,0.9288326692652508,6,33.0,18.65101189077555,7.201636245068665,13,False
73230.H2O.m10,73230,0.0282667706632338,24.52162607529524,0.6553078373881165,10,32.0,18.65101189077555,7.201636245068665,13,False
73230.H2O.m11,73230,0.0670001233031597,10.345461267640037,0.9239086862752104,9,29.0,18.65101189077555,7.201636245068665,13,False
73230.H2O.m12,73230,0.0225557742831712,30.7303651764728,0.735580927722225,10,32.0,18.65101189077555,7.201636245068665,13,False
73230.H2O.m13,73230,0.0226320738867686,30.626763770207525,0.6729741100254656,10,32.0,18.65101189077555,7.201636245068665,13,False
73230.H2O.m2,73230,0.0448617307331284,15.450745417810788,0.9767401719302466,9,33.0,18.65101189077555,7.201636245068665,13,False
73230.H2O.m3,73230,0.0270376695894808,25.636350731559272,0.8243355418126682,11,34.0,18.65101189077555,7.201636245068665,13,False
73230.H2O.m4,73230,0.0411114523441306,16.86019688036886,0.98102312962881,11,34.0,18.65101189077555,7.201636245068665,13,False
73230.H2O.m5,73230,0.0519722821879994,13.336862484749515,0.9430512380238144,8,29.0,18.65101189077555,7.201636245068665,13,False
73230.H2O.m6,73230,0.0701787735397563,9.876877944686171,0.972395226792132,8,29.0,18.65101189077555,7.201636245068665,13,False
73230.H2O.m7,73230,0.0387696715685622,17.878593047510076,0.934239185140402,10,33.0,18.65101189077555,7.201636245068665,13,False
73230.H2O.m8,73230,0.0607477662782054,11.41024967709185,0.8271871018383765,7,31.0,18.65101189077555,7.201636245068665,13,False
73230.H2O.m9,73230,0.0435913053119346,15.901042090844944,0.7349601733253617,10,31.0,18.65101189077555,7.201636245068665,13,False
73263.H2O.m1,73263,0.0302576318162774,22.908176845058275,0.9334666947199542,9,28.0,20.82022980015439,8.454464491779587,18,False
73263.H2O.m10,73263,0.0343257884427741,20.19319036809653,0.7728730582795609,8,28.0,20.82022980015439,8.454464491779587,18,False
73263.H2O.m11,73263,0.0378770716948713,18.29991468569094,0.96285846857188,10,34.0,20.82022980015439,8.454464491779587,18,False
73263.H2O.m12,73263,0.0542646096784397,12.773466623410451,0.980601289783714,11,35.0,20.82022980015439,8.454464491779587,18,False
73263.H2O.m13,73263,0.0500365905928099,13.852805963553154,0.9064560995067068,9,28.0,20.82022980015439,8.454464491779587,18,False
73263.H2O.m14,73263,0.043469386925414,15.945639669344006,0.8458145803684128,11,35.0,20.82022980015439,8.454464491779587,18,False
73263.H2O.m16,73263,0.0343257884427741,20.19319036809653,0.7728730582795609,8,28.0,20.82022980015439,8.454464491779587,18,False
73263.H2O.m17,73263,0.1489894859606369,4.652322787012468,0.97518446886984,3,11.0,20.82022980015439,8.454464491779587,18,False
73263.H2O.m18,73263,0.0401109901047139,17.28072976384806,0.8562042226681958,4,25.0,20.82022980015439,8.454464491779587,18,False
73263.H2O.m2,73263,0.03225892030835,21.48699255692472,0.8544604408498352,10,31.0,20.82022980015439,8.454464491779587,18,False
73263.H2O.m20,73263,0.0286475414918047,24.195695143970173,0.8211630860640167,6,34.0,20.82022980015439,8.454464491779587,18,False
73263.H2O.m21,73263,0.0287380563661398,24.119487126367876,0.6926871477706072,9,27.0,20.82022980015439,8.454464491779587,18,False
73263.H2O.m22,73263,0.0257027125005139,26.967861098165667,0.7758959750272217,6,35.0,20.82022980015439,8.454464491779587,18,False
73263.H2O.m3,73263,0.0287380563661398,24.119487126367876,0.6926871477706072,9,27.0,20.82022980015439,8.454464491779587,18,False
73263.H2O.m7,73263,0.0250952230168474,27.62068223480647,0.7862860841914883,10,35.0,20.82022980015439,8.454464491779587,18,False
73263.H2O.m8,73263,0.0542646096784397,12.773466623410451,0.980601289783714,11,35.0,20.82022980015439,8.454464491779587,18,False
73263.H2O.m9,73263,0.0316788122983998,21.880466162393244,0.951588461484134,10,33.0,20.82022980015439,8.454464491779587,18,False
73471.H2O.m1,73471,0.0354500459921099,19.55278649608007,0.9705833265099256,11,35.0,15.388055696546909,6.729836502021003,20,False
73471.H2O.m10,73471,0.0614939498440668,11.271794742695691,0.8177709721894131,9,29.0,15.388055696546909,6.729836502021003,20,False
73471.H2O.m12,73471,0.0541031493733854,12.811586545106367,0.9694539137524556,9,29.0,15.388055696546909,6.729836502021003,20,False
73471.H2O.m14,73471,0.0684942253009164,10.119790062807985,0.8556125002972661,8,26.0,15.388055696546909,6.729836502021003,20,False
73471.H2O.m16,73471,0.0320501197983095,21.626976277215157,0.963220336424564,10,34.0,15.388055696546909,6.729836502021003,20,False
73471.H2O.m17,73471,0.047824585755123,14.493532345665823,0.9730257860638588,11,33.0,15.388055696546909,6.729836502021003,20,False
73471.H2O.m18,73471,0.0505438220159878,13.71378643151861,0.9862964432007296,11,34.0,15.388055696546909,6.729836502021003,20,False
73471.H2O.m19,73471,0.0541031493733854,12.811586545106367,0.9694539137524556,9,29.0,15.388055696546909,6.729836502021003,20,False
73471.H2O.m2,73471,0.0816136376204012,8.493031321356964,0.8854037005148339,5,27.0,15.388055696546909,6.729836502021003,20,False
73471.H2O.m20,73471,0.0354813230016317,19.535550591731543,0.8979718564429471,11,34.0,15.388055696546909,6.729836502021003,20,False
73471.H2O.m21,73471,0.0435422250171255,15.918965562447132,0.9081511688552114,8,22.0,15.388055696546909,6.729836502021003,20,False
73471.H2O.m22,73471,0.0371268859299486,18.669682716395393,0.916272308024808,8,22.0,15.388055696546909,6.729836502021003,20,False
73471.H2O.m23,73471,0.055036047943599,12.594421410314242,0.9618554741371904,11,33.0,15.388055696546909,6.729836502021003,20,False
73471.H2O.m3,73471,0.1093085274600119,6.34119950809435,0.9869012473256936,5,27.0,15.388055696546909,6.729836502021003,20,False
73471.H2O.m4,73471,0.0570466323866446,12.150536351769302,0.870700827229791,5,27.0,15.388055696546909,6.729836502021003,20,False
73471.H2O.m5,73471,0.0911548317582189,7.604064065396597,0.9510428940202946,5,27.0,15.388055696546909,6.729836502021003,20,False
73471.H2O.m6,73471,0.0272735433780286,25.414636116491547,0.843302662549709,11,34.0,15.388055696546909,6.729836502021003,20,False
73471.H2O.m7,73471,0.0358201901384244,19.350739844800657,0.8819535053924911,10,30.0,15.388055696546909,6.729836502021003,20,False
73471.H2O.m8,73471,0.0647001814331536,10.713218498097804,0.850768088286833,9,29.0,15.388055696546909,6.729836502021003,20,False
85277.H2O.m1,85277,0.0338240467645323,20.492733627803936,0.9495547264835174,11,34.0,15.24472080419207,5.443856780726065,11,False
85277.H2O.m10,85277,0.0729118974361381,9.506640273174307,0.9996828345507892,5,34.0,15.24472080419207,5.443856780726065,11,False
85277.H2O.m11,85277,0.0308388607080445,22.47641983671375,0.6107422062600806,6,35.0,15.24472080419207,5.443856780726065,11,False
85277.H2O.m12,85277,0.0812621670281018,8.529764906715368,0.9647749381130174,5,28.0,15.24472080419207,5.443856780726065,11,False
85277.H2O.m13,85277,0.0784525328276297,8.835242860582698,0.9833690486939648,4,21.0,15.24472080419207,5.443856780726065,11,False
85277.H2O.m2,85277,0.0571384018845759,12.131021479392382,0.9748785910734812,9,33.0,15.24472080419207,5.443856780726065,11,False
85277.H2O.m4,85277,0.0331999628191518,20.877950506622053,0.9077014240061998,12,35.0,15.24472080419207,5.443856780726065,11,False
85277.H2O.m6,85277,0.047068090261748,14.72647767745237,0.946316922561414,5,31.0,15.24472080419207,5.443856780726065,11,False
85277.H2O.m7,85277,0.0342505736942257,20.237534902278203,0.866959868610167,5,35.0,15.24472080419207,5.443856780726065,11,False
85277.H2O.m8,85277,0.0628585181583193,11.027100238254778,0.9900376912168786,5,26.0,15.24472080419207,5.443856780726065,11,False
85277.H2O.m9,85277,0.0367697000945674,18.85104253712294,0.8848445599938529,11,35.0,15.24472080419207,5.443856780726065,11,False
BPTO51.H2O.m1,BPTO51,0.0320812844810266,21.605967210255645,0.8560592842536022,6,33.0,21.605967210255645,,1,False
BXTO64.H2O.m1,BXTO64,0.0424592620579948,16.324993581216265,0.7573347247588229,5,32.0,24.404813240196063,10.287320691479543,7,False
BXTO64.H2O.m2,BXTO64,0.0186473598575887,37.17133073279873,0.94796644512658,4,28.0,24.404813240196063,10.287320691479543,7,False
BXTO64.H2O.m3,BXTO64,0.0174685323667465,39.6797604977643,0.9865986445651528,4,28.0,24.404813240196063,10.287320691479543,7,False
BXTO64.H2O.m4,BXTO64,0.0284962578453816,24.324147553721073,0.981012277414692,6,35.0,24.404813240196063,10.287320691479543,7,False
BXTO64.H2O.m5,BXTO64,0.042618138913717,16.26413537116818,0.8856573792751058,5,29.0,24.404813240196063,10.287320691479543,7,False
BXTO64.H2O.m6,BXTO64,0.0302627241060768,22.904322100361025,0.7604291147611781,5,32.0,24.404813240196063,10.287320691479543,7,False
BXTO64.H2O.m8,BXTO64,0.0489337833657244,14.165002844342878,0.9208329185481294,5,30.0,24.404813240196063,10.287320691479543,7,False
INSB014.H2O.m1,INSB014,0.0695642169957398,9.96413401163409,0.950738982092292,6,28.0,7.618275885606159,3.06250155456307,14,False
INSB014.H2O.m10,INSB014,0.0914814180663441,7.576917752381815,0.9325465511307632,4,26.0,7.618275885606159,3.06250155456307,14,False
INSB014.H2O.m12,INSB014,0.0804085426568601,8.620317663484085,0.910270476023902,6,35.0,7.618275885606159,3.06250155456307,14,False
INSB014.H2O.m13,INSB014,0.0675937131160445,10.254610208644008,0.9529352920745904,7,20.0,7.618275885606159,3.06250155456307,14,False
INSB014.H2O.m14,INSB014,0.2265199073362132,3.059983507458964,0.8902007632484151,4,18.0,7.618275885606159,3.06250155456307,14,False
INSB014.H2O.m15,INSB014,0.1510646095996015,4.588415396545489,0.9911358168401112,4,24.0,7.618275885606159,3.06250155456307,14,False
INSB014.H2O.m2,INSB014,0.0864256071086176,8.020159808525436,0.9489552037467704,6,28.0,7.618275885606159,3.06250155456307,14,False
INSB014.H2O.m3,INSB014,0.0895197375658165,7.742953670416327,0.9021907400965078,5,21.0,7.618275885606159,3.06250155456307,14,False
INSB014.H2O.m4,INSB014,0.1257156322888127,5.5136116960183905,0.9930636305281704,7,20.0,7.618275885606159,3.06250155456307,14,False
INSB014.H2O.m5,INSB014,0.1066053083559114,6.501994987396038,0.996072694560933,6,19.0,7.618275885606159,3.06250155456307,14,False
INSB014.H2O.m6,INSB014,0.1313489004538709,5.2771449031153095,0.9809379090581788,4,13.0,7.618275885606159,3.06250155456307,14,False
INSB014.H2O.m7,INSB014,0.1079630807984687,6.420224167683963,0.9816253526249814,8,24.0,7.618275885606159,3.06250155456307,14,False
INSB014.H2O.m9,INSB014,0.0937665545723022,7.392264584335005,0.995270924798815,9,27.0,7.618275885606159,3.06250155456307,14,False
INSB019.H2O.m1,INSB019,0.0337727276343888,20.52387322882839,0.8245087044463694,9,34.0,20.313757524366196,8.37720615330296,9,False
INSB019.H2O.m10,INSB019,0.0497803213929793,13.92412023795614,0.9902415286862292,6,33.0,20.313757524366196,8.37720615330296,9,False
INSB019.H2O.m11,INSB019,0.0523510959821392,13.240356625894288,0.8423416616985926,10,32.0,20.313757524366196,8.37720615330296,9,False
INSB019.H2O.m2,INSB019,0.0452145485168635,15.330180291448086,0.9811496002612232,6,32.0,20.313757524366196,8.37720615330296,9,False
INSB019.H2O.m4,INSB019,0.0272193082385578,25.465275402482824,0.9385613496444878,5,34.0,20.313757524366196,8.37720615330296,9,False
INSB019.H2O.m5,INSB019,0.0260318017300992,26.62693837893265,0.7412005403019357,5,26.0,20.313757524366196,8.37720615330296,9,False
INSB019.H2O.m7,INSB019,0.0375192898110708,18.47442166550334,0.9551091926206589,6,31.0,20.313757524366196,8.37720615330296,9,False
INSB019.H2O.m9,INSB019,0.0597363573059083,11.603439041492878,0.9976750688599908,4,35.0,20.313757524366196,8.37720615330296,9,False
NOTCH01.H2O.m1,NOTCH01,0.0270988392416453,25.57848232461265,0.6457710881684812,7,26.0,18.189197783868707,11.584453716335616,32,False
NOTCH01.H2O.m10,NOTCH01,0.0449227910451102,15.429744333202835,0.9504943745074372,11,35.0,18.189197783868707,11.584453716335616,32,False
NOTCH01.H2O.m12,NOTCH01,0.0240912135733471,28.77178347407102,0.6625581879855729,11,35.0,18.189197783868707,11.584453716335616,32,False
NOTCH01.H2O.m13,NOTCH01,0.0400588319467294,17.303229946437234,0.9158465062885864,9,28.0,18.189197783868707,11.584453716335616,32,False
NOTCH01.H2O.m14,NOTCH01,0.0694887819385558,9.974950793825228,0.9474749579409248,9,28.0,18.189197783868707,11.584453716335616,32,False
NOTCH01.H2O.m15,NOTCH01,0.0334885131998499,20.69805776158048,0.6748764517409017,10,33.0,18.189197783868707,11.584453716335616,32,False
NOTCH01.H2O.m16,NOTCH01,0.0271110524372419,25.566959532997796,0.8741258161420438,10,33.0,18.189197783868707,11.584453716335616,32,False
NOTCH01.H2O.m17,NOTCH01,0.2260522649792316,3.0663138041267923,0.995685261184864,5,14.0,18.189197783868707,11.584453716335616,32,False
NOTCH01.H2O.m18,NOTCH01,0.2392967008285243,2.89660149162124,0.9973519694876136,5,14.0,18.189197783868707,11.584453716335616,32,False
NOTCH01.H2O.m19,NOTCH01,0.2126758844096352,3.259171496966124,0.9829192647232536,5,14.0,18.189197783868707,11.584453716335616,32,False
NOTCH01.H2O.m2,NOTCH01,0.0207332471155609,33.431675062596355,0.6602892493453875,9,34.0,18.189197783868707,11.584453716335616,32,False
NOTCH01.H2O.m20,NOTCH01,0.2105380946300787,3.2922649071077803,0.996349568564098,5,14.0,18.189197783868707,11.584453716335616,32,False
NOTCH01.H2O.m21,NOTCH01,0.2288965453487351,3.028211629423683,0.9971705679021396,5,14.0,18.189197783868707,11.584453716335616,32,False
NOTCH01.H2O.m22,NOTCH01,0.1297876835626485,5.340623713538757,0.9948288667324628,4,14.0,18.189197783868707,11.584453716335616,32,False
NOTCH01.H2O.m23,NOTCH01,0.1287746702571026,5.382636035301473,0.9882440645770422,7,28.0,18.189197783868707,11.584453716335616,32,False
NOTCH01.H2O.m24,NOTCH01,0.1896644099456085,3.654598038497177,0.9981030888492376,4,14.0,18.189197783868707,11.584453716335616,32,False
NOTCH01.H2O.m25,NOTCH01,0.0643267818538849,10.775405835385865,0.8828465511738175,4,15.0,18.189197783868707,11.584453716335616,32,False
NOTCH01.H2O.m26,NOTCH01,0.0341432782853084,20.30113144871035,0.9744432370551284,9,31.0,18.189197783868707,11.584453716335616,32,False
NOTCH01.H2O.m27,NOTCH01,0.0308977645569398,22.433570534935647,0.6186316397941045,9,35.0,18.189197783868707,11.584453716335616,32,False
NOTCH01.H2O.m28,NOTCH01,0.0323594236367374,21.42025730560353,0.6999713526652834,11,34.0,18.189197783868707,11.584453716335616,32,False
NOTCH01.H2O.m29,NOTCH01,0.0349660477099225,19.82343518805093,0.6520159321425022,9,26.0,18.189197783868707,11.584453716335616,32,False
NOTCH01.H2O.m3,NOTCH01,0.0270230529350713,25.650217324644203,0.8644362518058177,11,35.0,18.189197783868707,11.584453716335616,32,False
NOTCH01.H2O.m32,NOTCH01,0.0493198527128315,14.054121057413637,0.9094182860160878,10,34.0,18.189197783868707,11.584453716335616,32,False
NOTCH01.H2O.m33,NOTCH01,0.0197844006505286,35.035035571897524,0.7933103831229139,10,34.0,18.189197783868707,11.584453716335616,32,False
NOTCH01.H2O.m34,NOTCH01,0.0355858280156589,19.478180478333595,0.8871510162481026,11,34.0,18.189197783868707,11.584453716335616,32,False
NOTCH01.H2O.m35,NOTCH01,0.1025822032945105,6.756992522084363,0.791895765191901,6,19.0,18.189197783868707,11.584453716335616,32,False
NOTCH01.H2O.m4,NOTCH01,0.0279850482302223,24.76848261463358,0.7355950236604043,8,35.0,18.189197783868707,11.584453716335616,32,False
NOTCH01.H2O.m6,NOTCH01,0.0208654911852576,33.21978737072252,0.6730319509539704,8,35.0,18.189197783868707,11.584453716335616,32,False
NOTCH01.H2O.m7,NOTCH01,0.038351852525808,18.073368948566603,0.9387920277217509,8,34.0,18.189197783868707,11.584453716335616,32,False
NOTCH01.H2O.m8,NOTCH01,0.0171363345390297,40.44897577024032,0.765285947025543,11,35.0,18.189197783868707,11.584453716335616,32,False
NOTCH01.H2O.m9,NOTCH01,0.033801349578232,20.506494243837196,0.9006818271051189,11,35.0,18.189197783868707,11.584453716335616,32,False
NOTCH06.H2O.m1,NOTCH06,0.0731345104653342,9.47770315477119,0.9873786014858708,10,31.0,12.768362478792318,3.99863938420708,25,False
NOTCH06.H2O.m10,NOTCH06,0.0471469369705712,14.701849687342424,0.9414798838792976,10,34.0,12.768362478792318,3.99863938420708,25,False
NOTCH06.H2O.m11,NOTCH06,0.0562166715650564,12.329922090065477,0.9737567698579668,10,33.0,12.768362478792318,3.99863938420708,25,False
NOTCH06.H2O.m12,NOTCH06,0.0623615403231678,11.114978510279608,0.9677778893474474,10,33.0,12.768362478792318,3.99863938420708,25,False
NOTCH06.H2O.m13,NOTCH06,0.0530390678562766,13.06861542963407,0.9555600495616172,10,33.0,12.768362478792318,3.99863938420708,25,False
NOTCH06.H2O.m15,NOTCH06,0.087563216529801,7.915962981145646,0.959378861269226,9,28.0,12.768362478792318,3.99863938420708,25,False
NOTCH06.H2O.m16,NOTCH06,0.0650809474300376,10.650539181303136,0.9778515440063228,10,34.0,12.768362478792318,3.99863938420708,25,False
NOTCH06.H2O.m17,NOTCH06,0.0829979103469839,8.351381109020094,0.9883204596836036,9,29.0,12.768362478792318,3.99863938420708,25,False
NOTCH06.H2O.m18,NOTCH06,0.0604324775960015,11.469779299695736,0.9572787964244924,10,35.0,12.768362478792318,3.99863938420708,25,False
NOTCH06.H2O.m19,NOTCH06,0.0828885305296858,8.36240160285747,0.9780999186503854,3,19.0,12.768362478792318,3.99863938420708,25,False
NOTCH06.H2O.m2,NOTCH06,0.0509828100822619,13.595703717420363,0.957971339333297,11,35.0,12.768362478792318,3.99863938420708,25,False
NOTCH06.H2O.m20,NOTCH06,0.0418443957069098,16.564874909771596,0.8550293403785338,5,28.0,12.768362478792318,3.99863938420708,25,False
NOTCH06.H2O.m21,NOTCH06,0.0637740273959736,10.86880049547737,0.968353362412669,5,28.0,12.768362478792318,3.99863938420708,25,False
NOTCH06.H2O.m22,NOTCH06,0.1388645995764055,4.991532634482302,0.995402586992999,3,10.0,12.768362478792318,3.99863938420708,25,False
NOTCH06.H2O.m23,NOTCH06,0.0763033848786561,9.084094783766725,0.9790622555634584,9,29.0,12.768362478792318,3.99863938420708,25,False
NOTCH06.H2O.m24,NOTCH06,0.0576870332531632,12.015649643794722,0.9540454082463729,3,14.0,12.768362478792318,3.99863938420708,25,False
NOTCH06.H2O.m25,NOTCH06,0.0504097678907545,13.750255348568505,0.9142145641709778,6,33.0,12.768362478792318,3.99863938420708,25,False
NOTCH06.H2O.m3,NOTCH06,0.0501476175650414,13.822135810558374,0.9600510740818148,11,35.0,12.768362478792318,3.99863938420708,25,False
NOTCH06.H2O.m4,NOTCH06,0.0468803788525921,14.785443239258717,0.9867944324125316,11,35.0,12.768362478792318,3.99863938420708,25,False
NOTCH06.H2O.m5,NOTCH06,0.0516074514605282,13.431145327726489,0.9651662514917212,11,34.0,12.768362478792318,3.99863938420708,25,False
NOTCH06.H2O.m6,NOTCH06,0.043733502337803,15.849340745819752,0.9362308714671284,10,33.0,12.768362478792318,3.99863938420708,25,False
NOTCH06.H2O.m7,NOTCH06,0.0413714247284909,16.75424970517393,0.8291791604818777,10,35.0,12.768362478792318,3.99863938420708,25,False
NOTCH06.H2O.m9,NOTCH06,0.0569178171992258,12.178035185955316,0.928799462738185,10,34.0,12.768362478792318,3.99863938420708,25,False
NOTCH10.H2O.m10,NOTCH10,0.0577643040246482,11.999576421178318,0.8683158675225744,11,32.0,17.666038079324913,5.421505392780633,15,False
NOTCH10.H2O.m11,NOTCH10,0.0597573011699072,11.599372243889128,0.8503409008519439,11,32.0,17.666038079324913,5.421505392780633,15,False
NOTCH10.H2O.m12,NOTCH10,0.0663478371920788,10.447170697565683,0.9294889598267332,11,32.0,17.666038079324913,5.421505392780633,15,False
NOTCH10.H2O.m13,NOTCH10,0.024515805162926,28.27348218642863,0.8272698210215426,10,33.0,17.666038079324913,5.421505392780633,15,False
NOTCH10.H2O.m14,NOTCH10,0.03456406697392,20.05398210467978,0.9460559473597456,10,33.0,17.666038079324913,5.421505392780633,15,False
NOTCH10.H2O.m16,NOTCH10,0.0337741797988848,20.522990778382496,0.8877584404095756,11,34.0,17.666038079324913,5.421505392780633,15,False
NOTCH10.H2O.m17,NOTCH10,0.0380239928223134,18.2292055386984,0.906236118462727,10,34.0,17.666038079324913,5.421505392780633,15,False
NOTCH10.H2O.m18,NOTCH10,0.0359412475799803,19.285562612079023,0.7916157861534929,10,34.0,17.666038079324913,5.421505392780633,15,False
NOTCH10.H2O.m19,NOTCH10,0.0274611026597103,25.241054197612304,0.6330414068355141,10,34.0,17.666038079324913,5.421505392780633,15,False
NOTCH10.H2O.m20,NOTCH10,0.0322005830899561,21.52592015565545,0.858247327933564,10,33.0,17.666038079324913,5.421505392780633,15,False
NOTCH10.H2O.m4,NOTCH10,0.0354161865617235,19.57147981903484,0.8516905660579077,8,35.0,17.666038079324913,5.421505392780633,15,False
NOTCH10.H2O.m5,NOTCH10,0.0355623046343577,19.49106470142199,0.7086260106161599,8,26.0,17.666038079324913,5.421505392780633,15,False
NOTCH10.H2O.m6,NOTCH10,0.0433601626117236,15.985806759233256,0.905847093490704,8,26.0,17.666038079324913,5.421505392780633,15,False
NOTCH10.H2O.m8,NOTCH10,0.0621609740455796,11.150841684876012,0.8820266298416278,11,32.0,17.666038079324913,5.421505392780633,15,False
NOTCH10.H2O.m9,NOTCH10,0.0596868614831336,11.613061289138406,0.9205623254892076,11,32.0,17.666038079324913,5.421505392780633,15,False
NOTCH18.H2O.m1,NOTCH18,0.0794402936203652,8.725385430627995,0.963667642908092,10,30.0,18.136919370679877,8.127497860443068,4,False
NOTCH18.H2O.m3,NOTCH18,0.0337283984948917,20.550847697821272,0.8165457062590699,11,35.0,18.136919370679877,8.127497860443068,4,False
NOTCH18.H2O.m4,NOTCH18,0.0248156930216511,27.93180830997501,0.7733941517307157,10,33.0,18.136919370679877,8.127497860443068,4,False
NOTCH18.H2O.m7,NOTCH18,0.0451866770866265,15.339636044295228,0.8464121864542631,10,35.0,18.136919370679877,8.127497860443068,4,False
NOTCHB02.H2O.m10,NOTCHB02,0.0391508884080038,17.704507068560968,0.7434749770978583,9,32.0,23.542335214510267,8.335502297661748,8,False
NOTCHB02.H2O.m11,NOTCHB02,0.0189007374221626,36.673023124863654,0.7522209551408178,9,32.0,23.542335214510267,8.335502297661748,8,False
NOTCHB02.H2O.m12,NOTCHB02,0.0321149695839319,21.583304905471444,0.7819372877219292,9,32.0,23.542335214510267,8.335502297661748,8,False
NOTCHB02.H2O.m18,NOTCHB02,0.0308920323973107,22.43773318780691,0.7568672304389401,10,32.0,23.542335214510267,8.335502297661748,8,False
NOTCHB02.H2O.m2,NOTCHB02,0.0370819970370124,18.6922829390256,0.7352885366008778,9,27.0,23.542335214510267,8.335502297661748,8,False
NOTCHB02.H2O.m21,NOTCHB02,0.0254566396726765,27.228541923540757,0.743404011898135,10,35.0,23.542335214510267,8.335502297661748,8,False
NOTCHB02.H2O.m4,NOTCHB02,0.0211304753474582,32.80319865796695,0.6720374338887182,7,34.0,23.542335214510267,8.335502297661748,8,False
NOTCHB02.H2O.m8,NOTCHB02,0.0617993602220749,11.216089908845856,0.773146583331216,9,32.0,23.542335214510267,8.335502297661748,8,False
REF001.H2O.m1,REF001,0.0362923659358128,19.098980258984884,0.9336911828068534,11,34.0,22.526827483020455,9.095291610673026,13,False
REF001.H2O.m10,REF001,0.0191664945350305,36.16452551055088,0.769276996434549,11,34.0,22.526827483020455,9.095291610673026,13,False
REF001.H2O.m11,REF001,0.0207070246851301,33.47401140916677,0.7127796758030621,11,33.0,22.526827483020455,9.095291610673026,13,False
REF001.H2O.m12,REF001,0.0490928904460283,14.119094929274455,0.9599109344146765,4,30.0,22.526827483020455,9.095291610673026,13,False
REF001.H2O.m13,REF001,0.051494456170567,13.46061755199448,0.9907198853353152,5,35.0,22.526827483020455,9.095291610673026,13,False
REF001.H2O.m14,REF001,0.0324397365927942,21.3672259198896,0.86322744482053,10,32.0,22.526827483020455,9.095291610673026,13,False
REF001.H2O.m2,REF001,0.0437287132281704,15.8510765442193,0.8530153557783231,9,29.0,22.526827483020455,9.095291610673026,13,False
REF001.H2O.m3,REF001,0.0191664945350305,36.16452551055088,0.769276996434549,11,34.0,22.526827483020455,9.095291610673026,13,False
REF001.H2O.m4,REF001,0.0580866246552972,11.932991195017436,0.9397368870401398,10,34.0,22.526827483020455,9.095291610673026,13,False
REF001.H2O.m5,REF001,0.0472148536279424,14.68070167117348,0.8004116205992621,11,34.0,22.526827483020455,9.095291610673026,13,False
REF001.H2O.m7,REF001,0.0208991648291169,33.166262203657354,0.7024953795369634,10,33.0,22.526827483020455,9.095291610673026,13,False
REF001.H2O.m8,REF001,0.0305824230576256,22.664887581139848,0.934828864539724,10,33.0,22.526827483020455,9.095291610673026,13,False
REF001.H2O.m9,REF001,0.033479132935117,20.70385699364654,0.9107602463481328,11,34.0,22.526827483020455,9.095291610673026,13,False
REF002.H2O.m1,REF002,0.0332228842045194,20.863546231956978,0.94970976043397,11,34.0,22.568523078422153,5.907977191356093,9,False
REF002.H2O.m2,REF002,0.0280692274936055,24.694202244000184,0.756111441351511,9,27.0,22.568523078422153,5.907977191356093,9,False
REF002.H2O.m3,REF002,0.0495370349524181,13.992504420697262,0.9691463389049536,9,27.0,22.568523078422153,5.907977191356093,9,False
REF002.H2O.m4,REF002,0.0314421890707535,22.045131113491323,0.8999984352404324,11,34.0,22.568523078422153,5.907977191356093,9,False
REF002.H2O.m5,REF002,0.0338628027506328,20.46927968911232,0.9748750234268644,5,28.0,22.568523078422153,5.907977191356093,9,False
REF002.H2O.m6,REF002,0.0236585906734546,29.297906630493824,0.7625527464770757,8,34.0,22.568523078422153,5.907977191356093,9,False
REF002.H2O.m7,REF002,0.0205844762658997,33.673296886752155,0.7925181909090214,6,35.0,22.568523078422153,5.907977191356093,9,False
REF002.H2O.m8,REF002,0.036017205039853,19.244890873486092,0.7170207686951002,11,33.0,22.568523078422153,5.907977191356093,9,False
REF002.H2O.m9,REF002,0.0367991630205985,18.83594961580923,0.7175470542788642,6,34.0,22.568523078422153,5.907977191356093,9,False
REF004.H2O.m1,REF004,0.0912749328502736,7.594058509985171,0.9606917308885922,6,17.0,10.935160399649474,6.837561991064721,14,False
REF004.H2O.m10,REF004,0.0468748713252227,14.787180443671362,0.8029826310130554,11,34.0,10.935160399649474,6.837561991064721,14,False
REF004.H2O.m11,REF004,0.0848144072958149,8.172516942108583,0.9097794917996967,6,16.0,10.935160399649474,6.837561991064721,14,False
REF004.H2O.m12,REF004,0.1235908265062519,5.608403148957675,0.9633621533706096,4,9.0,10.935160399649474,6.837561991064721,14,False
REF004.H2O.m13,REF004,0.0558502410522933,12.410818064526207,0.9748643593083458,11,34.0,10.935160399649474,6.837561991064721,14,False
REF004.H2O.m14,REF004,0.0788988441738549,8.785264065878883,0.9095561692628632,11,34.0,10.935160399649474,6.837561991064721,14,False
REF004.H2O.m15,REF004,0.1165059437698938,5.949457668262421,0.8821098891682687,7,20.0,10.935160399649474,6.837561991064721,14,False
REF004.H2O.m3,REF004,0.080862119775717,8.571964010868015,0.7355193229841244,7,22.0,10.935160399649474,6.837561991064721,14,False
REF004.H2O.m4,REF004,0.1442304595956056,4.805830769058049,0.9726369598438572,8,24.0,10.935160399649474,6.837561991064721,14,False
REF004.H2O.m5,REF004,0.0553448084509523,12.524158994501288,0.9654834325025704,9,29.0,10.935160399649474,6.837561991064721,14,False
REF004.H2O.m6,REF004,0.0398945317835344,17.374490928253646,0.6106779640722484,9,29.0,10.935160399649474,6.837561991064721,14,False
REF004.H2O.m7,REF004,0.1052191365054825,6.5876531929515325,0.9231073617665588,6,17.0,10.935160399649474,6.837561991064721,14,False
REF004.H2O.m9,REF004,0.0779826817669895,8.888475810963431,0.9598304473716884,10,31.0,10.935160399649474,6.837561991064721,14,False
REF005.H2O.m1,REF005,0.035045035379448,19.77875533738047,0.7729859366023127,11,34.0,13.722961318403955,4.993059360441558,18,False
REF005.H2O.m10,REF005,0.051610854115136,13.430259825067775,0.9846316496363248,11,33.0,13.722961318403955,4.993059360441558,18,False
REF005.H2O.m11,REF005,0.0325551943323617,21.291446565592025,0.8074317672059084,11,35.0,13.722961318403955,4.993059360441558,18,False
REF005.H2O.m14,REF005,0.0463691244293012,14.948463855874262,0.9411600437732762,9,29.0,13.722961318403955,4.993059360441558,18,False
REF005.H2O.m15,REF005,0.0672902063374691,10.300862759785897,0.9795348893079566,10,33.0,13.722961318403955,4.993059360441558,18,False
REF005.H2O.m16,REF005,0.0703932371803,9.84678654264144,0.9244561120309291,6,35.0,13.722961318403955,4.993059360441558,18,False
REF005.H2O.m17,REF005,0.0632132815539584,10.965214327123316,0.9883326369165836,5,26.0,13.722961318403955,4.993059360441558,18,False
REF005.H2O.m18,REF005,0.1030203323326898,6.728256110857055,0.9028533825252834,6,35.0,13.722961318403955,4.993059360441558,18,False
REF005.H2O.m19,REF005,0.0683402610019526,10.142589015575172,0.975203400463984,6,34.0,13.722961318403955,4.993059360441558,18,False
REF005.H2O.m2,REF005,0.0589110203970055,11.766001944776676,0.952250473333078,4,26.0,13.722961318403955,4.993059360441558,18,False
REF005.H2O.m20,REF005,0.0667311086921371,10.387167157041675,0.9739019516610684,6,34.0,13.722961318403955,4.993059360441558,18,False
REF005.H2O.m21,REF005,0.0716548795961334,9.673412117454005,0.9779953531462524,6,35.0,13.722961318403955,4.993059360441558,18,False
REF005.H2O.m4,REF005,0.0790218095846502,8.771593363948817,0.961361160136772,4,23.0,13.722961318403955,4.993059360441558,18,False
REF005.H2O.m6,REF005,0.0326518372488583,21.22842813643455,0.874072023496097,10,34.0,13.722961318403955,4.993059360441558,18,False
REF005.H2O.m7,REF005,0.0525359301041853,13.193773845544328,0.9693159527920152,9,27.0,13.722961318403955,4.993059360441558,18,False
REF005.H2O.m8,REF005,0.0413089296490826,16.77959672274727,0.963963050719056,10,35.0,13.722961318403955,4.993059360441558,18,False
REF005.H2O.m9,REF005,0.0511412597426476,13.553580495435416,0.9860756833185272,10,29.0,13.722961318403955,4.993059360441558,18,False
REF006.H2O.m1,REF006,0.0207546685767227,33.397169316273164,0.8942344857196496,11,34.0,21.71523808781112,7.081112743077045,7,False
REF006.H2O.m10,REF006,0.0280589313911176,24.70326367380367,0.6879568266865889,6,35.0,21.71523808781112,7.081112743077045,7,False
REF006.H2O.m3,REF006,0.0454041017042127,15.26617980629782,0.9747975904972056,10,35.0,21.71523808781112,7.081112743077045,7,False
REF006.H2O.m4,REF006,0.0297952118089114,23.263710458088873,0.8534721675341085,11,33.0,21.71523808781112,7.081112743077045,7,False
REF006.H2O.m7,REF006,0.0276028129009787,25.11146900305102,0.9243565258666402,4,35.0,21.71523808781112,7.081112743077045,7,False
REF006.H2O.m8,REF006,0.0552010603095124,12.556772943734549,0.9564782547378874,6,33.0,21.71523808781112,7.081112743077045,7,False
REF006.H2O.m9,REF006,0.0391429416613971,17.708101413428736,0.6614764071235102,6,35.0,21.71523808781112,7.081112743077045,7,False
REF007.H2O.m1,REF007,0.0310655887104566,22.312378722976945,0.91969354773368,11,33.0,18.684569142945694,5.817202493035057,7,False
REF007.H2O.m2,REF007,0.0233105019403244,29.73540348184792,0.9319947090234828,11,33.0,18.684569142945694,5.817202493035057,7,False
REF007.H2O.m3,REF007,0.0479789086753481,14.446914273314617,0.9567867748219656,11,34.0,18.684569142945694,5.817202493035057,7,False
REF007.H2O.m4,REF007,0.0407749738805886,16.99932862225387,0.983537465910462,7,34.0,18.684569142945694,5.817202493035057,7,False
REF007.H2O.m5,REF007,0.0354863351267873,19.532791371197774,0.9477912013725678,11,35.0,18.684569142945694,5.817202493035057,7,False
REF007.H2O.m6,REF007,0.0508327439336381,13.635840344657456,0.941049568475617,10,33.0,18.684569142945694,5.817202493035057,7,False
REF007.H2O.m7,REF007,0.0490573380823574,14.129327184371268,0.9526405972034154,11,33.0,18.684569142945694,5.817202493035057,7,False
REF009.H2O.m1,REF009,0.0373188303491998,18.57365769703999,0.9630417595994928,6,33.0,21.443097999143045,4.565070719673379,7,False
REF009.H2O.m11,REF009,0.0321933320520345,21.53076852807912,0.7881269401294787,6,34.0,21.443097999143045,4.565070719673379,7,False
REF009.H2O.m12,REF009,0.0365590163688516,18.959678060444435,0.953351507175602,6,34.0,21.443097999143045,4.565070719673379,7,False
REF009.H2O.m7,REF009,0.0387717031820175,17.877656220205203,0.8873753913947311,6,33.0,21.443097999143045,4.565070719673379,7,False
REF009.H2O.m8,REF009,0.0324780554117098,21.342016071258808,0.9170040325071898,6,33.0,21.443097999143045,4.565070719673379,7,False
REF009.H2O.m9,REF009,0.0337744025310993,20.52285543531666,0.7926263550429676,6,34.0,21.443097999143045,4.565070719673379,7,False
REF010.H2O.m10,REF010,0.0399722810919801,17.340696143033345,0.939851799059398,6,35.0,17.875514608941316,6.888704330279529,8,False
REF010.H2O.m11,REF010,0.0376347579131283,18.417739849952643,0.982068937515218,6,31.0,17.875514608941316,6.888704330279529,8,False
REF010.H2O.m3,REF010,0.0286497931336473,24.193793558177187,0.8917921447654932,11,34.0,17.875514608941316,6.888704330279529,8,False
REF010.H2O.m4,REF010,0.0569265091098559,12.176175764129844,0.9755918659503122,6,35.0,17.875514608941316,6.888704330279529,8,False
REF010.H2O.m5,REF010,0.0335250753631235,20.675484635073573,0.9912111717891248,5,35.0,17.875514608941316,6.888704330279529,8,False
REF010.H2O.m6,REF010,0.0234388178708909,29.57261686054465,0.8998430668329619,9,34.0,17.875514608941316,6.888704330279529,8,False
REF010.H2O.m8,REF010,0.0653286731823114,10.61015243070364,0.9629872664968724,6,31.0,17.875514608941316,6.888704330279529,8,False
REF010.H2O.m9,REF010,0.0691939218679562,10.017457629915642,0.9560759724179037,5,31.0,17.875514608941316,6.888704330279529,8,False
REF013.H2O.m1,REF013,0.0443626829826602,15.62455500788516,0.7834341805780664,6,34.0,12.702735449838215,4.459132260406754,6,False
REF013.H2O.m2,REF013,0.0486985865228356,14.233414767283154,0.95712476655662,7,33.0,12.702735449838215,4.459132260406754,6,False
REF013.H2O.m3,REF013,0.0434712065456465,15.94497221585308,0.9711206762703956,6,35.0,12.702735449838215,4.459132260406754,6,False
REF013.H2O.m4,REF013,0.0427464373576919,16.215320466588953,0.967411836827897,6,32.0,12.702735449838215,4.459132260406754,6,False
REF013.H2O.m5,REF013,0.1175297103012815,5.897633702857746,0.9903310244887074,4,20.0,12.702735449838215,4.459132260406754,6,False
REF013.H2O.m6,REF013,0.0835065115935657,8.300516538561205,0.9668222640852264,7,35.0,12.702735449838215,4.459132260406754,6,False
REF014.H2O.m10,REF014,0.0194340275016164,35.66667694086011,0.981601382307948,6,35.0,27.718444650945422,6.069162028166593,11,False
REF014.H2O.m11,REF014,0.0289560113078884,23.937937210679017,0.957976472013216,5,34.0,27.718444650945422,6.069162028166593,11,False
REF014.H2O.m12,REF014,0.0289560113078884,23.937937210679017,0.957976472013216,5,34.0,27.718444650945422,6.069162028166593,11,False
REF014.H2O.m13,REF014,0.0312855008484132,22.155540482424453,0.8943562086354266,11,33.0,27.718444650945422,6.069162028166593,11,False
REF014.H2O.m14,REF014,0.0266463108706616,26.0128760008996,0.7679630102030395,6,34.0,27.718444650945422,6.069162028166593,11,False
REF014.H2O.m15,REF014,0.0320577434729643,21.62183315068656,0.8508838767622289,6,34.0,27.718444650945422,6.069162028166593,11,False
REF014.H2O.m2,REF014,0.017593657948311,39.39755919981874,0.9541481757248162,5,25.0,27.718444650945422,6.069162028166593,11,False
REF014.H2O.m5,REF014,0.03145878917528,22.033498387300085,0.94118014173115,9,27.0,27.718444650945422,6.069162028166593,11,False
REF014.H2O.m6,REF014,0.0244297311658204,28.373098985621517,0.869236851125049,11,34.0,27.718444650945422,6.069162028166593,11,False
REF014.H2O.m7,REF014,0.020540466335328,33.74544517364651,0.8568016582940142,9,27.0,27.718444650945422,6.069162028166593,11,False
REF014.H2O.m9,REF014,0.0247371555493664,28.02048841778402,0.6956994944659114,6,35.0,27.718444650945422,6.069162028166593,11,False
REF016.H2O.m10,REF016,0.0292783722898527,23.674375532145795,0.8216690201836077,5,33.0,13.636709063415756,6.3316864681548255,26,False
REF016.H2O.m11,REF016,0.0436814498207867,15.868227437590583,0.9795458988069676,11,33.0,13.636709063415756,6.3316864681548255,26,False
REF016.H2O.m12,REF016,0.0416659797459382,16.63580659296787,0.8501550346407059,9,33.0,13.636709063415756,6.3316864681548255,26,False
REF016.H2O.m13,REF016,0.068269275721035,10.15313511443001,0.8602187857079002,6,33.0,13.636709063415756,6.3316864681548255,26,False
REF016.H2O.m15,REF016,0.0532254602636792,13.022849912919318,0.9717753895965124,6,31.0,13.636709063415756,6.3316864681548255,26,False
REF016.H2O.m16,REF016,0.0686870366327563,10.091382807296544,0.9599578080504448,4,20.0,13.636709063415756,6.3316864681548255,26,False
REF016.H2O.m18,REF016,0.0568917949636943,12.183605403947606,0.9727383250940628,5,30.0,13.636709063415756,6.3316864681548255,26,False
REF016.H2O.m19,REF016,0.0619918621884033,11.18126083151621,0.7651603764719459,5,26.0,13.636709063415756,6.3316864681548255,26,False
REF016.H2O.m2,REF016,0.0579263073371681,11.966017038258377,0.9698527739275188,6,34.0,13.636709063415756,6.3316864681548255,26,False
REF016.H2O.m20,REF016,0.033142306470167,20.9142710445901,0.9824843677141896,5,26.0,13.636709063415756,6.3316864681548255,26,False
REF016.H2O.m21,REF016,0.1005906632803511,6.890770554202533,0.9160961135759096,4,26.0,13.636709063415756,6.3316864681548255,26,False
REF016.H2O.m22,REF016,0.079980639385881,8.666437101305629,0.9434447387606668,9,27.0,13.636709063415756,6.3316864681548255,26,False
REF016.H2O.m23,REF016,0.0558887179931196,12.402273758458316,0.9161581910732878,10,32.0,13.636709063415756,6.3316864681548255,26,False
REF016.H2O.m24,REF016,0.0734278988716179,9.439834057785724,0.9519962684639548,10,32.0,13.636709063415756,6.3316864681548255,26,False
REF016.H2O.m25,REF016,0.0403977063600687,17.158082550079868,0.9565768740279026,10,32.0,13.636709063415756,6.3316864681548255,26,False
REF016.H2O.m26,REF016,0.0752200681404827,9.214923592802496,0.9568703729395472,9,29.0,13.636709063415756,6.3316864681548255,26,False
REF016.H2O.m27,REF016,0.0522558069828589,13.264500551820246,0.8661518740593389,11,35.0,13.636709063415756,6.3316864681548255,26,False
REF016.H2O.m28,REF016,0.0750838331527948,9.231643503727334,0.9693547683288816,9,29.0,13.636709063415756,6.3316864681548255,26,False
REF016.H2O.m3,REF016,0.0623013705546594,11.125713196819962,0.958732320964518,8,34.0,13.636709063415756,6.3316864681548255,26,False
REF016.H2O.m4,REF016,0.0445899416899651,15.544922336508366,0.968882575172678,11,34.0,13.636709063415756,6.3316864681548255,26,False
REF016.H2O.m5,REF016,0.0476194775705655,14.555959366265547,0.982589581001154,11,34.0,13.636709063415756,6.3316864681548255,26,False
REF016.H2O.m6,REF016,0.0990631489133579,6.997023496256735,0.9671341811443652,4,19.0,13.636709063415756,6.3316864681548255,26,False
REF016.H2O.m7,REF016,0.0431440082731912,16.065896709709545,0.8628639276362028,4,26.0,13.636709063415756,6.3316864681548255,26,False
REF016.H2O.m8,REF016,0.1266109578655384,5.474622356905881,0.9590608044678348,5,12.0,13.636709063415756,6.3316864681548255,26,False
REF016.H2O.m9,REF016,0.042464559785612,16.32295693301402,0.9401636029312108,11,34.0,13.636709063415756,6.3316864681548255,26,False
REF019.H2O.m1,REF019,0.0458064108370425,15.13209980641866,0.8985605553757721,6,34.0,17.901939036005842,10.904068364571955,13,False
REF019.H2O.m10,REF019,0.1625973450779947,4.262967394870169,0.9153942621716143,3,12.0,17.901939036005842,10.904068364571955,13,False
REF019.H2O.m11,REF019,0.0529742924170055,13.084595356245565,0.8774824075620313,6,31.0,17.901939036005842,10.904068364571955,13,False
REF019.H2O.m12,REF019,0.098968453027707,7.00371845123105,0.9732202285504647,3,11.0,17.901939036005842,10.904068364571955,13,False
REF019.H2O.m14,REF019,0.0883425788251777,7.846127991482146,0.98561439535287,5,24.0,17.901939036005842,10.904068364571955,13,False
REF019.H2O.m2,REF019,0.0554765280970121,12.494422494281435,0.9456320913331197,6,35.0,17.901939036005842,10.904068364571955,13,False
REF019.H2O.m3,REF019,0.0402737637996707,17.210886571411343,0.9762914699259972,6,35.0,17.901939036005842,10.904068364571955,13,False
REF019.H2O.m4,REF019,0.0386550177851617,17.93162234233972,0.9521973823205472,6,34.0,17.901939036005842,10.904068364571955,13,False
REF019.H2O.m6,REF019,0.0584906743805963,11.85055887797883,0.9408833318582612,4,26.0,17.901939036005842,10.904068364571955,13,False
REF019.H2O.m7,REF019,0.0193475496901711,35.82609641323592,0.6746301784016412,6,35.0,17.901939036005842,10.904068364571955,13,False
REF019.H2O.m8,REF019,0.0301585565326036,22.98343356753834,0.9860432342215184,5,28.0,17.901939036005842,10.904068364571955,13,False
REF019.H2O.m9,REF019,0.0257115335141617,26.95860906850092,0.9260577094091332,6,33.0,17.901939036005842,10.904068364571955,13,False
REF020.H2O.m1,REF020,0.0704357042059641,9.84084972776141,0.9935795685980998,6,35.0,23.009592059685403,13.59084246061797,8,False
REF020.H2O.m2,REF020,0.1001084242007525,6.923964552373154,0.9956231550401506,3,13.0,23.009592059685403,13.59084246061797,8,False
REF020.H2O.m3,REF020,0.0370214494340567,18.722853674181284,0.9710353658959464,6,34.0,23.009592059685403,13.59084246061797,8,False
REF020.H2O.m4,REF020,0.0576756228762742,12.018026784849546,0.9422925528221155,6,32.0,23.009592059685403,13.59084246061797,8,False
REF020.H2O.m5,REF020,0.0168233214460395,41.20156550436254,0.8565669201040382,6,34.0,23.009592059685403,13.59084246061797,8,False
REF020.H2O.m6,REF020,0.0288237048369977,24.04781704780121,0.984840425919674,4,20.0,23.009592059685403,13.59084246061797,8,False
REF020.H2O.m7,REF020,0.0232862659327323,29.76635165819449,0.9329887122092504,6,34.0,23.009592059685403,13.59084246061797,8,False
REF020.H2O.m8,REF020,0.0166801119229734,41.55530752795958,0.7098178538934604,5,30.0,23.009592059685403,13.59084246061797,8,False
REF022.H2O.m1,REF022,0.0244729046163559,28.323045074784293,0.7214029139218835,6,34.0,28.315965577417995,11.266154851951846,15,False
REF022.H2O.m11,REF022,0.0162928307987098,42.54307855543644,0.6323331137245788,9,31.0,28.315965577417995,11.266154851951846,15,False
REF022.H2O.m13,REF022,0.0241025999468728,28.758191319101908,0.8872710995266245,6,34.0,28.315965577417995,11.266154851951846,15,False
REF022.H2O.m14,REF022,0.0317921917850286,21.802434548924573,0.9125904684676636,6,34.0,28.315965577417995,11.266154851951846,15,False
REF022.H2O.m16,REF022,0.0274323078229995,25.26754894383343,0.7782285615142133,10,35.0,28.315965577417995,11.266154851951846,15,False
REF022.H2O.m17,REF022,0.0354062032761905,19.5769982777584,0.962312412528677,5,34.0,28.315965577417995,11.266154851951846,15,False
REF022.H2O.m18,REF022,0.0487045648551224,14.231667660347531,0.9738337939038404,6,35.0,28.315965577417995,11.266154851951846,15,False
REF022.H2O.m19,REF022,0.0335379949139173,20.667519997515065,0.92721269660984,6,34.0,28.315965577417995,11.266154851951846,15,False
REF022.H2O.m2,REF022,0.0251251755927719,27.587754680582304,0.9219188295741234,6,34.0,28.315965577417995,11.266154851951846,15,False
REF022.H2O.m23,REF022,0.0496335376800265,13.965298726608411,0.8199838290291968,6,35.0,28.315965577417995,11.266154851951846,15,False
REF022.H2O.m24,REF022,0.0494524710704261,14.016431647527211,0.9372394102607396,5,32.0,28.315965577417995,11.266154851951846,15,False
REF022.H2O.m6,REF022,0.0150020299651451,46.20355926300386,0.9867402629940148,4,29.0,28.315965577417995,11.266154851951846,15,False
REF022.H2O.m7,REF022,0.0164925727830212,42.02783820808887,0.9105485634611126,4,29.0,28.315965577417995,11.266154851951846,15,False
REF022.H2O.m8,REF022,0.0179137854114844,38.69350696338992,0.8510124569079541,5,34.0,28.315965577417995,11.266154851951846,15,False
REF022.H2O.m9,REF022,0.0168753199124728,41.07460979436766,0.9265924832772228,6,35.0,28.315965577417995,11.266154851951846,15,False
REF023.H2O.m1,REF023,0.0482336473179028,14.370615101766743,0.9597005717361522,6,35.0,22.31043815572871,11.268568651678057,4,False
REF023.H2O.m2,REF023,0.0331125892836886,20.93304074234363,0.8196955064216261,5,30.0,22.31043815572871,11.268568651678057,4,False
REF023.H2O.m3,REF023,0.0453205647218374,15.294319142187488,0.9807908702331484,6,34.0,22.31043815572871,11.268568651678057,4,False
REF023.H2O.m7,REF023,0.0179368380358123,38.64377763661699,0.9712775079970778,5,27.0,22.31043815572871,11.268568651678057,4,False
REF025.H2O.m4,REF025,0.0441321360522672,15.706177913958824,0.9808091639980588,6,32.0,25.589897467784834,8.784669922650108,3,False
REF025.H2O.m5,REF025,0.0242734470504934,28.55577862995993,0.8216383713108881,6,32.0,25.589897467784834,8.784669922650108,3,False
REF025.H2O.m6,REF025,0.0213225302296392,32.50773585943574,0.6050880041424298,5,32.0,25.589897467784834,8.784669922650108,3,False
REF030.H2O.m1,REF030,0.04252876850928,16.2983129974407,0.9412213078212536,6,34.0,16.2983129974407,,1,False
REF032.H2O.m1,REF032,0.023509051005455,29.48426886304797,0.8619617871878135,6,29.0,33.649302905180825,5.890247630129914,2,False
REF032.H2O.m3,REF032,0.0183302746131897,37.81433694731368,0.8551141939236654,5,27.0,33.649302905180825,5.890247630129914,2,False
REF034.H2O.m1,REF034,0.0191206250953359,36.25128242951767,0.8848705289939801,6,33.0,36.25128242951767,,1,False
REF035.H2O.m1,REF035,0.03493797871146,19.839361237362738,0.9440725197947712,5,32.0,15.823067268202436,7.207020883837475,14,False
REF035.H2O.m10,REF035,0.0771904664663414,8.979699337122018,0.9509676703033652,7,22.0,15.823067268202436,7.207020883837475,14,False
REF035.H2O.m11,REF035,0.0780743091473088,8.878044367349203,0.9657398143435952,5,27.0,15.823067268202436,7.207020883837475,14,False
REF035.H2O.m12,REF035,0.0864149518705528,8.021148719706058,0.99061446339317,5,29.0,15.823067268202436,7.207020883837475,14,False
REF035.H2O.m13,REF035,0.0568265356019633,12.197597006705385,0.8683542694001548,6,34.0,15.823067268202436,7.207020883837475,14,False
REF035.H2O.m15,REF035,0.0697147458063141,9.942619348935011,0.9835037060557398,11,35.0,15.823067268202436,7.207020883837475,14,False
REF035.H2O.m2,REF035,0.0344935118569318,20.095001733511506,0.895633365292542,6,33.0,15.823067268202436,7.207020883837475,14,False
REF035.H2O.m3,REF035,0.0501603870436253,13.818617068427,0.7109029241892328,5,26.0,15.823067268202436,7.207020883837475,14,False
REF035.H2O.m5,REF035,0.0298345182616192,23.23306092901279,0.9361599203216197,6,33.0,15.823067268202436,7.207020883837475,14,False
REF035.H2O.m6,REF035,0.0353745791909281,19.59449967782808,0.9142540528817048,5,26.0,15.823067268202436,7.207020883837475,14,False
REF035.H2O.m7,REF035,0.0581043904963408,11.929342595954031,0.9454635324547211,5,34.0,15.823067268202436,7.207020883837475,14,False
REF035.H2O.m8,REF035,0.0581043904963408,11.929342595954031,0.9454635324547211,5,34.0,15.823067268202436,7.207020883837475,14,False
REF035.H2O.m9,REF035,0.0358974172442837,19.309110063352037,0.8966354066441402,6,33.0,15.823067268202436,7.207020883837475,14,False
REF036.H2O.m1,REF036,0.03761383531419,18.427984670269733,0.745994465222524,5,32.0,19.079038847117847,6.799355874941848,8,False
REF036.H2O.m2,REF036,0.0514795915534595,13.464504275255155,0.974792825519406,4,20.0,19.079038847117847,6.799355874941848,8,False
REF036.H2O.m3,REF036,0.0460360513748138,15.05661671363855,0.9827428280672044,6,33.0,19.079038847117847,6.799355874941848,8,False
REF036.H2O.m4,REF036,0.0284386565934426,24.373415048014987,0.7914990229295141,5,31.0,19.079038847117847,6.799355874941848,8,False
REF036.H2O.m5,REF036,0.0468270775294504,14.802272897000933,0.9674198263777092,6,34.0,19.079038847117847,6.799355874941848,8,False
REF036.H2O.m6,REF036,0.0623381622665046,11.11914684935114,0.8688037431749509,4,23.0,19.079038847117847,6.799355874941848,8,False
REF036.H2O.m7,REF036,0.0226214348299956,30.64116780253236,0.6822711153762849,6,34.0,19.079038847117847,6.799355874941848,8,False
REF036.H2O.m8,REF036,0.0280091125441397,24.74720252087992,0.8680897190592467,10,32.0,19.079038847117847,6.799355874941848,8,False
REF037.H2O.m1,REF037,0.0698003332884841,9.930427949321883,0.8775094938735563,6,35.0,9.930427949321883,,1,False
REF039.H2O.m1,REF039,0.0153517630040366,45.15098235803196,0.7291217206292516,6,33.0,45.15098235803196,,1,False
REF043.H2O.m1,REF043,0.054551762758908,12.706228827532383,0.9780573711924724,6,34.0,11.10061666326074,2.270678498624177,2,False
REF043.H2O.m2,REF043,0.0730012482494076,9.495004498989095,0.9142160993852873,4,19.0,11.10061666326074,2.270678498624177,2,False
REF044.H2O.m1,REF044,0.0672054163820324,10.313858880357456,0.9380551008690208,4,22.0,11.309512605337705,2.9927866845528004,9,False
REF044.H2O.m2,REF044,0.0457508648116948,15.15047165584427,0.951045958407858,4,33.0,11.309512605337705,2.9927866845528004,9,False
REF044.H2O.m3,REF044,0.0658306823880458,10.529241919051016,0.9194574339090876,4,23.0,11.309512605337705,2.9927866845528004,9,False
REF044.H2O.m4,REF044,0.0510827796181289,13.569096782547668,0.950753851656946,6,34.0,11.309512605337705,2.9927866845528004,9,False
REF044.H2O.m5,REF044,0.0548862488514828,12.62879491793178,0.8821984635839492,6,33.0,11.309512605337705,2.9927866845528004,9,False
REF044.H2O.m6,REF044,0.1113018448504679,6.227634245336867,0.9044759214627274,3,14.0,11.309512605337705,2.9927866845528004,9,False
REF044.H2O.m7,REF044,0.0600696244108634,11.539063001609026,0.9007812957420032,4,20.0,11.309512605337705,2.9927866845528004,9,False
REF044.H2O.m8,REF044,0.0914766975271244,7.577308749634463,0.9990508956988432,3,14.0,11.309512605337705,2.9927866845528004,9,False
REF044.H2O.m9,REF044,0.0486414182773726,14.2501432957268,0.9890498504192928,5,35.0,11.309512605337705,2.9927866845528004,9,False
REF047.H2O.m1,REF047,0.0613035322124155,11.306806566352543,0.929801057148013,6,32.0,14.439177315388466,4.52942659319413,13,False
REF047.H2O.m10,REF047,0.0377460317001404,18.36344509182846,0.8641615899661246,11,35.0,14.439177315388466,4.52942659319413,13,False
REF047.H2O.m12,REF047,0.070815944832711,9.788010061821124,0.967524645751717,5,28.0,14.439177315388466,4.52942659319413,13,False
REF047.H2O.m13,REF047,0.0553952128547281,12.51276319449656,0.7002845808297927,4,21.0,14.439177315388466,4.52942659319413,13,False
REF047.H2O.m14,REF047,0.0546406283473841,12.68556386564924,0.9645567376839236,5,28.0,14.439177315388466,4.52942659319413,13,False
REF047.H2O.m15,REF047,0.0570461024574496,12.15064922405452,0.9650030655183438,6,34.0,14.439177315388466,4.52942659319413,13,False
REF047.H2O.m2,REF047,0.0602004916779516,11.51397872741643,0.945489818572005,4,21.0,14.439177315388466,4.52942659319413,13,False
REF047.H2O.m3,REF047,0.0741348792529161,9.349811958217762,0.9558889177526324,5,26.0,14.439177315388466,4.52942659319413,13,False
REF047.H2O.m4,REF047,0.0333488522104613,20.784738742597817,0.643077191350757,4,20.0,14.439177315388466,4.52942659319413,13,False
REF047.H2O.m6,REF047,0.0501381845247158,13.824736318848062,0.7477339794091775,6,30.0,14.439177315388466,4.52942659319413,13,False
REF047.H2O.m7,REF047,0.0316716727707382,21.885398525598276,0.7703266786487006,6,35.0,14.439177315388466,4.52942659319413,13,False
REF047.H2O.m8,REF047,0.0321469889780547,21.56180726702352,0.7015977834738344,6,35.0,14.439177315388466,4.52942659319413,13,False
REF047.H2O.m9,REF047,0.0578509913234724,11.981595556145772,0.8311138965756136,6,35.0,14.439177315388466,4.52942659319413,13,False
REF048.H2O.m1,REF048,0.1402862174417773,4.94094996073025,0.990807667758108,3,14.0,7.018949641866309,1.6246921950013409,13,False
REF048.H2O.m10,REF048,0.0983069245908015,7.050847978869658,0.8566498331236843,3,13.0,7.018949641866309,1.6246921950013409,13,False
REF048.H2O.m11,REF048,0.1290819573373866,5.36982235827304,0.984805494587166,7,22.0,7.018949641866309,1.6246921950013409,13,False
REF048.H2O.m13,REF048,0.1133107933855575,6.117221138867189,0.9885874537406014,5,15.0,7.018949641866309,1.6246921950013409,13,False
REF048.H2O.m2,REF048,0.1234190755278577,5.616207847898604,0.9695004648300176,7,20.0,7.018949641866309,1.6246921950013409,13,False
REF048.H2O.m3,REF048,0.1000281786358404,6.9295191616294005,0.9522101875605392,8,22.0,7.018949641866309,1.6246921950013409,13,False
REF048.H2O.m4,REF048,0.0875055283272015,7.921181596300096,0.9685642668309288,11,35.0,7.018949641866309,1.6246921950013409,13,False
REF048.H2O.m5,REF048,0.0714999706828611,9.694370136659307,0.9662893277733872,10,32.0,7.018949641866309,1.6246921950013409,13,False
REF048.H2O.m6,REF048,0.088937509443628,7.793642804887491,0.9717513049301396,6,17.0,7.018949641866309,1.6246921950013409,13,False
REF048.H2O.m7,REF048,0.1025144749081536,6.76145667410344,0.8544078202836529,5,14.0,7.018949641866309,1.6246921950013409,13,False
REF048.H2O.m8,REF048,0.1032351264364918,6.714257099170167,0.9869879433983488,9,28.0,7.018949641866309,1.6246921950013409,13,False
REF048.H2O.m9,REF048,0.1178828287836079,5.879967317651697,0.9749506237752094,5,14.0,7.018949641866309,1.6246921950013409,13,False
REF052.H2O.m1,REF052,0.041384238343554,16.749062162404382,0.7609411457962832,5,26.0,18.96486915221137,6.223676618748684,5,False
REF052.H2O.m2,REF052,0.0237044757706503,29.241194248141294,0.8086125258697968,3,12.0,18.96486915221137,6.223676618748684,5,False
REF052.H2O.m4,REF052,0.0468470887263198,14.79594995986418,0.8923406856608889,6,35.0,18.96486915221137,6.223676618748684,5,False
REF052.H2O.m5,REF052,0.0498708998882868,13.898830422403188,0.9837347479085602,6,32.0,18.96486915221137,6.223676618748684,5,False
REF052.H2O.m6,REF052,0.03441762483772,20.1393089682438,0.9058689270100309,7,33.0,18.96486915221137,6.223676618748684,5,False
REF057.H2O.m1,REF057,0.0326838842286311,21.20761338252287,0.6208482604074829,6,32.0,20.298810655297302,1.2852411423640488,2,False
REF057.H2O.m2,REF057,0.0357476481253236,19.39000792807174,0.8760267904823478,6,33.0,20.298810655297302,1.2852411423640488,2,False
REF062.H2O.m1,REF062,0.0633064478364925,10.949077135874074,0.9622367778553548,5,28.0,8.23985261143982,1.9507290301683362,8,False
REF062.H2O.m2,REF062,0.1278731270331363,5.420585205367869,0.880354643257211,3,14.0,8.23985261143982,1.9507290301683362,8,False
REF062.H2O.m3,REF062,0.0718217844008115,9.65093232286934,0.9458933093772464,4,21.0,8.23985261143982,1.9507290301683362,8,False
REF062.H2O.m4,REF062,0.0779011630146597,8.897777051537812,0.9291058386858008,4,22.0,8.23985261143982,1.9507290301683362,8,False
REF062.H2O.m5,REF062,0.080903003397012,8.5676322442381,0.6753502194823054,4,17.0,8.23985261143982,1.9507290301683362,8,False
REF062.H2O.m6,REF062,0.1295889391610232,5.3488143744942755,0.9040457814176088,4,21.0,8.23985261143982,1.9507290301683362,8,False
REF062.H2O.m7,REF062,0.0848428411910361,8.16977803700871,0.957113600986782,5,22.0,8.23985261143982,1.9507290301683362,8,False
REF062.H2O.m8,REF062,0.0777574290388147,8.91422452012839,0.9626715750347458,5,26.0,8.23985261143982,1.9507290301683362,8,False
REF063.H2O.m1,REF063,0.0272105013099426,25.47351747270715,0.7984041217258898,6,33.0,10.977311270126215,7.40467336072443,6,False
REF063.H2O.m2,REF063,0.0759463404518109,9.12680158696728,0.8555539440757253,4,22.0,10.977311270126215,7.40467336072443,6,False
REF063.H2O.m4,REF063,0.0964348441137103,7.18772542155641,0.8162605163587859,4,19.0,10.977311270126215,7.40467336072443,6,False
REF063.H2O.m5,REF063,0.1016246677460195,6.820658762617153,0.9785352762691624,3,15.0,10.977311270126215,7.40467336072443,6,False
REF063.H2O.m6,REF063,0.1229879488584767,5.635895118127027,0.9330018793876456,3,15.0,10.977311270126215,7.40467336072443,6,False
REF063.H2O.m7,REF063,0.0596549718508364,11.619269258782271,0.6248582430544461,4,21.0,10.977311270126215,7.40467336072443,6,False
