"model.id","biobase.id","source","mDataType"
"m5686.05.1715Co","SA1029T","Patient","RNAseq"
"m5686.05.1715Co","SA1029X2_14L","PDX","RNAseq"
"m5688.12.1715Ci","SA1029T","Patient","RNAseq"
"m5688.12.1715Ci","SA1029X2_14L","PDX","RNAseq"
"m5690.19.1715Ge","SA1029T","Patient","RNAseq"
"m5690.19.1715Ge","SA1029X2_14L","PDX","RNAseq"
"m5689.26.1715Pa","SA1029T","Patient","RNAseq"
"m5689.26.1715Pa","SA1029X2_14L","PDX","RNAseq"
"m5687.33.1715Do","SA1029T","Patient","RNAseq"
"m5687.33.1715Do","SA1029X2_14L","PDX","RNAseq"
"m5372.05.1735Co","SA920T","Patient","RNAseq"
"m5372.05.1735Co","SA920X2_23R","PDX","RNAseq"
"m4803.33.1735Ci","SA920T","Patient","RNAseq"
"m4803.33.1735Ci","SA920X2_23R","PDX","RNAseq"
"m4801.40.1735Ge","SA920T","Patient","RNAseq"
"m4801.40.1735Ge","SA920X2_23R","PDX","RNAseq"
"m5374.47.1735Pa","SA920T","Patient","RNAseq"
"m5374.47.1735Pa","SA920X2_23R","PDX","RNAseq"
"m5373.54.1735Do","SA920T","Patient","RNAseq"
"m5373.54.1735Do","SA920X2_23R","PDX","RNAseq"
"m912.61.1735Ca","SA920T","Patient","RNAseq"
"m912.61.1735Ca","SA920X2_23R","PDX","RNAseq"
"m913.68.1735Ca","SA920T","Patient","RNAseq"
"m913.68.1735Ca","SA920X2_23R","PDX","RNAseq"
"m914.75.1735Ca","SA920T","Patient","RNAseq"
"m914.75.1735Ca","SA920X2_23R","PDX","RNAseq"
"m4689.05.1738Co","SA1030LM","PDX","RNAseq"
"m4689.05.1738Co","SA1030T","Patient","RNAseq"
"m4689.05.1738Co","SA1030X2_17L","PDX","RNAseq"
"m4928.12.1738Ci","SA1030LM","PDX","RNAseq"
"m4928.12.1738Ci","SA1030T","Patient","RNAseq"
"m4928.12.1738Ci","SA1030X2_17L","PDX","RNAseq"
"m4929.19.1738Ge","SA1030LM","PDX","RNAseq"
"m4929.19.1738Ge","SA1030T","Patient","RNAseq"
"m4929.19.1738Ge","SA1030X2_17L","PDX","RNAseq"
"m4925.26.1738Pa","SA1030LM","PDX","RNAseq"
"m4925.26.1738Pa","SA1030T","Patient","RNAseq"
"m4925.26.1738Pa","SA1030X2_17L","PDX","RNAseq"
"m4778.05.1784Co","SA894T","Patient","RNAseq"
"m4778.12.1784Ci","SA894T","Patient","RNAseq"
"m5321.19.1784Ge","SA894T","Patient","RNAseq"
"m5323.26.1784Pa","SA894T","Patient","RNAseq"
"m5320.33.1784Do","SA894T","Patient","RNAseq"
"m4780.05.1828Co","SA1027T","Patient","RNAseq"
"m4780.05.1828Co","SA1027X1_1L","PDX","RNAseq"
"m4782.12.1828Ci","SA1027T","Patient","RNAseq"
"m4782.12.1828Ci","SA1027X1_1L","PDX","RNAseq"
"m4783.19.1828Ge","SA1027T","Patient","RNAseq"
"m4783.19.1828Ge","SA1027X1_1L","PDX","RNAseq"
"m4781.26.1828Pa","SA1027T","Patient","RNAseq"
"m4781.26.1828Pa","SA1027X1_1L","PDX","RNAseq"
"m4770.33.1828Do","SA1027T","Patient","RNAseq"
"m4770.33.1828Do","SA1027X1_1L","PDX","RNAseq"
"m4997.05.1834Co","SA1028T","Patient","RNAseq"
"m4997.05.1834Co","SA1028X3_3L","PDX","RNAseq"
"m4266.12.1834Ci","SA1028T","Patient","RNAseq"
"m4266.12.1834Ci","SA1028X3_3L","PDX","RNAseq"
"m4994.19.1834Ge","SA1028T","Patient","RNAseq"
"m4994.19.1834Ge","SA1028X3_3L","PDX","RNAseq"
"m4496.26.1834Pa","SA1028T","Patient","RNAseq"
"m4496.26.1834Pa","SA1028X3_3L","PDX","RNAseq"
"m4995.33.1834Do","SA1028T","Patient","RNAseq"
"m4995.33.1834Do","SA1028X3_3L","PDX","RNAseq"
"m5216.05.1840Co","SA998T","Patient","RNAseq"
"m5216.05.1840Co","SA998X2_3L","PDX","RNAseq"
"m4706.12.1840Ci","SA998T","Patient","RNAseq"
"m4706.12.1840Ci","SA998X2_3L","PDX","RNAseq"
"m5217.19.1840Ge","SA998T","Patient","RNAseq"
"m5217.19.1840Ge","SA998X2_3L","PDX","RNAseq"
"m5218.26.1840Pa","SA998T","Patient","RNAseq"
"m5218.26.1840Pa","SA998X2_3L","PDX","RNAseq"
"m5215.33.1840Do","SA998T","Patient","RNAseq"
"m5215.33.1840Do","SA998X2_3L","PDX","RNAseq"
"m5656.05.1851Co","SA994T","Patient","RNAseq"
"m5656.05.1851Co","SA994X2_3L","PDX","RNAseq"
"m5082.12.1851Ci","SA994T","Patient","RNAseq"
"m5082.12.1851Ci","SA994X2_3L","PDX","RNAseq"
"m5659.19.1851Ge","SA994T","Patient","RNAseq"
"m5659.19.1851Ge","SA994X2_3L","PDX","RNAseq"
"m5081.26.1851Pa","SA994T","Patient","RNAseq"
"m5081.26.1851Pa","SA994X2_3L","PDX","RNAseq"
"m5658.33.1851Do","SA994T","Patient","RNAseq"
"m5658.33.1851Do","SA994X2_3L","PDX","RNAseq"
"m5268.12.1863Ci","SA1025T","Patient","RNAseq"
"m5268.12.1863Ci","SA1025X1_2R","PDX","RNAseq"
"m5274.19.1863Ge","SA1025T","Patient","RNAseq"
"m5274.19.1863Ge","SA1025X1_2R","PDX","RNAseq"
"m5270.26.1863Pa","SA1025T","Patient","RNAseq"
"m5270.26.1863Pa","SA1025X1_2R","PDX","RNAseq"
"m5269.33.1863Do","SA1025T","Patient","RNAseq"
"m5269.33.1863Do","SA1025X1_2R","PDX","RNAseq"
"m5205.05.1868Co","SA1016T","Patient","RNAseq"
"m5205.05.1868Co","SA1016X3_3L","PDX","RNAseq"
"m5208.12.1868Ci","SA1016T","Patient","RNAseq"
"m5208.12.1868Ci","SA1016X3_3L","PDX","RNAseq"
"m5203.19.1868Ge","SA1016T","Patient","RNAseq"
"m5203.19.1868Ge","SA1016X3_3L","PDX","RNAseq"
"m5202.26.1868Pa","SA1016T","Patient","RNAseq"
"m5202.26.1868Pa","SA1016X3_3L","PDX","RNAseq"
"m5151.05.1876Co","SA1017T","Patient","RNAseq"
"m5151.05.1876Co","SA1017X1_4L","PDX","RNAseq"
"m5140.12.1876Ci","SA1017T","Patient","RNAseq"
"m5140.12.1876Ci","SA1017X1_4L","PDX","RNAseq"
"m5039.19.1876Ge","SA1017T","Patient","RNAseq"
"m5039.19.1876Ge","SA1017X1_4L","PDX","RNAseq"
"m5147.26.1876Pa","SA1017T","Patient","RNAseq"
"m5147.26.1876Pa","SA1017X1_4L","PDX","RNAseq"
"m5152.33.1876Do","SA1017T","Patient","RNAseq"
"m5152.33.1876Do","SA1017X1_4L","PDX","RNAseq"
"m5366.05.1882Co","SA1021T","Patient","RNAseq"
"m5366.05.1882Co","SA1021X2_1L","PDX","RNAseq"
"m5364.12.1882Ci","SA1021T","Patient","RNAseq"
"m5364.12.1882Ci","SA1021X2_1L","PDX","RNAseq"
"m5369.19.1882Ge","SA1021T","Patient","RNAseq"
"m5369.19.1882Ge","SA1021X2_1L","PDX","RNAseq"
"m5365.26.1882Pa","SA1021T","Patient","RNAseq"
"m5365.26.1882Pa","SA1021X2_1L","PDX","RNAseq"
"m5554.33.1882Do","SA1021T","Patient","RNAseq"
"m5554.33.1882Do","SA1021X2_1L","PDX","RNAseq"
"m5734.54.1886Do","SA1022T","Patient","RNAseq"
"m5734.54.1886Do","SA1022X1_3L","PDX","RNAseq"
"m1962.61.1886Ca","SA1022T","Patient","RNAseq"
"m1962.61.1886Ca","SA1022X1_3L","PDX","RNAseq"
"m1964.68.1886Ca","SA1022T","Patient","RNAseq"
"m1964.68.1886Ca","SA1022X1_3L","PDX","RNAseq"
"m1966.75.1886Ca","SA1022T","Patient","RNAseq"
"m1966.75.1886Ca","SA1022X1_3L","PDX","RNAseq"
"m5665.05.1887Co","SA995T","Patient","RNAseq"
"m5665.05.1887Co","SA995X1_5R","PDX","RNAseq"
"m2232.12.1887Co","SA995T","Patient","RNAseq"
"m2232.12.1887Co","SA995X1_5R","PDX","RNAseq"
"m2233.19.1887Co","SA995T","Patient","RNAseq"
"m2233.19.1887Co","SA995X1_5R","PDX","RNAseq"
"m2234.26.1887Co","SA995T","Patient","RNAseq"
"m2234.26.1887Co","SA995X1_5R","PDX","RNAseq"
"m5660.33.1887Ci","SA995T","Patient","RNAseq"
"m5660.33.1887Ci","SA995X1_5R","PDX","RNAseq"
"m5664.40.1887Ge","SA995T","Patient","RNAseq"
"m5664.40.1887Ge","SA995X1_5R","PDX","RNAseq"
"m5663.47.1887Pa","SA995T","Patient","RNAseq"
"m5663.47.1887Pa","SA995X1_5R","PDX","RNAseq"
"m2229.54.1887Ca","SA995T","Patient","RNAseq"
"m2229.54.1887Ca","SA995X1_5R","PDX","RNAseq"
"m2230.61.1887Ca","SA995T","Patient","RNAseq"
"m2230.61.1887Ca","SA995X1_5R","PDX","RNAseq"
"m2231.68.1887Ca","SA995T","Patient","RNAseq"
"m2231.68.1887Ca","SA995X1_5R","PDX","RNAseq"
"m444.05.1905Co","SA997T","Patient","RNAseq"
"m444.05.1905Co","SA997X1_6L","PDX","RNAseq"
"m445.12.1905Co","SA997T","Patient","RNAseq"
"m445.12.1905Co","SA997X1_6L","PDX","RNAseq"
"m446.19.1905Co","SA997T","Patient","RNAseq"
"m446.19.1905Co","SA997X1_6L","PDX","RNAseq"
"m4785.26.1905Ci","SA997T","Patient","RNAseq"
"m4785.26.1905Ci","SA997X1_6L","PDX","RNAseq"
"m5314.33.1905Ge","SA997T","Patient","RNAseq"
"m5314.33.1905Ge","SA997X1_6L","PDX","RNAseq"
"m5318.40.1905Pa","SA997T","Patient","RNAseq"
"m5318.40.1905Pa","SA997X1_6L","PDX","RNAseq"
"m5143.05.1915Co","SA1023T","Patient","RNAseq"
"m5143.05.1915Co","SA1023X1_2L","PDX","RNAseq"
"m851.12.1915Co","SA1023T","Patient","RNAseq"
"m851.12.1915Co","SA1023X1_2L","PDX","RNAseq"
"m852.19.1915Co","SA1023T","Patient","RNAseq"
"m852.19.1915Co","SA1023X1_2L","PDX","RNAseq"
"m5142.26.1915Ci","SA1023T","Patient","RNAseq"
"m5142.26.1915Ci","SA1023X1_2L","PDX","RNAseq"
"m5145.33.1915Ge","SA1023T","Patient","RNAseq"
"m5145.33.1915Ge","SA1023X1_2L","PDX","RNAseq"
"m4934.40.1915Pa","SA1023T","Patient","RNAseq"
"m4934.40.1915Pa","SA1023X1_2L","PDX","RNAseq"
"m5469.47.1915Do","SA1023T","Patient","RNAseq"
"m5469.47.1915Do","SA1023X1_2L","PDX","RNAseq"
"m848.54.1915Ca","SA1023T","Patient","RNAseq"
"m848.54.1915Ca","SA1023X1_2L","PDX","RNAseq"
"m849.61.1915Ca","SA1023T","Patient","RNAseq"
"m849.61.1915Ca","SA1023X1_2L","PDX","RNAseq"
"m853.68.1915Ca","SA1023T","Patient","RNAseq"
"m853.68.1915Ca","SA1023X1_2L","PDX","RNAseq"
"m5192.05.1924Co","SA993T","Patient","RNAseq"
"m5192.05.1924Co","SA993X2_5R","PDX","RNAseq"
"m935.12.1924Co","SA993T","Patient","RNAseq"
"m935.12.1924Co","SA993X2_5R","PDX","RNAseq"
"m936.19.1924Co","SA993T","Patient","RNAseq"
"m936.19.1924Co","SA993X2_5R","PDX","RNAseq"
"m937.26.1924Co","SA993T","Patient","RNAseq"
"m937.26.1924Co","SA993X2_5R","PDX","RNAseq"
"m5187.33.1924Ci","SA993T","Patient","RNAseq"
"m5187.33.1924Ci","SA993X2_5R","PDX","RNAseq"
"m5191.40.1924Ge","SA993T","Patient","RNAseq"
"m5191.40.1924Ge","SA993X2_5R","PDX","RNAseq"
"m5188.47.1924Pa","SA993T","Patient","RNAseq"
"m5188.47.1924Pa","SA993X2_5R","PDX","RNAseq"
"m5189.54.1924Do","SA993T","Patient","RNAseq"
"m5189.54.1924Do","SA993X2_5R","PDX","RNAseq"
"m932.61.1924Ca","SA993T","Patient","RNAseq"
"m932.61.1924Ca","SA993X2_5R","PDX","RNAseq"
"m933.68.1924Ca","SA993T","Patient","RNAseq"
"m933.68.1924Ca","SA993X2_5R","PDX","RNAseq"
"m934.75.1924Ca","SA993T","Patient","RNAseq"
"m934.75.1924Ca","SA993X2_5R","PDX","RNAseq"
"m5078.05.1939Co","SA1024T","Patient","RNAseq"
"m5078.05.1939Co","SA1024X1_1L","PDX","RNAseq"
"m315.12.1939Co","SA1024T","Patient","RNAseq"
"m315.12.1939Co","SA1024X1_1L","PDX","RNAseq"
"m318.19.1939Co","SA1024T","Patient","RNAseq"
"m318.19.1939Co","SA1024X1_1L","PDX","RNAseq"
"m323.26.1939Co","SA1024T","Patient","RNAseq"
"m323.26.1939Co","SA1024X1_1L","PDX","RNAseq"
"m5194.33.1939Ci","SA1024T","Patient","RNAseq"
"m5194.33.1939Ci","SA1024X1_1L","PDX","RNAseq"
"m5077.40.1939Ge","SA1024T","Patient","RNAseq"
"m5077.40.1939Ge","SA1024X1_1L","PDX","RNAseq"
"m5428.47.1939Pa","SA1024T","Patient","RNAseq"
"m5428.47.1939Pa","SA1024X1_1L","PDX","RNAseq"
"m5431.54.1939Do","SA1024T","Patient","RNAseq"
"m5431.54.1939Do","SA1024X1_1L","PDX","RNAseq"
"m158.61.1939Ca","SA1024T","Patient","RNAseq"
"m158.61.1939Ca","SA1024X1_1L","PDX","RNAseq"
"m159.68.1939Ca","SA1024T","Patient","RNAseq"
"m159.68.1939Ca","SA1024X1_1L","PDX","RNAseq"
"m160.75.1939Ca","SA1024T","Patient","RNAseq"
"m160.75.1939Ca","SA1024X1_1L","PDX","RNAseq"
"m2723.05.1944Co","SA1031X1_1R","PDX","RNAseq"
"m2724.12.1944Co","SA1031X1_1R","PDX","RNAseq"
"m5419.19.1944Ci","SA1031X1_1R","PDX","RNAseq"
"m5417.26.1944Ge","SA1031X1_1R","PDX","RNAseq"
"m5416.33.1944Pa","SA1031X1_1R","PDX","RNAseq"
"m5418.40.1944Do","SA1031X1_1R","PDX","RNAseq"
"m5266.05.1945Co","SA1033T","Patient","RNAseq"
"m5266.05.1945Co","SA1033X1_2R","PDX","RNAseq"
"m161.12.1945Co","SA1033T","Patient","RNAseq"
"m161.12.1945Co","SA1033X1_2R","PDX","RNAseq"
"m162.19.1945Co","SA1033T","Patient","RNAseq"
"m162.19.1945Co","SA1033X1_2R","PDX","RNAseq"
"m163.26.1945Co","SA1033T","Patient","RNAseq"
"m163.26.1945Co","SA1033X1_2R","PDX","RNAseq"
"m4792.33.1945Ci","SA1033T","Patient","RNAseq"
"m4792.33.1945Ci","SA1033X1_2R","PDX","RNAseq"
"m5262.47.1945Pa","SA1033T","Patient","RNAseq"
"m5262.47.1945Pa","SA1033X1_2R","PDX","RNAseq"
"m5265.54.1945Do","SA1033T","Patient","RNAseq"
"m5265.54.1945Do","SA1033X1_2R","PDX","RNAseq"
"m158.61.1945Ca","SA1033T","Patient","RNAseq"
"m158.61.1945Ca","SA1033X1_2R","PDX","RNAseq"
"m159.68.1945Ca","SA1033T","Patient","RNAseq"
"m159.68.1945Ca","SA1033X1_2R","PDX","RNAseq"
"m160.75.1945Ca","SA1033T","Patient","RNAseq"
"m160.75.1945Ca","SA1033X1_2R","PDX","RNAseq"
"m5426.05.1963Co","SA992T","Patient","RNAseq"
"m5426.05.1963Co","SA992X1_4R","PDX","RNAseq"
"m5422.12.1963Ci","SA992T","Patient","RNAseq"
"m5422.12.1963Ci","SA992X1_4R","PDX","RNAseq"
"m5427.19.1963Ge","SA992T","Patient","RNAseq"
"m5427.19.1963Ge","SA992X1_4R","PDX","RNAseq"
"m5423.26.1963Pa","SA992T","Patient","RNAseq"
"m5423.26.1963Pa","SA992X1_4R","PDX","RNAseq"
"m5425.33.1963Do","SA992T","Patient","RNAseq"
"m5425.33.1963Do","SA992X1_4R","PDX","RNAseq"
"m5371.05.1971Co","SA1019T","Patient","RNAseq"
"m5371.05.1971Co","SA1019X1_1L","PDX","RNAseq"
"m93.12.1971Co","SA1019T","Patient","RNAseq"
"m93.12.1971Co","SA1019X1_1L","PDX","RNAseq"
"m94.19.1971Co","SA1019T","Patient","RNAseq"
"m94.19.1971Co","SA1019X1_1L","PDX","RNAseq"
"m95.26.1971Co","SA1019T","Patient","RNAseq"
"m95.26.1971Co","SA1019X1_1L","PDX","RNAseq"
"m5098.33.1971Ci","SA1019T","Patient","RNAseq"
"m5098.33.1971Ci","SA1019X1_1L","PDX","RNAseq"
"m5100.40.1971Ge","SA1019T","Patient","RNAseq"
"m5100.40.1971Ge","SA1019X1_1L","PDX","RNAseq"
"m4960.47.1971Pa","SA1019T","Patient","RNAseq"
"m4960.47.1971Pa","SA1019X1_1L","PDX","RNAseq"
"m95.61.1971Ca","SA1019T","Patient","RNAseq"
"m95.61.1971Ca","SA1019X1_1L","PDX","RNAseq"
"m91.68.1971Ca","SA1019T","Patient","RNAseq"
"m91.68.1971Ca","SA1019X1_1L","PDX","RNAseq"
"m92.75.1971Ca","SA1019T","Patient","RNAseq"
"m92.75.1971Ca","SA1019X1_1L","PDX","RNAseq"
"m5120.05.1979Co","SA1032X1_2R","PDX","RNAseq"
"m5118.12.1979Ci","SA1032X1_2R","PDX","RNAseq"
"m5122.33.1979Do","SA1032X1_2R","PDX","RNAseq"
"m5112.05.1991Co","SA1020T","Patient","RNAseq"
"m5112.05.1991Co","SA1020X1_2L","PDX","RNAseq"
"m880.12.1991Co","SA1020T","Patient","RNAseq"
"m880.12.1991Co","SA1020X1_2L","PDX","RNAseq"
"m881.19.1991Co","SA1020T","Patient","RNAseq"
"m881.19.1991Co","SA1020X1_2L","PDX","RNAseq"
"m882.26.1991Co","SA1020T","Patient","RNAseq"
"m882.26.1991Co","SA1020X1_2L","PDX","RNAseq"
"m5115.41.1991Ge","SA1020T","Patient","RNAseq"
"m5115.41.1991Ge","SA1020X1_2L","PDX","RNAseq"
"m5357.48.1991Pa","SA1020T","Patient","RNAseq"
"m5357.48.1991Pa","SA1020X1_2L","PDX","RNAseq"
"m4937.55.1991Do","SA1020T","Patient","RNAseq"
"m4937.55.1991Do","SA1020X1_2L","PDX","RNAseq"
"m877.62.1991Ca","SA1020T","Patient","RNAseq"
"m877.62.1991Ca","SA1020X1_2L","PDX","RNAseq"
"m882.69.1991Ca","SA1020T","Patient","RNAseq"
"m882.69.1991Ca","SA1020X1_2L","PDX","RNAseq"
"m879.76.1991Ca","SA1020T","Patient","RNAseq"
"m879.76.1991Ca","SA1020X1_2L","PDX","RNAseq"
"m4598.05.2001Co","SA1026T","Patient","RNAseq"
"m4598.05.2001Co","SA1026X1_4R","PDX","RNAseq"
"m5261.12.2001Ci","SA1026T","Patient","RNAseq"
"m5261.12.2001Ci","SA1026X1_4R","PDX","RNAseq"
"m4896.19.2001Ge","SA1026T","Patient","RNAseq"
"m4896.19.2001Ge","SA1026X1_4R","PDX","RNAseq"
"m5484.26.2001Pa","SA1026T","Patient","RNAseq"
"m5484.26.2001Pa","SA1026X1_4R","PDX","RNAseq"
"m5482.33.2001Do","SA1026T","Patient","RNAseq"
"m5482.33.2001Do","SA1026X1_4R","PDX","RNAseq"
"m5086.05.2006Co","SA1035T","Patient","RNAseq"
"m5086.05.2006Co","SA1035X1_8L","PDX","RNAseq"
"m5084.12.2006Ci","SA1035T","Patient","RNAseq"
"m5084.12.2006Ci","SA1035X1_8L","PDX","RNAseq"
"m5125.19.2006Ge","SA1035T","Patient","RNAseq"
"m5125.19.2006Ge","SA1035X1_8L","PDX","RNAseq"
"m5126.26.2006Pa","SA1035T","Patient","RNAseq"
"m5126.26.2006Pa","SA1035X1_8L","PDX","RNAseq"
"m5123.33.2006Do","SA1035T","Patient","RNAseq"
"m5123.33.2006Do","SA1035X1_8L","PDX","RNAseq"
"m4757.19.2007Ge","SA1036T","Patient","RNAseq"
"m4757.19.2007Ge","SA1036X2_2R","PDX","RNAseq"
"m4755.26.2007Pa","SA1036T","Patient","RNAseq"
"m4755.26.2007Pa","SA1036X2_2R","PDX","RNAseq"
"m4754.47.2029Ci","SA1037T","Patient","RNAseq"
"m4754.47.2029Ci","SA1037X1_2L","PDX","RNAseq"
"m5093.54.2029Ge","SA1037T","Patient","RNAseq"
"m5093.54.2029Ge","SA1037X1_2L","PDX","RNAseq"
"m5360.61.2029Pa","SA1037T","Patient","RNAseq"
"m5360.61.2029Pa","SA1037X1_2L","PDX","RNAseq"
"m5359.68.2029Do","SA1037T","Patient","RNAseq"
"m5359.68.2029Do","SA1037X1_2L","PDX","RNAseq"
"m5594.05.2047Co","SA1038T","Patient","RNAseq"
"m5594.05.2047Co","SA1038X1_2L","PDX","RNAseq"
"m5593.12.2047Ci","SA1038T","Patient","RNAseq"
"m5593.12.2047Ci","SA1038X1_2L","PDX","RNAseq"
"m5592.19.2047Ge","SA1038T","Patient","RNAseq"
"m5592.19.2047Ge","SA1038X1_2L","PDX","RNAseq"
"m2743.05.2076Co","SA1041X2_1","PDX","RNAseq"
"m2744.12.2076Co","SA1041X2_1","PDX","RNAseq"
"m2745.19.2076Co","SA1041X2_1","PDX","RNAseq"
"m2750.26.2076Co","SA1041X2_1","PDX","RNAseq"
"m2748.33.2076Ge","SA1041X2_1","PDX","RNAseq"
"m2749.40.2076Ge","SA1041X2_1","PDX","RNAseq"
"m2751.47.2076Ge","SA1041X2_1","PDX","RNAseq"
"m2746.54.2076Ge","SA1041X2_1","PDX","RNAseq"
"m2747.61.2076Ge","SA1041X2_1","PDX","RNAseq"
"m4953.68.2076Pa","SA1041X2_1","PDX","RNAseq"
"m4954.75.2076Do","SA1041X2_1","PDX","RNAseq"
"m4952.82.2076Ci","SA1041X2_1","PDX","RNAseq"
"m890.89.2076Ca","SA1041X2_1","PDX","RNAseq"
"m887.96.2076Ca","SA1041X2_1","PDX","RNAseq"
"m888.103.2076Ca","SA1041X2_1","PDX","RNAseq"
"m5519.12.2061Ci","SA1040T","Patient","RNAseq"
"m5519.12.2061Ci","SA1040X1_1L","PDX","RNAseq"
"m5654.19.2061Ge","SA1040T","Patient","RNAseq"
"m5654.19.2061Ge","SA1040X1_1L","PDX","RNAseq"
"m5522.26.2061Pa","SA1040T","Patient","RNAseq"
"m5522.26.2061Pa","SA1040X1_1L","PDX","RNAseq"
"m5517.33.2061Do","SA1040T","Patient","RNAseq"
"m5517.33.2061Do","SA1040X1_1L","PDX","RNAseq"
"m164.05.2089Co","SA1043X1_2L","PDX","RNAseq"
"m165.12.2089Co","SA1043X1_2L","PDX","RNAseq"
"m172.19.2089Co","SA1043X1_2L","PDX","RNAseq"
"m167.26.2089Ca","SA1043X1_2L","PDX","RNAseq"
"m168.33.2089Ca","SA1043X1_2L","PDX","RNAseq"
"m169.40.2089Ca","SA1043X1_2L","PDX","RNAseq"
"m5686.05.1715Co","SA1029T","Patient","mutation"
"m5686.05.1715Co","SA1029X2_14L","PDX","mutation"
"m5688.12.1715Ci","SA1029T","Patient","mutation"
"m5688.12.1715Ci","SA1029X2_14L","PDX","mutation"
"m5690.19.1715Ge","SA1029T","Patient","mutation"
"m5690.19.1715Ge","SA1029X2_14L","PDX","mutation"
"m5689.26.1715Pa","SA1029T","Patient","mutation"
"m5689.26.1715Pa","SA1029X2_14L","PDX","mutation"
"m5687.33.1715Do","SA1029T","Patient","mutation"
"m5687.33.1715Do","SA1029X2_14L","PDX","mutation"
"m5372.05.1735Co","SA920T","Patient","mutation"
"m5372.05.1735Co","SA920X2_23R","PDX","mutation"
"m4803.33.1735Ci","SA920T","Patient","mutation"
"m4803.33.1735Ci","SA920X2_23R","PDX","mutation"
"m4801.40.1735Ge","SA920T","Patient","mutation"
"m4801.40.1735Ge","SA920X2_23R","PDX","mutation"
"m5374.47.1735Pa","SA920T","Patient","mutation"
"m5374.47.1735Pa","SA920X2_23R","PDX","mutation"
"m5373.54.1735Do","SA920T","Patient","mutation"
"m5373.54.1735Do","SA920X2_23R","PDX","mutation"
"m912.61.1735Ca","SA920T","Patient","mutation"
"m912.61.1735Ca","SA920X2_23R","PDX","mutation"
"m913.68.1735Ca","SA920T","Patient","mutation"
"m913.68.1735Ca","SA920X2_23R","PDX","mutation"
"m914.75.1735Ca","SA920T","Patient","mutation"
"m914.75.1735Ca","SA920X2_23R","PDX","mutation"
"m4689.05.1738Co","SA1030LM","M","mutation"
"m4689.05.1738Co","SA1030T","Patient","mutation"
"m4689.05.1738Co","SA1030X2_17L","PDX","mutation"
"m4928.12.1738Ci","SA1030LM","M","mutation"
"m4928.12.1738Ci","SA1030T","Patient","mutation"
"m4928.12.1738Ci","SA1030X2_17L","PDX","mutation"
"m4929.19.1738Ge","SA1030LM","M","mutation"
"m4929.19.1738Ge","SA1030T","Patient","mutation"
"m4929.19.1738Ge","SA1030X2_17L","PDX","mutation"
"m4925.26.1738Pa","SA1030LM","M","mutation"
"m4925.26.1738Pa","SA1030T","Patient","mutation"
"m4925.26.1738Pa","SA1030X2_17L","PDX","mutation"
"m4778.05.1784Co",NA,NA,"mutation"
"m4778.12.1784Ci",NA,NA,"mutation"
"m5321.19.1784Ge",NA,NA,"mutation"
"m5323.26.1784Pa",NA,NA,"mutation"
"m5320.33.1784Do",NA,NA,"mutation"
"m4780.05.1828Co","SA1027T","Patient","mutation"
"m4780.05.1828Co","SA1027X1_1L","PDX","mutation"
"m4782.12.1828Ci","SA1027T","Patient","mutation"
"m4782.12.1828Ci","SA1027X1_1L","PDX","mutation"
"m4783.19.1828Ge","SA1027T","Patient","mutation"
"m4783.19.1828Ge","SA1027X1_1L","PDX","mutation"
"m4781.26.1828Pa","SA1027T","Patient","mutation"
"m4781.26.1828Pa","SA1027X1_1L","PDX","mutation"
"m4770.33.1828Do","SA1027T","Patient","mutation"
"m4770.33.1828Do","SA1027X1_1L","PDX","mutation"
"m4997.05.1834Co","SA1028T","Patient","mutation"
"m4997.05.1834Co","SA1028X3_3L","PDX","mutation"
"m4266.12.1834Ci","SA1028T","Patient","mutation"
"m4266.12.1834Ci","SA1028X3_3L","PDX","mutation"
"m4994.19.1834Ge","SA1028T","Patient","mutation"
"m4994.19.1834Ge","SA1028X3_3L","PDX","mutation"
"m4496.26.1834Pa","SA1028T","Patient","mutation"
"m4496.26.1834Pa","SA1028X3_3L","PDX","mutation"
"m4995.33.1834Do","SA1028T","Patient","mutation"
"m4995.33.1834Do","SA1028X3_3L","PDX","mutation"
"m5216.05.1840Co","SA998T","Patient","mutation"
"m4706.12.1840Ci","SA998T","Patient","mutation"
"m5217.19.1840Ge","SA998T","Patient","mutation"
"m5218.26.1840Pa","SA998T","Patient","mutation"
"m5215.33.1840Do","SA998T","Patient","mutation"
"m5656.05.1851Co","SA994T","Patient","mutation"
"m5656.05.1851Co","SA994X2_3L","PDX","mutation"
"m5082.12.1851Ci","SA994T","Patient","mutation"
"m5082.12.1851Ci","SA994X2_3L","PDX","mutation"
"m5659.19.1851Ge","SA994T","Patient","mutation"
"m5659.19.1851Ge","SA994X2_3L","PDX","mutation"
"m5081.26.1851Pa","SA994T","Patient","mutation"
"m5081.26.1851Pa","SA994X2_3L","PDX","mutation"
"m5658.33.1851Do","SA994T","Patient","mutation"
"m5658.33.1851Do","SA994X2_3L","PDX","mutation"
"m5268.12.1863Ci","SA1025T","Patient","mutation"
"m5268.12.1863Ci","SA1025X1_2R","PDX","mutation"
"m5274.19.1863Ge","SA1025T","Patient","mutation"
"m5274.19.1863Ge","SA1025X1_2R","PDX","mutation"
"m5270.26.1863Pa","SA1025T","Patient","mutation"
"m5270.26.1863Pa","SA1025X1_2R","PDX","mutation"
"m5269.33.1863Do","SA1025T","Patient","mutation"
"m5269.33.1863Do","SA1025X1_2R","PDX","mutation"
"m5205.05.1868Co","SA1016T","Patient","mutation"
"m5205.05.1868Co","SA1016X3_3L","PDX","mutation"
"m5208.12.1868Ci","SA1016T","Patient","mutation"
"m5208.12.1868Ci","SA1016X3_3L","PDX","mutation"
"m5203.19.1868Ge","SA1016T","Patient","mutation"
"m5203.19.1868Ge","SA1016X3_3L","PDX","mutation"
"m5202.26.1868Pa","SA1016T","Patient","mutation"
"m5202.26.1868Pa","SA1016X3_3L","PDX","mutation"
"m5151.05.1876Co","SA1017T","Patient","mutation"
"m5151.05.1876Co","SA1017X1_4L","PDX","mutation"
"m5140.12.1876Ci","SA1017T","Patient","mutation"
"m5140.12.1876Ci","SA1017X1_4L","PDX","mutation"
"m5039.19.1876Ge","SA1017T","Patient","mutation"
"m5039.19.1876Ge","SA1017X1_4L","PDX","mutation"
"m5147.26.1876Pa","SA1017T","Patient","mutation"
"m5147.26.1876Pa","SA1017X1_4L","PDX","mutation"
"m5152.33.1876Do","SA1017T","Patient","mutation"
"m5152.33.1876Do","SA1017X1_4L","PDX","mutation"
"m5366.05.1882Co","SA1021T","Patient","mutation"
"m5366.05.1882Co","SA1021X2_1L","PDX","mutation"
"m5364.12.1882Ci","SA1021T","Patient","mutation"
"m5364.12.1882Ci","SA1021X2_1L","PDX","mutation"
"m5369.19.1882Ge","SA1021T","Patient","mutation"
"m5369.19.1882Ge","SA1021X2_1L","PDX","mutation"
"m5365.26.1882Pa","SA1021T","Patient","mutation"
"m5365.26.1882Pa","SA1021X2_1L","PDX","mutation"
"m5554.33.1882Do","SA1021T","Patient","mutation"
"m5554.33.1882Do","SA1021X2_1L","PDX","mutation"
"m5734.54.1886Do","SA1022T","Patient","mutation"
"m5734.54.1886Do","SA1022X1_3L","PDX","mutation"
"m1962.61.1886Ca","SA1022T","Patient","mutation"
"m1962.61.1886Ca","SA1022X1_3L","PDX","mutation"
"m1964.68.1886Ca","SA1022T","Patient","mutation"
"m1964.68.1886Ca","SA1022X1_3L","PDX","mutation"
"m1966.75.1886Ca","SA1022T","Patient","mutation"
"m1966.75.1886Ca","SA1022X1_3L","PDX","mutation"
"m5665.05.1887Co","SA995T","Patient","mutation"
"m5665.05.1887Co","SA995X1_5R","PDX","mutation"
"m2232.12.1887Co","SA995T","Patient","mutation"
"m2232.12.1887Co","SA995X1_5R","PDX","mutation"
"m2233.19.1887Co","SA995T","Patient","mutation"
"m2233.19.1887Co","SA995X1_5R","PDX","mutation"
"m2234.26.1887Co","SA995T","Patient","mutation"
"m2234.26.1887Co","SA995X1_5R","PDX","mutation"
"m5660.33.1887Ci","SA995T","Patient","mutation"
"m5660.33.1887Ci","SA995X1_5R","PDX","mutation"
"m5664.40.1887Ge","SA995T","Patient","mutation"
"m5664.40.1887Ge","SA995X1_5R","PDX","mutation"
"m5663.47.1887Pa","SA995T","Patient","mutation"
"m5663.47.1887Pa","SA995X1_5R","PDX","mutation"
"m2229.54.1887Ca","SA995T","Patient","mutation"
"m2229.54.1887Ca","SA995X1_5R","PDX","mutation"
"m2230.61.1887Ca","SA995T","Patient","mutation"
"m2230.61.1887Ca","SA995X1_5R","PDX","mutation"
"m2231.68.1887Ca","SA995T","Patient","mutation"
"m2231.68.1887Ca","SA995X1_5R","PDX","mutation"
"m444.05.1905Co","SA997T","Patient","mutation"
"m445.12.1905Co","SA997T","Patient","mutation"
"m446.19.1905Co","SA997T","Patient","mutation"
"m4785.26.1905Ci","SA997T","Patient","mutation"
"m5314.33.1905Ge","SA997T","Patient","mutation"
"m5318.40.1905Pa","SA997T","Patient","mutation"
"m5143.05.1915Co","SA1023T","Patient","mutation"
"m5143.05.1915Co","SA1023X1_2L","PDX","mutation"
"m851.12.1915Co","SA1023T","Patient","mutation"
"m851.12.1915Co","SA1023X1_2L","PDX","mutation"
"m852.19.1915Co","SA1023T","Patient","mutation"
"m852.19.1915Co","SA1023X1_2L","PDX","mutation"
"m5142.26.1915Ci","SA1023T","Patient","mutation"
"m5142.26.1915Ci","SA1023X1_2L","PDX","mutation"
"m5145.33.1915Ge","SA1023T","Patient","mutation"
"m5145.33.1915Ge","SA1023X1_2L","PDX","mutation"
"m4934.40.1915Pa","SA1023T","Patient","mutation"
"m4934.40.1915Pa","SA1023X1_2L","PDX","mutation"
"m5469.47.1915Do","SA1023T","Patient","mutation"
"m5469.47.1915Do","SA1023X1_2L","PDX","mutation"
"m848.54.1915Ca","SA1023T","Patient","mutation"
"m848.54.1915Ca","SA1023X1_2L","PDX","mutation"
"m849.61.1915Ca","SA1023T","Patient","mutation"
"m849.61.1915Ca","SA1023X1_2L","PDX","mutation"
"m853.68.1915Ca","SA1023T","Patient","mutation"
"m853.68.1915Ca","SA1023X1_2L","PDX","mutation"
"m5192.05.1924Co","SA993T","Patient","mutation"
"m5192.05.1924Co","SA993X2_5R","PDX","mutation"
"m935.12.1924Co","SA993T","Patient","mutation"
"m935.12.1924Co","SA993X2_5R","PDX","mutation"
"m936.19.1924Co","SA993T","Patient","mutation"
"m936.19.1924Co","SA993X2_5R","PDX","mutation"
"m937.26.1924Co","SA993T","Patient","mutation"
"m937.26.1924Co","SA993X2_5R","PDX","mutation"
"m5187.33.1924Ci","SA993T","Patient","mutation"
"m5187.33.1924Ci","SA993X2_5R","PDX","mutation"
"m5191.40.1924Ge","SA993T","Patient","mutation"
"m5191.40.1924Ge","SA993X2_5R","PDX","mutation"
"m5188.47.1924Pa","SA993T","Patient","mutation"
"m5188.47.1924Pa","SA993X2_5R","PDX","mutation"
"m5189.54.1924Do","SA993T","Patient","mutation"
"m5189.54.1924Do","SA993X2_5R","PDX","mutation"
"m932.61.1924Ca","SA993T","Patient","mutation"
"m932.61.1924Ca","SA993X2_5R","PDX","mutation"
"m933.68.1924Ca","SA993T","Patient","mutation"
"m933.68.1924Ca","SA993X2_5R","PDX","mutation"
"m934.75.1924Ca","SA993T","Patient","mutation"
"m934.75.1924Ca","SA993X2_5R","PDX","mutation"
"m5078.05.1939Co","SA1024T","Patient","mutation"
"m5078.05.1939Co","SA1024X1_1L","PDX","mutation"
"m315.12.1939Co","SA1024T","Patient","mutation"
"m315.12.1939Co","SA1024X1_1L","PDX","mutation"
"m318.19.1939Co","SA1024T","Patient","mutation"
"m318.19.1939Co","SA1024X1_1L","PDX","mutation"
"m323.26.1939Co","SA1024T","Patient","mutation"
"m323.26.1939Co","SA1024X1_1L","PDX","mutation"
"m5194.33.1939Ci","SA1024T","Patient","mutation"
"m5194.33.1939Ci","SA1024X1_1L","PDX","mutation"
"m5077.40.1939Ge","SA1024T","Patient","mutation"
"m5077.40.1939Ge","SA1024X1_1L","PDX","mutation"
"m5428.47.1939Pa","SA1024T","Patient","mutation"
"m5428.47.1939Pa","SA1024X1_1L","PDX","mutation"
"m5431.54.1939Do","SA1024T","Patient","mutation"
"m5431.54.1939Do","SA1024X1_1L","PDX","mutation"
"m158.61.1939Ca","SA1024T","Patient","mutation"
"m158.61.1939Ca","SA1024X1_1L","PDX","mutation"
"m159.68.1939Ca","SA1024T","Patient","mutation"
"m159.68.1939Ca","SA1024X1_1L","PDX","mutation"
"m160.75.1939Ca","SA1024T","Patient","mutation"
"m160.75.1939Ca","SA1024X1_1L","PDX","mutation"
"m2723.05.1944Co","SA1031X1_1R","PDX","mutation"
"m2724.12.1944Co","SA1031X1_1R","PDX","mutation"
"m5419.19.1944Ci","SA1031X1_1R","PDX","mutation"
"m5417.26.1944Ge","SA1031X1_1R","PDX","mutation"
"m5416.33.1944Pa","SA1031X1_1R","PDX","mutation"
"m5418.40.1944Do","SA1031X1_1R","PDX","mutation"
"m5266.05.1945Co","SA1033T","Patient","mutation"
"m5266.05.1945Co","SA1033X1_2R","PDX","mutation"
"m161.12.1945Co","SA1033T","Patient","mutation"
"m161.12.1945Co","SA1033X1_2R","PDX","mutation"
"m162.19.1945Co","SA1033T","Patient","mutation"
"m162.19.1945Co","SA1033X1_2R","PDX","mutation"
"m163.26.1945Co","SA1033T","Patient","mutation"
"m163.26.1945Co","SA1033X1_2R","PDX","mutation"
"m4792.33.1945Ci","SA1033T","Patient","mutation"
"m4792.33.1945Ci","SA1033X1_2R","PDX","mutation"
"m5262.47.1945Pa","SA1033T","Patient","mutation"
"m5262.47.1945Pa","SA1033X1_2R","PDX","mutation"
"m5265.54.1945Do","SA1033T","Patient","mutation"
"m5265.54.1945Do","SA1033X1_2R","PDX","mutation"
"m158.61.1945Ca","SA1033T","Patient","mutation"
"m158.61.1945Ca","SA1033X1_2R","PDX","mutation"
"m159.68.1945Ca","SA1033T","Patient","mutation"
"m159.68.1945Ca","SA1033X1_2R","PDX","mutation"
"m160.75.1945Ca","SA1033T","Patient","mutation"
"m160.75.1945Ca","SA1033X1_2R","PDX","mutation"
"m5426.05.1963Co","SA992T","Patient","mutation"
"m5426.05.1963Co","SA992X1_4R","PDX","mutation"
"m5422.12.1963Ci","SA992T","Patient","mutation"
"m5422.12.1963Ci","SA992X1_4R","PDX","mutation"
"m5427.19.1963Ge","SA992T","Patient","mutation"
"m5427.19.1963Ge","SA992X1_4R","PDX","mutation"
"m5423.26.1963Pa","SA992T","Patient","mutation"
"m5423.26.1963Pa","SA992X1_4R","PDX","mutation"
"m5425.33.1963Do","SA992T","Patient","mutation"
"m5425.33.1963Do","SA992X1_4R","PDX","mutation"
"m5371.05.1971Co","SA1019T","Patient","mutation"
"m5371.05.1971Co","SA1019X1_1L","PDX","mutation"
"m93.12.1971Co","SA1019T","Patient","mutation"
"m93.12.1971Co","SA1019X1_1L","PDX","mutation"
"m94.19.1971Co","SA1019T","Patient","mutation"
"m94.19.1971Co","SA1019X1_1L","PDX","mutation"
"m95.26.1971Co","SA1019T","Patient","mutation"
"m95.26.1971Co","SA1019X1_1L","PDX","mutation"
"m5098.33.1971Ci","SA1019T","Patient","mutation"
"m5098.33.1971Ci","SA1019X1_1L","PDX","mutation"
"m5100.40.1971Ge","SA1019T","Patient","mutation"
"m5100.40.1971Ge","SA1019X1_1L","PDX","mutation"
"m4960.47.1971Pa","SA1019T","Patient","mutation"
"m4960.47.1971Pa","SA1019X1_1L","PDX","mutation"
"m95.61.1971Ca","SA1019T","Patient","mutation"
"m95.61.1971Ca","SA1019X1_1L","PDX","mutation"
"m91.68.1971Ca","SA1019T","Patient","mutation"
"m91.68.1971Ca","SA1019X1_1L","PDX","mutation"
"m92.75.1971Ca","SA1019T","Patient","mutation"
"m92.75.1971Ca","SA1019X1_1L","PDX","mutation"
"m5120.05.1979Co","SA1032X1_2R","PDX","mutation"
"m5118.12.1979Ci","SA1032X1_2R","PDX","mutation"
"m5122.33.1979Do","SA1032X1_2R","PDX","mutation"
"m5169.05.1986Co",NA,NA,"mutation"
"m865.12.1986Co",NA,NA,"mutation"
"m863.19.1986Co",NA,NA,"mutation"
"m4789.26.1986Ci",NA,NA,"mutation"
"m5170.33.1986Ge",NA,NA,"mutation"
"m5167.40.1986Pa",NA,NA,"mutation"
"m4922.47.1986Do",NA,NA,"mutation"
"m862.54.1986Ca",NA,NA,"mutation"
"m866.61.1986Ca",NA,NA,"mutation"
"m867.68.1986Ca",NA,NA,"mutation"
"m5112.05.1991Co","SA1020T","Patient","mutation"
"m5112.05.1991Co","SA1020X1_2L","PDX","mutation"
"m880.12.1991Co","SA1020T","Patient","mutation"
"m880.12.1991Co","SA1020X1_2L","PDX","mutation"
"m881.19.1991Co","SA1020T","Patient","mutation"
"m881.19.1991Co","SA1020X1_2L","PDX","mutation"
"m882.26.1991Co","SA1020T","Patient","mutation"
"m882.26.1991Co","SA1020X1_2L","PDX","mutation"
"m5115.41.1991Ge","SA1020T","Patient","mutation"
"m5115.41.1991Ge","SA1020X1_2L","PDX","mutation"
"m5357.48.1991Pa","SA1020T","Patient","mutation"
"m5357.48.1991Pa","SA1020X1_2L","PDX","mutation"
"m4937.55.1991Do","SA1020T","Patient","mutation"
"m4937.55.1991Do","SA1020X1_2L","PDX","mutation"
"m877.62.1991Ca","SA1020T","Patient","mutation"
"m877.62.1991Ca","SA1020X1_2L","PDX","mutation"
"m882.69.1991Ca","SA1020T","Patient","mutation"
"m882.69.1991Ca","SA1020X1_2L","PDX","mutation"
"m879.76.1991Ca","SA1020T","Patient","mutation"
"m879.76.1991Ca","SA1020X1_2L","PDX","mutation"
"m4598.05.2001Co","SA1026T","Patient","mutation"
"m4598.05.2001Co","SA1026X1_4R","PDX","mutation"
"m5261.12.2001Ci","SA1026T","Patient","mutation"
"m5261.12.2001Ci","SA1026X1_4R","PDX","mutation"
"m4896.19.2001Ge","SA1026T","Patient","mutation"
"m4896.19.2001Ge","SA1026X1_4R","PDX","mutation"
"m5484.26.2001Pa","SA1026T","Patient","mutation"
"m5484.26.2001Pa","SA1026X1_4R","PDX","mutation"
"m5482.33.2001Do","SA1026T","Patient","mutation"
"m5482.33.2001Do","SA1026X1_4R","PDX","mutation"
"m5086.05.2006Co","SA1035T","Patient","mutation"
"m5086.05.2006Co","SA1035X1_8L","PDX","mutation"
"m5084.12.2006Ci","SA1035T","Patient","mutation"
"m5084.12.2006Ci","SA1035X1_8L","PDX","mutation"
"m5125.19.2006Ge","SA1035T","Patient","mutation"
"m5125.19.2006Ge","SA1035X1_8L","PDX","mutation"
"m5126.26.2006Pa","SA1035T","Patient","mutation"
"m5126.26.2006Pa","SA1035X1_8L","PDX","mutation"
"m5123.33.2006Do","SA1035T","Patient","mutation"
"m5123.33.2006Do","SA1035X1_8L","PDX","mutation"
"m4757.19.2007Ge","SA1036T","Patient","mutation"
"m4757.19.2007Ge","SA1036X2_2R","PDX","mutation"
"m4755.26.2007Pa","SA1036T","Patient","mutation"
"m4755.26.2007Pa","SA1036X2_2R","PDX","mutation"
"m4754.47.2029Ci","SA1037T","Patient","mutation"
"m4754.47.2029Ci","SA1037X1_2L","PDX","mutation"
"m5093.54.2029Ge","SA1037T","Patient","mutation"
"m5093.54.2029Ge","SA1037X1_2L","PDX","mutation"
"m5360.61.2029Pa","SA1037T","Patient","mutation"
"m5360.61.2029Pa","SA1037X1_2L","PDX","mutation"
"m5359.68.2029Do","SA1037T","Patient","mutation"
"m5359.68.2029Do","SA1037X1_2L","PDX","mutation"
"m5594.05.2047Co","SA1038T","Patient","mutation"
"m5594.05.2047Co","SA1038X1_2L","PDX","mutation"
"m5593.12.2047Ci","SA1038T","Patient","mutation"
"m5593.12.2047Ci","SA1038X1_2L","PDX","mutation"
"m5592.19.2047Ge","SA1038T","Patient","mutation"
"m5592.19.2047Ge","SA1038X1_2L","PDX","mutation"
"m2743.05.2076Co","SA1041X2_1","PDX","mutation"
"m2744.12.2076Co","SA1041X2_1","PDX","mutation"
"m2745.19.2076Co","SA1041X2_1","PDX","mutation"
"m2750.26.2076Co","SA1041X2_1","PDX","mutation"
"m2748.33.2076Ge","SA1041X2_1","PDX","mutation"
"m2749.40.2076Ge","SA1041X2_1","PDX","mutation"
"m2751.47.2076Ge","SA1041X2_1","PDX","mutation"
"m2746.54.2076Ge","SA1041X2_1","PDX","mutation"
"m2747.61.2076Ge","SA1041X2_1","PDX","mutation"
"m4953.68.2076Pa","SA1041X2_1","PDX","mutation"
"m4954.75.2076Do","SA1041X2_1","PDX","mutation"
"m4952.82.2076Ci","SA1041X2_1","PDX","mutation"
"m890.89.2076Ca","SA1041X2_1","PDX","mutation"
"m887.96.2076Ca","SA1041X2_1","PDX","mutation"
"m888.103.2076Ca","SA1041X2_1","PDX","mutation"
"m5519.12.2061Ci","SA1040T","Patient","mutation"
"m5519.12.2061Ci","SA1040X1_1L","PDX","mutation"
"m5654.19.2061Ge","SA1040T","Patient","mutation"
"m5654.19.2061Ge","SA1040X1_1L","PDX","mutation"
"m5522.26.2061Pa","SA1040T","Patient","mutation"
"m5522.26.2061Pa","SA1040X1_1L","PDX","mutation"
"m5517.33.2061Do","SA1040T","Patient","mutation"
"m5517.33.2061Do","SA1040X1_1L","PDX","mutation"
"m7191.05.2097Co",NA,NA,"mutation"
"m7190.12.2097Ci",NA,NA,"mutation"
"m7194.19.2097Ge",NA,NA,"mutation"
"m7192.26.2097Pa",NA,NA,"mutation"
"m7193.33.2097Do",NA,NA,"mutation"
"m164.05.2089Co","SA1043X1_2L","PDX","mutation"
"m165.12.2089Co","SA1043X1_2L","PDX","mutation"
"m172.19.2089Co","SA1043X1_2L","PDX","mutation"
"m167.26.2089Ca","SA1043X1_2L","PDX","mutation"
"m168.33.2089Ca","SA1043X1_2L","PDX","mutation"
"m169.40.2089Ca","SA1043X1_2L","PDX","mutation"
"m5686.05.1715Co","SA1029T","Patient","CNV"
"m5686.05.1715Co","SA1029X2_14L","PDX","CNV"
"m5688.12.1715Ci","SA1029T","Patient","CNV"
"m5688.12.1715Ci","SA1029X2_14L","PDX","CNV"
"m5690.19.1715Ge","SA1029T","Patient","CNV"
"m5690.19.1715Ge","SA1029X2_14L","PDX","CNV"
"m5689.26.1715Pa","SA1029T","Patient","CNV"
"m5689.26.1715Pa","SA1029X2_14L","PDX","CNV"
"m5687.33.1715Do","SA1029T","Patient","CNV"
"m5687.33.1715Do","SA1029X2_14L","PDX","CNV"
"m5372.05.1735Co","SA920T","Patient","CNV"
"m5372.05.1735Co","SA920X2_23R","PDX","CNV"
"m4803.33.1735Ci","SA920T","Patient","CNV"
"m4803.33.1735Ci","SA920X2_23R","PDX","CNV"
"m4801.40.1735Ge","SA920T","Patient","CNV"
"m4801.40.1735Ge","SA920X2_23R","PDX","CNV"
"m5374.47.1735Pa","SA920T","Patient","CNV"
"m5374.47.1735Pa","SA920X2_23R","PDX","CNV"
"m5373.54.1735Do","SA920T","Patient","CNV"
"m5373.54.1735Do","SA920X2_23R","PDX","CNV"
"m912.61.1735Ca","SA920T","Patient","CNV"
"m912.61.1735Ca","SA920X2_23R","PDX","CNV"
"m913.68.1735Ca","SA920T","Patient","CNV"
"m913.68.1735Ca","SA920X2_23R","PDX","CNV"
"m914.75.1735Ca","SA920T","Patient","CNV"
"m914.75.1735Ca","SA920X2_23R","PDX","CNV"
"m4689.05.1738Co","SA1030LM","M","CNV"
"m4689.05.1738Co","SA1030T","Patient","CNV"
"m4689.05.1738Co","SA1030X2_17L","PDX","CNV"
"m4928.12.1738Ci","SA1030LM","M","CNV"
"m4928.12.1738Ci","SA1030T","Patient","CNV"
"m4928.12.1738Ci","SA1030X2_17L","PDX","CNV"
"m4929.19.1738Ge","SA1030LM","M","CNV"
"m4929.19.1738Ge","SA1030T","Patient","CNV"
"m4929.19.1738Ge","SA1030X2_17L","PDX","CNV"
"m4925.26.1738Pa","SA1030LM","M","CNV"
"m4925.26.1738Pa","SA1030T","Patient","CNV"
"m4925.26.1738Pa","SA1030X2_17L","PDX","CNV"
"m4778.05.1784Co",NA,NA,"CNV"
"m4778.12.1784Ci",NA,NA,"CNV"
"m5321.19.1784Ge",NA,NA,"CNV"
"m5323.26.1784Pa",NA,NA,"CNV"
"m5320.33.1784Do",NA,NA,"CNV"
"m4780.05.1828Co","SA1027T","Patient","CNV"
"m4780.05.1828Co","SA1027X1_1L","PDX","CNV"
"m4782.12.1828Ci","SA1027T","Patient","CNV"
"m4782.12.1828Ci","SA1027X1_1L","PDX","CNV"
"m4783.19.1828Ge","SA1027T","Patient","CNV"
"m4783.19.1828Ge","SA1027X1_1L","PDX","CNV"
"m4781.26.1828Pa","SA1027T","Patient","CNV"
"m4781.26.1828Pa","SA1027X1_1L","PDX","CNV"
"m4770.33.1828Do","SA1027T","Patient","CNV"
"m4770.33.1828Do","SA1027X1_1L","PDX","CNV"
"m4997.05.1834Co","SA1028T","Patient","CNV"
"m4997.05.1834Co","SA1028X3_3L","PDX","CNV"
"m4266.12.1834Ci","SA1028T","Patient","CNV"
"m4266.12.1834Ci","SA1028X3_3L","PDX","CNV"
"m4994.19.1834Ge","SA1028T","Patient","CNV"
"m4994.19.1834Ge","SA1028X3_3L","PDX","CNV"
"m4496.26.1834Pa","SA1028T","Patient","CNV"
"m4496.26.1834Pa","SA1028X3_3L","PDX","CNV"
"m4995.33.1834Do","SA1028T","Patient","CNV"
"m4995.33.1834Do","SA1028X3_3L","PDX","CNV"
"m5216.05.1840Co","SA998T","Patient","CNV"
"m4706.12.1840Ci","SA998T","Patient","CNV"
"m5217.19.1840Ge","SA998T","Patient","CNV"
"m5218.26.1840Pa","SA998T","Patient","CNV"
"m5215.33.1840Do","SA998T","Patient","CNV"
"m5656.05.1851Co","SA994T","Patient","CNV"
"m5656.05.1851Co","SA994X2_3L","PDX","CNV"
"m5082.12.1851Ci","SA994T","Patient","CNV"
"m5082.12.1851Ci","SA994X2_3L","PDX","CNV"
"m5659.19.1851Ge","SA994T","Patient","CNV"
"m5659.19.1851Ge","SA994X2_3L","PDX","CNV"
"m5081.26.1851Pa","SA994T","Patient","CNV"
"m5081.26.1851Pa","SA994X2_3L","PDX","CNV"
"m5658.33.1851Do","SA994T","Patient","CNV"
"m5658.33.1851Do","SA994X2_3L","PDX","CNV"
"m5268.12.1863Ci","SA1025T","Patient","CNV"
"m5268.12.1863Ci","SA1025X1_2R","PDX","CNV"
"m5274.19.1863Ge","SA1025T","Patient","CNV"
"m5274.19.1863Ge","SA1025X1_2R","PDX","CNV"
"m5270.26.1863Pa","SA1025T","Patient","CNV"
"m5270.26.1863Pa","SA1025X1_2R","PDX","CNV"
"m5269.33.1863Do","SA1025T","Patient","CNV"
"m5269.33.1863Do","SA1025X1_2R","PDX","CNV"
"m5205.05.1868Co","SA1016T","Patient","CNV"
"m5205.05.1868Co","SA1016X3_3L","PDX","CNV"
"m5208.12.1868Ci","SA1016T","Patient","CNV"
"m5208.12.1868Ci","SA1016X3_3L","PDX","CNV"
"m5203.19.1868Ge","SA1016T","Patient","CNV"
"m5203.19.1868Ge","SA1016X3_3L","PDX","CNV"
"m5202.26.1868Pa","SA1016T","Patient","CNV"
"m5202.26.1868Pa","SA1016X3_3L","PDX","CNV"
"m5151.05.1876Co","SA1017T","Patient","CNV"
"m5151.05.1876Co","SA1017X1_4L","PDX","CNV"
"m5140.12.1876Ci","SA1017T","Patient","CNV"
"m5140.12.1876Ci","SA1017X1_4L","PDX","CNV"
"m5039.19.1876Ge","SA1017T","Patient","CNV"
"m5039.19.1876Ge","SA1017X1_4L","PDX","CNV"
"m5147.26.1876Pa","SA1017T","Patient","CNV"
"m5147.26.1876Pa","SA1017X1_4L","PDX","CNV"
"m5152.33.1876Do","SA1017T","Patient","CNV"
"m5152.33.1876Do","SA1017X1_4L","PDX","CNV"
"m5366.05.1882Co","SA1021T","Patient","CNV"
"m5366.05.1882Co","SA1021X2_1L","PDX","CNV"
"m5364.12.1882Ci","SA1021T","Patient","CNV"
"m5364.12.1882Ci","SA1021X2_1L","PDX","CNV"
"m5369.19.1882Ge","SA1021T","Patient","CNV"
"m5369.19.1882Ge","SA1021X2_1L","PDX","CNV"
"m5365.26.1882Pa","SA1021T","Patient","CNV"
"m5365.26.1882Pa","SA1021X2_1L","PDX","CNV"
"m5554.33.1882Do","SA1021T","Patient","CNV"
"m5554.33.1882Do","SA1021X2_1L","PDX","CNV"
"m5734.54.1886Do","SA1022T","Patient","CNV"
"m5734.54.1886Do","SA1022X1_3L","PDX","CNV"
"m1962.61.1886Ca","SA1022T","Patient","CNV"
"m1962.61.1886Ca","SA1022X1_3L","PDX","CNV"
"m1964.68.1886Ca","SA1022T","Patient","CNV"
"m1964.68.1886Ca","SA1022X1_3L","PDX","CNV"
"m1966.75.1886Ca","SA1022T","Patient","CNV"
"m1966.75.1886Ca","SA1022X1_3L","PDX","CNV"
"m5665.05.1887Co","SA995T","Patient","CNV"
"m5665.05.1887Co","SA995X1_5R","PDX","CNV"
"m2232.12.1887Co","SA995T","Patient","CNV"
"m2232.12.1887Co","SA995X1_5R","PDX","CNV"
"m2233.19.1887Co","SA995T","Patient","CNV"
"m2233.19.1887Co","SA995X1_5R","PDX","CNV"
"m2234.26.1887Co","SA995T","Patient","CNV"
"m2234.26.1887Co","SA995X1_5R","PDX","CNV"
"m5660.33.1887Ci","SA995T","Patient","CNV"
"m5660.33.1887Ci","SA995X1_5R","PDX","CNV"
"m5664.40.1887Ge","SA995T","Patient","CNV"
"m5664.40.1887Ge","SA995X1_5R","PDX","CNV"
"m5663.47.1887Pa","SA995T","Patient","CNV"
"m5663.47.1887Pa","SA995X1_5R","PDX","CNV"
"m2229.54.1887Ca","SA995T","Patient","CNV"
"m2229.54.1887Ca","SA995X1_5R","PDX","CNV"
"m2230.61.1887Ca","SA995T","Patient","CNV"
"m2230.61.1887Ca","SA995X1_5R","PDX","CNV"
"m2231.68.1887Ca","SA995T","Patient","CNV"
"m2231.68.1887Ca","SA995X1_5R","PDX","CNV"
"m444.05.1905Co","SA997T","Patient","CNV"
"m445.12.1905Co","SA997T","Patient","CNV"
"m446.19.1905Co","SA997T","Patient","CNV"
"m4785.26.1905Ci","SA997T","Patient","CNV"
"m5314.33.1905Ge","SA997T","Patient","CNV"
"m5318.40.1905Pa","SA997T","Patient","CNV"
"m5143.05.1915Co","SA1023T","Patient","CNV"
"m5143.05.1915Co","SA1023X1_2L","PDX","CNV"
"m851.12.1915Co","SA1023T","Patient","CNV"
"m851.12.1915Co","SA1023X1_2L","PDX","CNV"
"m852.19.1915Co","SA1023T","Patient","CNV"
"m852.19.1915Co","SA1023X1_2L","PDX","CNV"
"m5142.26.1915Ci","SA1023T","Patient","CNV"
"m5142.26.1915Ci","SA1023X1_2L","PDX","CNV"
"m5145.33.1915Ge","SA1023T","Patient","CNV"
"m5145.33.1915Ge","SA1023X1_2L","PDX","CNV"
"m4934.40.1915Pa","SA1023T","Patient","CNV"
"m4934.40.1915Pa","SA1023X1_2L","PDX","CNV"
"m5469.47.1915Do","SA1023T","Patient","CNV"
"m5469.47.1915Do","SA1023X1_2L","PDX","CNV"
"m848.54.1915Ca","SA1023T","Patient","CNV"
"m848.54.1915Ca","SA1023X1_2L","PDX","CNV"
"m849.61.1915Ca","SA1023T","Patient","CNV"
"m849.61.1915Ca","SA1023X1_2L","PDX","CNV"
"m853.68.1915Ca","SA1023T","Patient","CNV"
"m853.68.1915Ca","SA1023X1_2L","PDX","CNV"
"m5192.05.1924Co","SA993T","Patient","CNV"
"m5192.05.1924Co","SA993X2_5R","PDX","CNV"
"m935.12.1924Co","SA993T","Patient","CNV"
"m935.12.1924Co","SA993X2_5R","PDX","CNV"
"m936.19.1924Co","SA993T","Patient","CNV"
"m936.19.1924Co","SA993X2_5R","PDX","CNV"
"m937.26.1924Co","SA993T","Patient","CNV"
"m937.26.1924Co","SA993X2_5R","PDX","CNV"
"m5187.33.1924Ci","SA993T","Patient","CNV"
"m5187.33.1924Ci","SA993X2_5R","PDX","CNV"
"m5191.40.1924Ge","SA993T","Patient","CNV"
"m5191.40.1924Ge","SA993X2_5R","PDX","CNV"
"m5188.47.1924Pa","SA993T","Patient","CNV"
"m5188.47.1924Pa","SA993X2_5R","PDX","CNV"
"m5189.54.1924Do","SA993T","Patient","CNV"
"m5189.54.1924Do","SA993X2_5R","PDX","CNV"
"m932.61.1924Ca","SA993T","Patient","CNV"
"m932.61.1924Ca","SA993X2_5R","PDX","CNV"
"m933.68.1924Ca","SA993T","Patient","CNV"
"m933.68.1924Ca","SA993X2_5R","PDX","CNV"
"m934.75.1924Ca","SA993T","Patient","CNV"
"m934.75.1924Ca","SA993X2_5R","PDX","CNV"
"m5078.05.1939Co","SA1024T","Patient","CNV"
"m5078.05.1939Co","SA1024X1_1L","PDX","CNV"
"m315.12.1939Co","SA1024T","Patient","CNV"
"m315.12.1939Co","SA1024X1_1L","PDX","CNV"
"m318.19.1939Co","SA1024T","Patient","CNV"
"m318.19.1939Co","SA1024X1_1L","PDX","CNV"
"m323.26.1939Co","SA1024T","Patient","CNV"
"m323.26.1939Co","SA1024X1_1L","PDX","CNV"
"m5194.33.1939Ci","SA1024T","Patient","CNV"
"m5194.33.1939Ci","SA1024X1_1L","PDX","CNV"
"m5077.40.1939Ge","SA1024T","Patient","CNV"
"m5077.40.1939Ge","SA1024X1_1L","PDX","CNV"
"m5428.47.1939Pa","SA1024T","Patient","CNV"
"m5428.47.1939Pa","SA1024X1_1L","PDX","CNV"
"m5431.54.1939Do","SA1024T","Patient","CNV"
"m5431.54.1939Do","SA1024X1_1L","PDX","CNV"
"m158.61.1939Ca","SA1024T","Patient","CNV"
"m158.61.1939Ca","SA1024X1_1L","PDX","CNV"
"m159.68.1939Ca","SA1024T","Patient","CNV"
"m159.68.1939Ca","SA1024X1_1L","PDX","CNV"
"m160.75.1939Ca","SA1024T","Patient","CNV"
"m160.75.1939Ca","SA1024X1_1L","PDX","CNV"
"m2723.05.1944Co","SA1031X1_1R","PDX","CNV"
"m2724.12.1944Co","SA1031X1_1R","PDX","CNV"
"m5419.19.1944Ci","SA1031X1_1R","PDX","CNV"
"m5417.26.1944Ge","SA1031X1_1R","PDX","CNV"
"m5416.33.1944Pa","SA1031X1_1R","PDX","CNV"
"m5418.40.1944Do","SA1031X1_1R","PDX","CNV"
"m5266.05.1945Co","SA1033T","Patient","CNV"
"m5266.05.1945Co","SA1033X1_2R","PDX","CNV"
"m161.12.1945Co","SA1033T","Patient","CNV"
"m161.12.1945Co","SA1033X1_2R","PDX","CNV"
"m162.19.1945Co","SA1033T","Patient","CNV"
"m162.19.1945Co","SA1033X1_2R","PDX","CNV"
"m163.26.1945Co","SA1033T","Patient","CNV"
"m163.26.1945Co","SA1033X1_2R","PDX","CNV"
"m4792.33.1945Ci","SA1033T","Patient","CNV"
"m4792.33.1945Ci","SA1033X1_2R","PDX","CNV"
"m5262.47.1945Pa","SA1033T","Patient","CNV"
"m5262.47.1945Pa","SA1033X1_2R","PDX","CNV"
"m5265.54.1945Do","SA1033T","Patient","CNV"
"m5265.54.1945Do","SA1033X1_2R","PDX","CNV"
"m158.61.1945Ca","SA1033T","Patient","CNV"
"m158.61.1945Ca","SA1033X1_2R","PDX","CNV"
"m159.68.1945Ca","SA1033T","Patient","CNV"
"m159.68.1945Ca","SA1033X1_2R","PDX","CNV"
"m160.75.1945Ca","SA1033T","Patient","CNV"
"m160.75.1945Ca","SA1033X1_2R","PDX","CNV"
"m5426.05.1963Co","SA992T","Patient","CNV"
"m5426.05.1963Co","SA992X1_4R","PDX","CNV"
"m5422.12.1963Ci","SA992T","Patient","CNV"
"m5422.12.1963Ci","SA992X1_4R","PDX","CNV"
"m5427.19.1963Ge","SA992T","Patient","CNV"
"m5427.19.1963Ge","SA992X1_4R","PDX","CNV"
"m5423.26.1963Pa","SA992T","Patient","CNV"
"m5423.26.1963Pa","SA992X1_4R","PDX","CNV"
"m5425.33.1963Do","SA992T","Patient","CNV"
"m5425.33.1963Do","SA992X1_4R","PDX","CNV"
"m5371.05.1971Co","SA1019T","Patient","CNV"
"m5371.05.1971Co","SA1019X1_1L","PDX","CNV"
"m93.12.1971Co","SA1019T","Patient","CNV"
"m93.12.1971Co","SA1019X1_1L","PDX","CNV"
"m94.19.1971Co","SA1019T","Patient","CNV"
"m94.19.1971Co","SA1019X1_1L","PDX","CNV"
"m95.26.1971Co","SA1019T","Patient","CNV"
"m95.26.1971Co","SA1019X1_1L","PDX","CNV"
"m5098.33.1971Ci","SA1019T","Patient","CNV"
"m5098.33.1971Ci","SA1019X1_1L","PDX","CNV"
"m5100.40.1971Ge","SA1019T","Patient","CNV"
"m5100.40.1971Ge","SA1019X1_1L","PDX","CNV"
"m4960.47.1971Pa","SA1019T","Patient","CNV"
"m4960.47.1971Pa","SA1019X1_1L","PDX","CNV"
"m95.61.1971Ca","SA1019T","Patient","CNV"
"m95.61.1971Ca","SA1019X1_1L","PDX","CNV"
"m91.68.1971Ca","SA1019T","Patient","CNV"
"m91.68.1971Ca","SA1019X1_1L","PDX","CNV"
"m92.75.1971Ca","SA1019T","Patient","CNV"
"m92.75.1971Ca","SA1019X1_1L","PDX","CNV"
"m5120.05.1979Co","SA1032X1_2R","PDX","CNV"
"m5118.12.1979Ci","SA1032X1_2R","PDX","CNV"
"m5122.33.1979Do","SA1032X1_2R","PDX","CNV"
"m5169.05.1986Co",NA,NA,"CNV"
"m865.12.1986Co",NA,NA,"CNV"
"m863.19.1986Co",NA,NA,"CNV"
"m4789.26.1986Ci",NA,NA,"CNV"
"m5170.33.1986Ge",NA,NA,"CNV"
"m5167.40.1986Pa",NA,NA,"CNV"
"m4922.47.1986Do",NA,NA,"CNV"
"m862.54.1986Ca",NA,NA,"CNV"
"m866.61.1986Ca",NA,NA,"CNV"
"m867.68.1986Ca",NA,NA,"CNV"
"m5112.05.1991Co","SA1020T","Patient","CNV"
"m5112.05.1991Co","SA1020X1_2L","PDX","CNV"
"m880.12.1991Co","SA1020T","Patient","CNV"
"m880.12.1991Co","SA1020X1_2L","PDX","CNV"
"m881.19.1991Co","SA1020T","Patient","CNV"
"m881.19.1991Co","SA1020X1_2L","PDX","CNV"
"m882.26.1991Co","SA1020T","Patient","CNV"
"m882.26.1991Co","SA1020X1_2L","PDX","CNV"
"m5115.41.1991Ge","SA1020T","Patient","CNV"
"m5115.41.1991Ge","SA1020X1_2L","PDX","CNV"
"m5357.48.1991Pa","SA1020T","Patient","CNV"
"m5357.48.1991Pa","SA1020X1_2L","PDX","CNV"
"m4937.55.1991Do","SA1020T","Patient","CNV"
"m4937.55.1991Do","SA1020X1_2L","PDX","CNV"
"m877.62.1991Ca","SA1020T","Patient","CNV"
"m877.62.1991Ca","SA1020X1_2L","PDX","CNV"
"m882.69.1991Ca","SA1020T","Patient","CNV"
"m882.69.1991Ca","SA1020X1_2L","PDX","CNV"
"m879.76.1991Ca","SA1020T","Patient","CNV"
"m879.76.1991Ca","SA1020X1_2L","PDX","CNV"
"m4598.05.2001Co","SA1026T","Patient","CNV"
"m4598.05.2001Co","SA1026X1_4R","PDX","CNV"
"m5261.12.2001Ci","SA1026T","Patient","CNV"
"m5261.12.2001Ci","SA1026X1_4R","PDX","CNV"
"m4896.19.2001Ge","SA1026T","Patient","CNV"
"m4896.19.2001Ge","SA1026X1_4R","PDX","CNV"
"m5484.26.2001Pa","SA1026T","Patient","CNV"
"m5484.26.2001Pa","SA1026X1_4R","PDX","CNV"
"m5482.33.2001Do","SA1026T","Patient","CNV"
"m5482.33.2001Do","SA1026X1_4R","PDX","CNV"
"m5086.05.2006Co","SA1035T","Patient","CNV"
"m5086.05.2006Co","SA1035X1_8L","PDX","CNV"
"m5084.12.2006Ci","SA1035T","Patient","CNV"
"m5084.12.2006Ci","SA1035X1_8L","PDX","CNV"
"m5125.19.2006Ge","SA1035T","Patient","CNV"
"m5125.19.2006Ge","SA1035X1_8L","PDX","CNV"
"m5126.26.2006Pa","SA1035T","Patient","CNV"
"m5126.26.2006Pa","SA1035X1_8L","PDX","CNV"
"m5123.33.2006Do","SA1035T","Patient","CNV"
"m5123.33.2006Do","SA1035X1_8L","PDX","CNV"
"m4757.19.2007Ge","SA1036T","Patient","CNV"
"m4757.19.2007Ge","SA1036X2_2R","PDX","CNV"
"m4755.26.2007Pa","SA1036T","Patient","CNV"
"m4755.26.2007Pa","SA1036X2_2R","PDX","CNV"
"m4754.47.2029Ci","SA1037T","Patient","CNV"
"m4754.47.2029Ci","SA1037X1_2L","PDX","CNV"
"m5093.54.2029Ge","SA1037T","Patient","CNV"
"m5093.54.2029Ge","SA1037X1_2L","PDX","CNV"
"m5360.61.2029Pa","SA1037T","Patient","CNV"
"m5360.61.2029Pa","SA1037X1_2L","PDX","CNV"
"m5359.68.2029Do","SA1037T","Patient","CNV"
"m5359.68.2029Do","SA1037X1_2L","PDX","CNV"
"m5594.05.2047Co","SA1038T","Patient","CNV"
"m5594.05.2047Co","SA1038X1_2L","PDX","CNV"
"m5593.12.2047Ci","SA1038T","Patient","CNV"
"m5593.12.2047Ci","SA1038X1_2L","PDX","CNV"
"m5592.19.2047Ge","SA1038T","Patient","CNV"
"m5592.19.2047Ge","SA1038X1_2L","PDX","CNV"
"m2743.05.2076Co","SA1041X2_1","PDX","CNV"
"m2744.12.2076Co","SA1041X2_1","PDX","CNV"
"m2745.19.2076Co","SA1041X2_1","PDX","CNV"
"m2750.26.2076Co","SA1041X2_1","PDX","CNV"
"m2748.33.2076Ge","SA1041X2_1","PDX","CNV"
"m2749.40.2076Ge","SA1041X2_1","PDX","CNV"
"m2751.47.2076Ge","SA1041X2_1","PDX","CNV"
"m2746.54.2076Ge","SA1041X2_1","PDX","CNV"
"m2747.61.2076Ge","SA1041X2_1","PDX","CNV"
"m4953.68.2076Pa","SA1041X2_1","PDX","CNV"
"m4954.75.2076Do","SA1041X2_1","PDX","CNV"
"m4952.82.2076Ci","SA1041X2_1","PDX","CNV"
"m890.89.2076Ca","SA1041X2_1","PDX","CNV"
"m887.96.2076Ca","SA1041X2_1","PDX","CNV"
"m888.103.2076Ca","SA1041X2_1","PDX","CNV"
"m5519.12.2061Ci","SA1040T","Patient","CNV"
"m5519.12.2061Ci","SA1040X1_1L","PDX","CNV"
"m5654.19.2061Ge","SA1040T","Patient","CNV"
"m5654.19.2061Ge","SA1040X1_1L","PDX","CNV"
"m5522.26.2061Pa","SA1040T","Patient","CNV"
"m5522.26.2061Pa","SA1040X1_1L","PDX","CNV"
"m5517.33.2061Do","SA1040T","Patient","CNV"
"m5517.33.2061Do","SA1040X1_1L","PDX","CNV"
"m7191.05.2097Co",NA,NA,"CNV"
"m7190.12.2097Ci",NA,NA,"CNV"
"m7194.19.2097Ge",NA,NA,"CNV"
"m7192.26.2097Pa",NA,NA,"CNV"
"m7193.33.2097Do",NA,NA,"CNV"
"m164.05.2089Co","SA1043X1_2L","PDX","CNV"
"m165.12.2089Co","SA1043X1_2L","PDX","CNV"
"m172.19.2089Co","SA1043X1_2L","PDX","CNV"
"m167.26.2089Ca","SA1043X1_2L","PDX","CNV"
"m168.33.2089Ca","SA1043X1_2L","PDX","CNV"
"m169.40.2089Ca","SA1043X1_2L","PDX","CNV"
"m5686.05.1715Co","SA1029T","Patient","logCNV"
"m5686.05.1715Co","SA1029X2_14L","PDX","logCNV"
"m5688.12.1715Ci","SA1029T","Patient","logCNV"
"m5688.12.1715Ci","SA1029X2_14L","PDX","logCNV"
"m5690.19.1715Ge","SA1029T","Patient","logCNV"
"m5690.19.1715Ge","SA1029X2_14L","PDX","logCNV"
"m5689.26.1715Pa","SA1029T","Patient","logCNV"
"m5689.26.1715Pa","SA1029X2_14L","PDX","logCNV"
"m5687.33.1715Do","SA1029T","Patient","logCNV"
"m5687.33.1715Do","SA1029X2_14L","PDX","logCNV"
"m5372.05.1735Co","SA920T","Patient","logCNV"
"m5372.05.1735Co","SA920X2_23R","PDX","logCNV"
"m4803.33.1735Ci","SA920T","Patient","logCNV"
"m4803.33.1735Ci","SA920X2_23R","PDX","logCNV"
"m4801.40.1735Ge","SA920T","Patient","logCNV"
"m4801.40.1735Ge","SA920X2_23R","PDX","logCNV"
"m5374.47.1735Pa","SA920T","Patient","logCNV"
"m5374.47.1735Pa","SA920X2_23R","PDX","logCNV"
"m5373.54.1735Do","SA920T","Patient","logCNV"
"m5373.54.1735Do","SA920X2_23R","PDX","logCNV"
"m912.61.1735Ca","SA920T","Patient","logCNV"
"m912.61.1735Ca","SA920X2_23R","PDX","logCNV"
"m913.68.1735Ca","SA920T","Patient","logCNV"
"m913.68.1735Ca","SA920X2_23R","PDX","logCNV"
"m914.75.1735Ca","SA920T","Patient","logCNV"
"m914.75.1735Ca","SA920X2_23R","PDX","logCNV"
"m4689.05.1738Co","SA1030LM","M","logCNV"
"m4689.05.1738Co","SA1030T","Patient","logCNV"
"m4689.05.1738Co","SA1030X2_17L","PDX","logCNV"
"m4928.12.1738Ci","SA1030LM","M","logCNV"
"m4928.12.1738Ci","SA1030T","Patient","logCNV"
"m4928.12.1738Ci","SA1030X2_17L","PDX","logCNV"
"m4929.19.1738Ge","SA1030LM","M","logCNV"
"m4929.19.1738Ge","SA1030T","Patient","logCNV"
"m4929.19.1738Ge","SA1030X2_17L","PDX","logCNV"
"m4925.26.1738Pa","SA1030LM","M","logCNV"
"m4925.26.1738Pa","SA1030T","Patient","logCNV"
"m4925.26.1738Pa","SA1030X2_17L","PDX","logCNV"
"m4778.05.1784Co",NA,NA,"logCNV"
"m4778.12.1784Ci",NA,NA,"logCNV"
"m5321.19.1784Ge",NA,NA,"logCNV"
"m5323.26.1784Pa",NA,NA,"logCNV"
"m5320.33.1784Do",NA,NA,"logCNV"
"m4780.05.1828Co","SA1027T","Patient","logCNV"
"m4780.05.1828Co","SA1027X1_1L","PDX","logCNV"
"m4782.12.1828Ci","SA1027T","Patient","logCNV"
"m4782.12.1828Ci","SA1027X1_1L","PDX","logCNV"
"m4783.19.1828Ge","SA1027T","Patient","logCNV"
"m4783.19.1828Ge","SA1027X1_1L","PDX","logCNV"
"m4781.26.1828Pa","SA1027T","Patient","logCNV"
"m4781.26.1828Pa","SA1027X1_1L","PDX","logCNV"
"m4770.33.1828Do","SA1027T","Patient","logCNV"
"m4770.33.1828Do","SA1027X1_1L","PDX","logCNV"
"m4997.05.1834Co","SA1028T","Patient","logCNV"
"m4997.05.1834Co","SA1028X3_3L","PDX","logCNV"
"m4266.12.1834Ci","SA1028T","Patient","logCNV"
"m4266.12.1834Ci","SA1028X3_3L","PDX","logCNV"
"m4994.19.1834Ge","SA1028T","Patient","logCNV"
"m4994.19.1834Ge","SA1028X3_3L","PDX","logCNV"
"m4496.26.1834Pa","SA1028T","Patient","logCNV"
"m4496.26.1834Pa","SA1028X3_3L","PDX","logCNV"
"m4995.33.1834Do","SA1028T","Patient","logCNV"
"m4995.33.1834Do","SA1028X3_3L","PDX","logCNV"
"m5216.05.1840Co","SA998T","Patient","logCNV"
"m4706.12.1840Ci","SA998T","Patient","logCNV"
"m5217.19.1840Ge","SA998T","Patient","logCNV"
"m5218.26.1840Pa","SA998T","Patient","logCNV"
"m5215.33.1840Do","SA998T","Patient","logCNV"
"m5656.05.1851Co","SA994T","Patient","logCNV"
"m5656.05.1851Co","SA994X2_3L","PDX","logCNV"
"m5082.12.1851Ci","SA994T","Patient","logCNV"
"m5082.12.1851Ci","SA994X2_3L","PDX","logCNV"
"m5659.19.1851Ge","SA994T","Patient","logCNV"
"m5659.19.1851Ge","SA994X2_3L","PDX","logCNV"
"m5081.26.1851Pa","SA994T","Patient","logCNV"
"m5081.26.1851Pa","SA994X2_3L","PDX","logCNV"
"m5658.33.1851Do","SA994T","Patient","logCNV"
"m5658.33.1851Do","SA994X2_3L","PDX","logCNV"
"m5268.12.1863Ci","SA1025T","Patient","logCNV"
"m5268.12.1863Ci","SA1025X1_2R","PDX","logCNV"
"m5274.19.1863Ge","SA1025T","Patient","logCNV"
"m5274.19.1863Ge","SA1025X1_2R","PDX","logCNV"
"m5270.26.1863Pa","SA1025T","Patient","logCNV"
"m5270.26.1863Pa","SA1025X1_2R","PDX","logCNV"
"m5269.33.1863Do","SA1025T","Patient","logCNV"
"m5269.33.1863Do","SA1025X1_2R","PDX","logCNV"
"m5205.05.1868Co","SA1016T","Patient","logCNV"
"m5205.05.1868Co","SA1016X3_3L","PDX","logCNV"
"m5208.12.1868Ci","SA1016T","Patient","logCNV"
"m5208.12.1868Ci","SA1016X3_3L","PDX","logCNV"
"m5203.19.1868Ge","SA1016T","Patient","logCNV"
"m5203.19.1868Ge","SA1016X3_3L","PDX","logCNV"
"m5202.26.1868Pa","SA1016T","Patient","logCNV"
"m5202.26.1868Pa","SA1016X3_3L","PDX","logCNV"
"m5151.05.1876Co","SA1017T","Patient","logCNV"
"m5151.05.1876Co","SA1017X1_4L","PDX","logCNV"
"m5140.12.1876Ci","SA1017T","Patient","logCNV"
"m5140.12.1876Ci","SA1017X1_4L","PDX","logCNV"
"m5039.19.1876Ge","SA1017T","Patient","logCNV"
"m5039.19.1876Ge","SA1017X1_4L","PDX","logCNV"
"m5147.26.1876Pa","SA1017T","Patient","logCNV"
"m5147.26.1876Pa","SA1017X1_4L","PDX","logCNV"
"m5152.33.1876Do","SA1017T","Patient","logCNV"
"m5152.33.1876Do","SA1017X1_4L","PDX","logCNV"
"m5366.05.1882Co","SA1021T","Patient","logCNV"
"m5366.05.1882Co","SA1021X2_1L","PDX","logCNV"
"m5364.12.1882Ci","SA1021T","Patient","logCNV"
"m5364.12.1882Ci","SA1021X2_1L","PDX","logCNV"
"m5369.19.1882Ge","SA1021T","Patient","logCNV"
"m5369.19.1882Ge","SA1021X2_1L","PDX","logCNV"
"m5365.26.1882Pa","SA1021T","Patient","logCNV"
"m5365.26.1882Pa","SA1021X2_1L","PDX","logCNV"
"m5554.33.1882Do","SA1021T","Patient","logCNV"
"m5554.33.1882Do","SA1021X2_1L","PDX","logCNV"
"m5734.54.1886Do","SA1022T","Patient","logCNV"
"m5734.54.1886Do","SA1022X1_3L","PDX","logCNV"
"m1962.61.1886Ca","SA1022T","Patient","logCNV"
"m1962.61.1886Ca","SA1022X1_3L","PDX","logCNV"
"m1964.68.1886Ca","SA1022T","Patient","logCNV"
"m1964.68.1886Ca","SA1022X1_3L","PDX","logCNV"
"m1966.75.1886Ca","SA1022T","Patient","logCNV"
"m1966.75.1886Ca","SA1022X1_3L","PDX","logCNV"
"m5665.05.1887Co","SA995T","Patient","logCNV"
"m5665.05.1887Co","SA995X1_5R","PDX","logCNV"
"m2232.12.1887Co","SA995T","Patient","logCNV"
"m2232.12.1887Co","SA995X1_5R","PDX","logCNV"
"m2233.19.1887Co","SA995T","Patient","logCNV"
"m2233.19.1887Co","SA995X1_5R","PDX","logCNV"
"m2234.26.1887Co","SA995T","Patient","logCNV"
"m2234.26.1887Co","SA995X1_5R","PDX","logCNV"
"m5660.33.1887Ci","SA995T","Patient","logCNV"
"m5660.33.1887Ci","SA995X1_5R","PDX","logCNV"
"m5664.40.1887Ge","SA995T","Patient","logCNV"
"m5664.40.1887Ge","SA995X1_5R","PDX","logCNV"
"m5663.47.1887Pa","SA995T","Patient","logCNV"
"m5663.47.1887Pa","SA995X1_5R","PDX","logCNV"
"m2229.54.1887Ca","SA995T","Patient","logCNV"
"m2229.54.1887Ca","SA995X1_5R","PDX","logCNV"
"m2230.61.1887Ca","SA995T","Patient","logCNV"
"m2230.61.1887Ca","SA995X1_5R","PDX","logCNV"
"m2231.68.1887Ca","SA995T","Patient","logCNV"
"m2231.68.1887Ca","SA995X1_5R","PDX","logCNV"
"m444.05.1905Co","SA997T","Patient","logCNV"
"m445.12.1905Co","SA997T","Patient","logCNV"
"m446.19.1905Co","SA997T","Patient","logCNV"
"m4785.26.1905Ci","SA997T","Patient","logCNV"
"m5314.33.1905Ge","SA997T","Patient","logCNV"
"m5318.40.1905Pa","SA997T","Patient","logCNV"
"m5143.05.1915Co","SA1023T","Patient","logCNV"
"m5143.05.1915Co","SA1023X1_2L","PDX","logCNV"
"m851.12.1915Co","SA1023T","Patient","logCNV"
"m851.12.1915Co","SA1023X1_2L","PDX","logCNV"
"m852.19.1915Co","SA1023T","Patient","logCNV"
"m852.19.1915Co","SA1023X1_2L","PDX","logCNV"
"m5142.26.1915Ci","SA1023T","Patient","logCNV"
"m5142.26.1915Ci","SA1023X1_2L","PDX","logCNV"
"m5145.33.1915Ge","SA1023T","Patient","logCNV"
"m5145.33.1915Ge","SA1023X1_2L","PDX","logCNV"
"m4934.40.1915Pa","SA1023T","Patient","logCNV"
"m4934.40.1915Pa","SA1023X1_2L","PDX","logCNV"
"m5469.47.1915Do","SA1023T","Patient","logCNV"
"m5469.47.1915Do","SA1023X1_2L","PDX","logCNV"
"m848.54.1915Ca","SA1023T","Patient","logCNV"
"m848.54.1915Ca","SA1023X1_2L","PDX","logCNV"
"m849.61.1915Ca","SA1023T","Patient","logCNV"
"m849.61.1915Ca","SA1023X1_2L","PDX","logCNV"
"m853.68.1915Ca","SA1023T","Patient","logCNV"
"m853.68.1915Ca","SA1023X1_2L","PDX","logCNV"
"m5192.05.1924Co","SA993T","Patient","logCNV"
"m5192.05.1924Co","SA993X2_5R","PDX","logCNV"
"m935.12.1924Co","SA993T","Patient","logCNV"
"m935.12.1924Co","SA993X2_5R","PDX","logCNV"
"m936.19.1924Co","SA993T","Patient","logCNV"
"m936.19.1924Co","SA993X2_5R","PDX","logCNV"
"m937.26.1924Co","SA993T","Patient","logCNV"
"m937.26.1924Co","SA993X2_5R","PDX","logCNV"
"m5187.33.1924Ci","SA993T","Patient","logCNV"
"m5187.33.1924Ci","SA993X2_5R","PDX","logCNV"
"m5191.40.1924Ge","SA993T","Patient","logCNV"
"m5191.40.1924Ge","SA993X2_5R","PDX","logCNV"
"m5188.47.1924Pa","SA993T","Patient","logCNV"
"m5188.47.1924Pa","SA993X2_5R","PDX","logCNV"
"m5189.54.1924Do","SA993T","Patient","logCNV"
"m5189.54.1924Do","SA993X2_5R","PDX","logCNV"
"m932.61.1924Ca","SA993T","Patient","logCNV"
"m932.61.1924Ca","SA993X2_5R","PDX","logCNV"
"m933.68.1924Ca","SA993T","Patient","logCNV"
"m933.68.1924Ca","SA993X2_5R","PDX","logCNV"
"m934.75.1924Ca","SA993T","Patient","logCNV"
"m934.75.1924Ca","SA993X2_5R","PDX","logCNV"
"m5078.05.1939Co","SA1024T","Patient","logCNV"
"m5078.05.1939Co","SA1024X1_1L","PDX","logCNV"
"m315.12.1939Co","SA1024T","Patient","logCNV"
"m315.12.1939Co","SA1024X1_1L","PDX","logCNV"
"m318.19.1939Co","SA1024T","Patient","logCNV"
"m318.19.1939Co","SA1024X1_1L","PDX","logCNV"
"m323.26.1939Co","SA1024T","Patient","logCNV"
"m323.26.1939Co","SA1024X1_1L","PDX","logCNV"
"m5194.33.1939Ci","SA1024T","Patient","logCNV"
"m5194.33.1939Ci","SA1024X1_1L","PDX","logCNV"
"m5077.40.1939Ge","SA1024T","Patient","logCNV"
"m5077.40.1939Ge","SA1024X1_1L","PDX","logCNV"
"m5428.47.1939Pa","SA1024T","Patient","logCNV"
"m5428.47.1939Pa","SA1024X1_1L","PDX","logCNV"
"m5431.54.1939Do","SA1024T","Patient","logCNV"
"m5431.54.1939Do","SA1024X1_1L","PDX","logCNV"
"m158.61.1939Ca","SA1024T","Patient","logCNV"
"m158.61.1939Ca","SA1024X1_1L","PDX","logCNV"
"m159.68.1939Ca","SA1024T","Patient","logCNV"
"m159.68.1939Ca","SA1024X1_1L","PDX","logCNV"
"m160.75.1939Ca","SA1024T","Patient","logCNV"
"m160.75.1939Ca","SA1024X1_1L","PDX","logCNV"
"m2723.05.1944Co","SA1031X1_1R","PDX","logCNV"
"m2724.12.1944Co","SA1031X1_1R","PDX","logCNV"
"m5419.19.1944Ci","SA1031X1_1R","PDX","logCNV"
"m5417.26.1944Ge","SA1031X1_1R","PDX","logCNV"
"m5416.33.1944Pa","SA1031X1_1R","PDX","logCNV"
"m5418.40.1944Do","SA1031X1_1R","PDX","logCNV"
"m5266.05.1945Co","SA1033T","Patient","logCNV"
"m5266.05.1945Co","SA1033X1_2R","PDX","logCNV"
"m161.12.1945Co","SA1033T","Patient","logCNV"
"m161.12.1945Co","SA1033X1_2R","PDX","logCNV"
"m162.19.1945Co","SA1033T","Patient","logCNV"
"m162.19.1945Co","SA1033X1_2R","PDX","logCNV"
"m163.26.1945Co","SA1033T","Patient","logCNV"
"m163.26.1945Co","SA1033X1_2R","PDX","logCNV"
"m4792.33.1945Ci","SA1033T","Patient","logCNV"
"m4792.33.1945Ci","SA1033X1_2R","PDX","logCNV"
"m5262.47.1945Pa","SA1033T","Patient","logCNV"
"m5262.47.1945Pa","SA1033X1_2R","PDX","logCNV"
"m5265.54.1945Do","SA1033T","Patient","logCNV"
"m5265.54.1945Do","SA1033X1_2R","PDX","logCNV"
"m158.61.1945Ca","SA1033T","Patient","logCNV"
"m158.61.1945Ca","SA1033X1_2R","PDX","logCNV"
"m159.68.1945Ca","SA1033T","Patient","logCNV"
"m159.68.1945Ca","SA1033X1_2R","PDX","logCNV"
"m160.75.1945Ca","SA1033T","Patient","logCNV"
"m160.75.1945Ca","SA1033X1_2R","PDX","logCNV"
"m5426.05.1963Co","SA992T","Patient","logCNV"
"m5426.05.1963Co","SA992X1_4R","PDX","logCNV"
"m5422.12.1963Ci","SA992T","Patient","logCNV"
"m5422.12.1963Ci","SA992X1_4R","PDX","logCNV"
"m5427.19.1963Ge","SA992T","Patient","logCNV"
"m5427.19.1963Ge","SA992X1_4R","PDX","logCNV"
"m5423.26.1963Pa","SA992T","Patient","logCNV"
"m5423.26.1963Pa","SA992X1_4R","PDX","logCNV"
"m5425.33.1963Do","SA992T","Patient","logCNV"
"m5425.33.1963Do","SA992X1_4R","PDX","logCNV"
"m5371.05.1971Co","SA1019T","Patient","logCNV"
"m5371.05.1971Co","SA1019X1_1L","PDX","logCNV"
"m93.12.1971Co","SA1019T","Patient","logCNV"
"m93.12.1971Co","SA1019X1_1L","PDX","logCNV"
"m94.19.1971Co","SA1019T","Patient","logCNV"
"m94.19.1971Co","SA1019X1_1L","PDX","logCNV"
"m95.26.1971Co","SA1019T","Patient","logCNV"
"m95.26.1971Co","SA1019X1_1L","PDX","logCNV"
"m5098.33.1971Ci","SA1019T","Patient","logCNV"
"m5098.33.1971Ci","SA1019X1_1L","PDX","logCNV"
"m5100.40.1971Ge","SA1019T","Patient","logCNV"
"m5100.40.1971Ge","SA1019X1_1L","PDX","logCNV"
"m4960.47.1971Pa","SA1019T","Patient","logCNV"
"m4960.47.1971Pa","SA1019X1_1L","PDX","logCNV"
"m95.61.1971Ca","SA1019T","Patient","logCNV"
"m95.61.1971Ca","SA1019X1_1L","PDX","logCNV"
"m91.68.1971Ca","SA1019T","Patient","logCNV"
"m91.68.1971Ca","SA1019X1_1L","PDX","logCNV"
"m92.75.1971Ca","SA1019T","Patient","logCNV"
"m92.75.1971Ca","SA1019X1_1L","PDX","logCNV"
"m5120.05.1979Co","SA1032X1_2R","PDX","logCNV"
"m5118.12.1979Ci","SA1032X1_2R","PDX","logCNV"
"m5122.33.1979Do","SA1032X1_2R","PDX","logCNV"
"m5169.05.1986Co",NA,NA,"logCNV"
"m865.12.1986Co",NA,NA,"logCNV"
"m863.19.1986Co",NA,NA,"logCNV"
"m4789.26.1986Ci",NA,NA,"logCNV"
"m5170.33.1986Ge",NA,NA,"logCNV"
"m5167.40.1986Pa",NA,NA,"logCNV"
"m4922.47.1986Do",NA,NA,"logCNV"
"m862.54.1986Ca",NA,NA,"logCNV"
"m866.61.1986Ca",NA,NA,"logCNV"
"m867.68.1986Ca",NA,NA,"logCNV"
"m5112.05.1991Co","SA1020T","Patient","logCNV"
"m5112.05.1991Co","SA1020X1_2L","PDX","logCNV"
"m880.12.1991Co","SA1020T","Patient","logCNV"
"m880.12.1991Co","SA1020X1_2L","PDX","logCNV"
"m881.19.1991Co","SA1020T","Patient","logCNV"
"m881.19.1991Co","SA1020X1_2L","PDX","logCNV"
"m882.26.1991Co","SA1020T","Patient","logCNV"
"m882.26.1991Co","SA1020X1_2L","PDX","logCNV"
"m5115.41.1991Ge","SA1020T","Patient","logCNV"
"m5115.41.1991Ge","SA1020X1_2L","PDX","logCNV"
"m5357.48.1991Pa","SA1020T","Patient","logCNV"
"m5357.48.1991Pa","SA1020X1_2L","PDX","logCNV"
"m4937.55.1991Do","SA1020T","Patient","logCNV"
"m4937.55.1991Do","SA1020X1_2L","PDX","logCNV"
"m877.62.1991Ca","SA1020T","Patient","logCNV"
"m877.62.1991Ca","SA1020X1_2L","PDX","logCNV"
"m882.69.1991Ca","SA1020T","Patient","logCNV"
"m882.69.1991Ca","SA1020X1_2L","PDX","logCNV"
"m879.76.1991Ca","SA1020T","Patient","logCNV"
"m879.76.1991Ca","SA1020X1_2L","PDX","logCNV"
"m4598.05.2001Co","SA1026T","Patient","logCNV"
"m4598.05.2001Co","SA1026X1_4R","PDX","logCNV"
"m5261.12.2001Ci","SA1026T","Patient","logCNV"
"m5261.12.2001Ci","SA1026X1_4R","PDX","logCNV"
"m4896.19.2001Ge","SA1026T","Patient","logCNV"
"m4896.19.2001Ge","SA1026X1_4R","PDX","logCNV"
"m5484.26.2001Pa","SA1026T","Patient","logCNV"
"m5484.26.2001Pa","SA1026X1_4R","PDX","logCNV"
"m5482.33.2001Do","SA1026T","Patient","logCNV"
"m5482.33.2001Do","SA1026X1_4R","PDX","logCNV"
"m5086.05.2006Co","SA1035T","Patient","logCNV"
"m5086.05.2006Co","SA1035X1_8L","PDX","logCNV"
"m5084.12.2006Ci","SA1035T","Patient","logCNV"
"m5084.12.2006Ci","SA1035X1_8L","PDX","logCNV"
"m5125.19.2006Ge","SA1035T","Patient","logCNV"
"m5125.19.2006Ge","SA1035X1_8L","PDX","logCNV"
"m5126.26.2006Pa","SA1035T","Patient","logCNV"
"m5126.26.2006Pa","SA1035X1_8L","PDX","logCNV"
"m5123.33.2006Do","SA1035T","Patient","logCNV"
"m5123.33.2006Do","SA1035X1_8L","PDX","logCNV"
"m4757.19.2007Ge","SA1036T","Patient","logCNV"
"m4757.19.2007Ge","SA1036X2_2R","PDX","logCNV"
"m4755.26.2007Pa","SA1036T","Patient","logCNV"
"m4755.26.2007Pa","SA1036X2_2R","PDX","logCNV"
"m4754.47.2029Ci","SA1037T","Patient","logCNV"
"m4754.47.2029Ci","SA1037X1_2L","PDX","logCNV"
"m5093.54.2029Ge","SA1037T","Patient","logCNV"
"m5093.54.2029Ge","SA1037X1_2L","PDX","logCNV"
"m5360.61.2029Pa","SA1037T","Patient","logCNV"
"m5360.61.2029Pa","SA1037X1_2L","PDX","logCNV"
"m5359.68.2029Do","SA1037T","Patient","logCNV"
"m5359.68.2029Do","SA1037X1_2L","PDX","logCNV"
"m5594.05.2047Co","SA1038T","Patient","logCNV"
"m5594.05.2047Co","SA1038X1_2L","PDX","logCNV"
"m5593.12.2047Ci","SA1038T","Patient","logCNV"
"m5593.12.2047Ci","SA1038X1_2L","PDX","logCNV"
"m5592.19.2047Ge","SA1038T","Patient","logCNV"
"m5592.19.2047Ge","SA1038X1_2L","PDX","logCNV"
"m2743.05.2076Co","SA1041X2_1","PDX","logCNV"
"m2744.12.2076Co","SA1041X2_1","PDX","logCNV"
"m2745.19.2076Co","SA1041X2_1","PDX","logCNV"
"m2750.26.2076Co","SA1041X2_1","PDX","logCNV"
"m2748.33.2076Ge","SA1041X2_1","PDX","logCNV"
"m2749.40.2076Ge","SA1041X2_1","PDX","logCNV"
"m2751.47.2076Ge","SA1041X2_1","PDX","logCNV"
"m2746.54.2076Ge","SA1041X2_1","PDX","logCNV"
"m2747.61.2076Ge","SA1041X2_1","PDX","logCNV"
"m4953.68.2076Pa","SA1041X2_1","PDX","logCNV"
"m4954.75.2076Do","SA1041X2_1","PDX","logCNV"
"m4952.82.2076Ci","SA1041X2_1","PDX","logCNV"
"m890.89.2076Ca","SA1041X2_1","PDX","logCNV"
"m887.96.2076Ca","SA1041X2_1","PDX","logCNV"
"m888.103.2076Ca","SA1041X2_1","PDX","logCNV"
"m5519.12.2061Ci","SA1040T","Patient","logCNV"
"m5519.12.2061Ci","SA1040X1_1L","PDX","logCNV"
"m5654.19.2061Ge","SA1040T","Patient","logCNV"
"m5654.19.2061Ge","SA1040X1_1L","PDX","logCNV"
"m5522.26.2061Pa","SA1040T","Patient","logCNV"
"m5522.26.2061Pa","SA1040X1_1L","PDX","logCNV"
"m5517.33.2061Do","SA1040T","Patient","logCNV"
"m5517.33.2061Do","SA1040X1_1L","PDX","logCNV"
"m7191.05.2097Co",NA,NA,"logCNV"
"m7190.12.2097Ci",NA,NA,"logCNV"
"m7194.19.2097Ge",NA,NA,"logCNV"
"m7192.26.2097Pa",NA,NA,"logCNV"
"m7193.33.2097Do",NA,NA,"logCNV"
"m164.05.2089Co","SA1043X1_2L","PDX","logCNV"
"m165.12.2089Co","SA1043X1_2L","PDX","logCNV"
"m172.19.2089Co","SA1043X1_2L","PDX","logCNV"
"m167.26.2089Ca","SA1043X1_2L","PDX","logCNV"
"m168.33.2089Ca","SA1043X1_2L","PDX","logCNV"
"m169.40.2089Ca","SA1043X1_2L","PDX","logCNV"
