model_id,fold1,fold2,fold3,fold4,fold5,average,batch.name,auc.control,auc.treatment,abc,TGI,drug,omics_id,n_replicates,slope.control,slope.treatment,angle,mRECIST
GCRC1715,0.86117,0.80786,0.79264,0.75843,0.74214,0.792448,GCRC1715.Cisplatin,2219.8125,2596.0,-376.1875,-1.01666666666667,Cisplatin,SA1029X2_14L,1,54.271638775567,-68.0023470092335,122.2739857848,PR
GCRC1735,0.83152,0.76734,0.7286,0.73806,0.71399,0.7559020000000001,GCRC1735.Cisplatin,22322.4921875,13846.34375,8476.1484375,29.5191220485534,Cisplatin,SA920X2_23R,1,89.406135654539,88.9528584760182,0.453277178520722,PD
GCRC1738,0.77711,0.61519,0.60759,0.68399,0.60228,0.657232,GCRC1738.Cisplatin,13768.71875,2941.40625,10827.3125,29.2682926829268,Cisplatin,SA1030X2_17L,1,88.0406955545301,-12.3784975636929,100.419193118223,SD
GCRC1828,0.76438,0.67729,0.67034,0.64899,0.6383,0.6798599999999999,GCRC1828.Cisplatin,2723.03125,1417.8125,1305.21875,-56.0,Cisplatin,SA1027X1_1L,1,64.0833666217813,-62.8042433340692,126.88760995585,SD
GCRC1834,0.86626,0.82506,0.83427,0.78636,0.78464,0.8193180000000002,GCRC1834.Cisplatin,2302.96875,734.61,1568.35875,7.55882352941176,Cisplatin,SA1028X3_3L,1,66.2465935857023,-44.7823985690853,111.028992154788,PR
GCRC1840,0.84515,0.76688,0.76248,0.73823,0.71572,0.765692,GCRC1840.Cisplatin,3564.53125,1637.34375,1927.1875,10.2197802197802,Cisplatin,SA998,1,80.5475188084214,-63.7071854926738,144.254704301095,PR
GCRC1851,0.76057,0.77264,0.71988,0.72613,0.6263,0.721104,GCRC1851.Cisplatin,7928.75,4400.1875,3528.5625,-82.18,Cisplatin,SA994X2_3L,1,86.6942111149346,76.6435028473349,10.0507082675997,PD
GCRC1863,0.84218,0.77931,0.78694,0.74133,0.75329,0.78061,GCRC1863.Cisplatin,16411.46875,1612.65625,14798.8125,-156.24,Cisplatin,SA1025X1_2R,1,89.1853439015207,-63.0505684847638,152.235912386284,PR
GCRC1868,0.72597,0.72182,0.71044,0.66584,0.65416,0.695646,GCRC1868.Cisplatin,5587.75,759.0625,4828.6875,7.16959064327485,Cisplatin,SA1016X3_3L,1,81.8575397141679,-53.6894984078875,135.547038122055,PR
GCRC1876,0.88198,0.84782,0.84053,0.77705,0.78739,0.8269540000000001,GCRC1876.Cisplatin,2632.09375,835.65625,1796.4375,7.6588486140725,Cisplatin,SA1017X1_4L,1,71.81512949385,-81.5243122629788,153.339441756829,CR
GCRC1882,0.6919,0.6754,0.66595,0.65429,0.56338,0.650184,GCRC1882.Cisplatin,10970.875,1350.125,9620.75,-14.8183807439825,Cisplatin,SA1021X2_1L,1,86.9569892454154,-82.0210123847984,168.978001630214,CR
GCRC1886,0.73434,0.63988,0.6742,0.66432,0.67481,0.6775100000000001,GCRC1886.Cisplatin,9866.030859375,7058.4375,2807.593359375,7.11767904011998,Cisplatin,SA1022X1_3L,1,87.789183500651,86.9387691115968,0.850414389054222,PD
GCRC1887,0.81905,0.77519,0.81628,0.7193,0.73217,0.772398,GCRC1887.Cisplatin,5289.0953125,8137.875,-2848.7796875,4.82184249628529,Cisplatin,SA995X1_5R,1,86.3627834261287,87.2671368621233,-0.904353435994665,PD
GCRC1905,0.77968,0.74062,0.7046,0.68606,0.70103,0.7223979999999999,GCRC1905.Cisplatin,8992.5625,719.25,8273.3125,3.46942505815886,Cisplatin,SA997,1,84.6272327055923,-54.6199162596392,139.247148965231,PR
GCRC1915,0.84142,0.79417,0.71909,0.70943,0.73551,0.759924,GCRC1915.Cisplatin,14239.0416666667,19303.90625,-5064.86458333333,18.0269922879177,Cisplatin,SA1023X1_2L,1,88.9593714350899,88.9726301645296,-0.0132587294397126,PD
GCRC1924,0.90525,0.81294,0.79711,0.80058,0.79502,0.82218,GCRC1924.Cisplatin,13551.5,15842.3125,-2290.8125,-2.15189486552567,Cisplatin,SA993X2_5R,1,87.8613427867978,87.3478401091285,0.513502677669294,PD
GCRC1939,0.6873,0.63026,0.70316,0.69473,0.68453,0.6799959999999999,GCRC1939.Cisplatin,18808.6744791667,931.125,17877.5494791667,39.5672724170293,Cisplatin,SA1024X1_1L,1,89.3307530636765,-72.9252543154201,162.256007379097,CR
GCRC1944,0.85815,0.8301,0.81393,0.74975,0.81477,0.81334,GCRC1944.Cisplatin,6896.84375,2572.9375,4323.90625,inf,Cisplatin,SA1031X1_1R,1,84.056418607012,2.43031353222983,81.6261050747822,SD
GCRC1945,0.89845,0.85191,0.86909,0.81911,0.77495,0.8427019999999998,GCRC1945.Cisplatin,9527.1015625,2996.28125,6530.8203125,17.2938901778809,Cisplatin,SA1033X1_2R,1,86.5132114609407,-51.1856606945265,137.698872155467,SD
GCRC1963,0.83572,0.78129,0.74927,0.72579,0.73706,0.765826,GCRC1963.Cisplatin,10422.25,1134.4375,9287.8125,-75.9834254143646,Cisplatin,SA992X1_4R,1,87.1561688582227,-80.7959666549014,167.952135513124,CR
GCRC1971,0.80709,0.74845,0.71688,0.6214,0.70771,0.720306,GCRC1971.Cisplatin,16600.9609375,5473.65625,11127.3046875,-39.9112076245627,Cisplatin,SA1019X1_1L,1,89.2493907123552,82.2632684405061,6.98612227184907,SD
GCRC1979,0.84937,0.75375,0.81581,0.73761,0.75034,0.7813760000000001,GCRC1979.Cisplatin,5881.0625,3048.25,2832.8125,6.95412844036697,Cisplatin,SA1032X1_2R,1,87.4560517077662,73.4107919265998,14.0452597811664,SD
GCRC1991,0.82858,0.79173,0.83393,0.79626,0.79363,0.808826,GCRC1991.Cisplatin,14829.7526041667,16688.03125,-1858.27864583333,-6.75027406270555,Cisplatin,SA1020X1_2L,1,87.8102524266637,88.5330914209045,-0.722838994240817,PD
GCRC2001,0.84893,0.83884,0.83705,0.79433,0.81221,0.826272,GCRC2001.Cisplatin,5290.1875,4453.21875,836.96875,-3.95299145299145,Cisplatin,SA1026X1_4R,1,86.4288308665008,70.0819490992116,16.3468817672892,SD
GCRC2006,0.83756,0.80707,0.78955,0.7737,0.74217,0.7900099999999999,GCRC2006.Cisplatin,5862.5,2413.28125,3449.21875,0.377831599943012,Cisplatin,SA1035X1_8L,1,-87.0491305113182,-77.2436585583833,-9.80547195293487,PR
GCRC2029,0.76214,0.79933,0.73872,0.66128,0.6896,0.7302139999999999,GCRC2029.Cisplatin,18362.9885416667,8756.625,9606.36354166667,9.13804122064228,Cisplatin,SA1037X1_2L,1,88.4978750335168,86.84995499297,1.64792004054682,PD
GCRC2047,0.86118,0.85793,0.87962,0.82167,0.82221,0.848522,GCRC2047.Cisplatin,2986.09375,1633.9375,1352.15625,-2.47843530591775,Cisplatin,SA1038X1_2L,1,72.0995172107741,-79.7173979421624,151.816915152936,CR
GCRC2061,0.83896,0.7378,0.7546,0.68766,0.7104,0.745884,GCRC2061.Cisplatin,7857.5625,864.28125,6993.28125,inf,Cisplatin,SA1040X1_1L,1,86.0000250336992,-79.3025864369564,165.302611470656,CR
GCRC2076,0.82324,0.79091,0.71516,0.7188,0.67852,0.745326,GCRC2076.Cisplatin,17835.1015625,4109.375,13725.7265625,26.6387002909796,Cisplatin,SA1041X2_1,1,89.4328254290608,86.9999515301376,2.4328738989232,PD
