"batch.name","slope.treatment"
"100534.CARBOPLATIN",-2.39362655789918
"100672.CARBOPLATIN",-39.814773576254
"104987.CARBOPLATIN",85.7773841284802
"108045.CARBOPLATIN",88.1838587202309
"108099.CARBOPLATIN",-13.3836680738535
"16720.CARBOPLATIN",84.2224616981439
"178200.CARBOPLATIN",87.6105908804736
"18674.CARBOPLATIN",-41.6091644408011
"20710.CARBOPLATIN",59.6257802347268
"241417.CARBOPLATIN",69.475970417013
"28077.CARBOPLATIN",77.4165354422759
"38807.CARBOPLATIN",42.8661413837651
"44205.CARBOPLATIN",66.3250413288591
"44441.CARBOPLATIN",73.9926070100734
"47904.CARBOPLATIN",-59.5774486870605
"48041.CARBOPLATIN",48.4420643812491
"48342.CARBOPLATIN",88.4469201497703
"48602.CARBOPLATIN",61.3843890625407
"53782.CARBOPLATIN",51.6930015401152
"66684.CARBOPLATIN",-75.0155423180762
"66817.CARBOPLATIN",-46.153926427388
"67455.CARBOPLATIN",68.5573878436534
"67990.CARBOPLATIN",84.7436166266367
"69196.CARBOPLATIN",79.6213298667792
"70620.CARBOPLATIN",83.0827192343536
"71208.CARBOPLATIN",44.3027387231481
"71335.CARBOPLATIN",85.1912657849096
"71732.CARBOPLATIN",85.7201485238776
"72955.CARBOPLATIN",88.4445606481956
"73230.CARBOPLATIN",-34.7507570991741
"73263.CARBOPLATIN",-56.248412962363
"73471.CARBOPLATIN",67.2074236994089
"85277.CARBOPLATIN",81.6832877555876
"INSB014.CARBOPLATIN",87.622672410795
"INSB019.CARBOPLATIN",54.2581835273374
"REF001.CARBOPLATIN",68.474285617986
"REF002.CARBOPLATIN",-20.1588396259122
"REF003.CARBOPLATIN",27.2280784473143
"REF004.CARBOPLATIN",88.2462310924884
"REF005.CARBOPLATIN",80.0141157740425
"REF006.CARBOPLATIN",60.1297571566161
"REF007.CARBOPLATIN",77.360900055276
"REF009.CARBOPLATIN",-53.8471808844378
"REF010.CARBOPLATIN",79.2015865901141
"REF013.CARBOPLATIN",84.2999520082647
"REF014.CARBOPLATIN",74.2611614246754
"REF016.CARBOPLATIN",59.6243202218941
"REF019.CARBOPLATIN",-8.82018960974786
"REF020.CARBOPLATIN",-28.0926574016804
"REF022.CARBOPLATIN",79.5129577842776
"REF023.CARBOPLATIN",33.4793702981398
"REF024.CARBOPLATIN",-12.5515622266295
"REF025.CARBOPLATIN",-49.9385219577285
"REF030.CARBOPLATIN",77.7410072300072
"REF035.CARBOPLATIN",83.9067196699581
"REF036.CARBOPLATIN",83.2389541187059
"REF037.CARBOPLATIN",88.4442487967048
"REF041.CARBOPLATIN",69.8878189964103
"REF042.CARBOPLATIN",87.0295542108442
"REF043.CARBOPLATIN",86.3648788363621
"REF044.CARBOPLATIN",87.5917364987498
"REF047.CARBOPLATIN",83.0465133529824
"REF048.CARBOPLATIN",-70.9402466119639
"REF052.CARBOPLATIN",87.1334708079899
"REF057.CARBOPLATIN",76.9268937350976
"REF061.CARBOPLATIN",88.9125732063354
"REF062.CARBOPLATIN",88.1793597062638
"REF063.CARBOPLATIN",89.2275173329428
