model.id,fold1,fold2,fold3,fold4,fold5,average,batch.name,slope.control,slope.treatment,angle,auc.control,auc.treatment,abc,TGI,lmm,drug.id,n_replicates,mRECIST,omics_id
INSB014,0.64421,0.77665,0.81337,0.74044,0.78147,0.751228,INSB014.CARBOPLATIN,88.4603532228543,87.622672410795,0.837680812059233,28944.3870262897,18973.9815742333,9970.40545205638,-7.8716618782582,-0.0419441749661436,CARBOPLATIN,3,PD,INSB014
REF001,0.70665,0.79591,0.80167,0.73704,0.7411,0.756474,REF001.CARBOPLATIN,86.2488025514793,68.474285617986,17.7745169334933,117619.81731475,30253.9028211667,87365.9144935829,343.401627559706,-0.018008032405036,CARBOPLATIN,3,SD,REF001
REF002,0.85536,0.80871,0.80119,0.75694,0.76825,0.79809,REF002.CARBOPLATIN,77.9018001059408,-20.1588396259122,98.060639731853,144112.725772127,27762.4714972917,116350.254274835,-75.6502583951345,-0.0108252030207082,CARBOPLATIN,3,SD,REF002
REF005,0.79701,0.79736,0.80074,0.75095,0.72946,0.775104,REF005.CARBOPLATIN,86.9148319046052,80.0141157740425,6.90071613056271,23304.6461181477,11862.6673145655,11441.9788035822,974.16599055181,-0.006608303452336,CARBOPLATIN,7,PD,REF005
REF006,0.75897,0.72174,0.79003,0.70033,0.71877,0.7379680000000001,REF006.CARBOPLATIN,81.9486964000391,60.1297571566161,21.8189392434231,19001.3098274132,8965.65856725,10035.6512601632,9.4462500161656,-0.0113501117272335,CARBOPLATIN,2,PD,REF006
REF009,0.86531,0.84713,0.85103,0.80418,0.785,0.8305299999999999,REF009.CARBOPLATIN,75.4107703195221,-53.8471808844378,129.25795120396,69186.6378617195,6718.23421875,62468.4036429695,773.02334742123,-0.0519419837887684,CARBOPLATIN,3,SD,REF009
REF010,0.82981,0.80553,0.80078,0.7674,0.76598,0.7938999999999999,REF010.CARBOPLATIN,81.6429383296955,79.2015865901141,2.44135173958138,22515.5914455784,17133.37362,5382.21782557842,0.961587280746966,0.0014669035949439,CARBOPLATIN,2,PD,REF010
REF013,0.84376,0.82793,0.82152,0.76403,0.76813,0.805074,REF013.CARBOPLATIN,88.3321780061048,84.2999520082647,4.03222599784007,42893.8603608115,27049.84465775,15844.0157030615,50.9764841918709,-0.009089209212799,CARBOPLATIN,2,PD,REF013
REF014,0.79146,0.61497,0.68094,0.68915,0.69821,0.6949460000000001,REF014.CARBOPLATIN,77.4865006424272,74.2611614246754,3.22533921775175,6313.32139530791,5482.73733904167,830.584056266247,6.51562547224185,0.0023632944830206,CARBOPLATIN,3,SD,REF014
REF016,0.67427,0.81732,0.77806,0.77953,0.74141,0.758118,REF016.CARBOPLATIN,87.7895940296765,59.6243202218941,28.1652738077824,56708.5791744657,18063.5224013384,38645.0567731273,-93.669742931708,-0.0516745519089742,CARBOPLATIN,5,PD,REF016
REF019,0.83969,0.79278,0.85006,0.7448,0.79538,0.804542,REF019.CARBOPLATIN,82.3004160214289,-8.82018960974786,91.1206056311767,137453.602575187,22800.0344499479,114653.568125239,17.2699408318651,-0.0405145092298009,CARBOPLATIN,4,PR,REF019
REF020,0.78132,0.77568,0.79156,0.73775,0.79263,0.775788,REF020.CARBOPLATIN,85.1954815643006,-28.0926574016804,113.288138965981,96083.7851156975,15895.1019013207,80188.6832143768,19.2648355392367,-0.0536478237838015,CARBOPLATIN,5,PR,REF020
REF022,0.80475,0.64541,0.6555,0.73698,0.72667,0.713862,REF022.CARBOPLATIN,82.6283341031866,79.5129577842776,3.11537631890904,70613.6608034751,52021.1117891688,18592.5490143063,6.21722244016481,-0.0027438498303104,CARBOPLATIN,6,PD,REF022
REF023,0.79906,0.66739,0.62216,0.74396,0.59398,0.68531,REF023.CARBOPLATIN,79.9507646075737,33.4793702981398,46.4713943094339,36538.9981105103,22727.275142125,13811.7229683853,-11.572283515204,-0.0140938329583838,CARBOPLATIN,2,PD,REF023
REF035,0.69207,0.63652,0.70311,0.70207,0.65307,0.677368,REF035.CARBOPLATIN,87.088914251206,83.9067196699581,3.18219458124796,23124.8596275713,16097.2757829743,7027.58384459707,7.05120199428714,-0.0006884989847336,CARBOPLATIN,4,PD,REF035
REF036,0.62178,0.7226,0.75238,0.693,0.7005,0.698052,REF036.CARBOPLATIN,85.1702122827757,83.2389541187059,1.93125816406982,17687.1822371188,11963.2746665,5723.90757061883,2.49522901862216,-0.0127150505402099,CARBOPLATIN,2,PD,REF036
REF044,0.81371,0.8159,0.84174,0.80428,0.69217,0.79356,REF044.CARBOPLATIN,88.3705466544871,87.5917364987498,0.778810155737276,22605.587268416,14864.72708275,7740.86018566596,0.596375944496741,0.0033179388052126,CARBOPLATIN,2,PD,REF044
REF047,0.91262,0.86671,0.87595,0.82464,0.82801,0.861586,REF047.CARBOPLATIN,86.8351412214248,83.0465133529824,3.78862786844238,30711.81342631,16146.8623355417,14564.9510907684,11.7419766953737,-0.0057754699245338,CARBOPLATIN,3,PD,REF047
REF048,0.89079,0.8483,0.85736,0.81591,0.79533,0.8415380000000001,REF048.CARBOPLATIN,88.5440081811262,-70.9402466119639,159.48425479309,44284.0708412964,5313.726012625,38970.3448286714,161.982131803741,-0.148957529114878,CARBOPLATIN,2,SD,REF048
S100534,0.83676,0.77045,0.76029,0.71109,0.70372,0.756462,100534.CARBOPLATIN,84.2207398907845,-2.39362655789918,86.6143664486837,73566.0981195887,13239.035215,60327.0629045887,55.6526350644548,,CARBOPLATIN,2,PD,S100534
S16720,0.81297,0.81743,0.77072,0.76933,0.76356,0.786802,16720.CARBOPLATIN,83.3379534103184,84.2224616981439,-0.88450828782544,26397.2957183353,28443.0897670714,-2045.79404873617,-17.7806945435104,-4.2061952736432e-05,CARBOPLATIN,3,PD,S16720
S20710,0.80162,0.73972,0.73516,0.67763,0.68384,0.7275940000000001,20710.CARBOPLATIN,71.061490844266,59.6257802347268,11.4357106095393,6818.17026172917,6800.67233325,17.4979284791671,9.73621731292744,-0.0084345594557546,CARBOPLATIN,2,SD,S20710
S241417,0.77824,0.80705,0.77414,0.77103,0.74488,0.7750680000000001,241417.CARBOPLATIN,82.1436429147055,69.475970417013,12.6676724976926,18158.3275302761,11739.275884875,6419.05164540108,58.4444996729948,-0.0098225970342835,CARBOPLATIN,2,SD,S241417
S38807,0.77923,0.79696,0.79341,0.74641,0.73143,0.7694880000000001,38807.CARBOPLATIN,66.901277180676,42.8661413837651,24.0351357969109,78977.6701419431,35983.51706025,42994.1530816931,9.54059495358894,0.0057901563473556,CARBOPLATIN,2,CR,S38807
S44205,0.86187,0.82704,0.84932,0.81859,0.82479,0.836322,44205.CARBOPLATIN,78.392558082298,66.3250413288591,12.0675167534389,22570.6908361569,17353.74193525,5216.94890090686,-25.2078310345815,-0.0071783275816903,CARBOPLATIN,2,SD,S44205
S47904,0.87017,0.82953,0.81266,0.8011,0.81062,0.824816,47904.CARBOPLATIN,83.6678309254536,-59.5774486870605,143.245279612514,137822.014584833,3292.772049375,134529.242535458,12.4562800273763,,CARBOPLATIN,2,CR,S47904
S48602,0.79909,0.77816,0.79582,0.7487,0.74376,0.773106,48602.CARBOPLATIN,77.5399678949472,61.3843890625407,16.1555788324065,47510.6499476006,27689.63898415,19821.0109634506,-117.513971287743,-0.0026610387990841,CARBOPLATIN,2,SD,S48602
S66817,0.82721,0.82424,0.8437,0.80197,0.82133,0.82369,66817.CARBOPLATIN,71.1092235277574,-46.153926427388,117.263149955145,7522.4408184375,5272.517108,2249.9237104375,-1.42764072984892,-0.0189376468592646,CARBOPLATIN,2,SD,S66817
S67990,0.71624,0.76722,0.7964,0.70911,0.72619,0.743032,67990.CARBOPLATIN,82.2442965587526,84.7436166266367,-2.49932006788417,8058.43028193719,9773.850634375,-1715.42035243781,-12.7861198003031,0.003093625710471,CARBOPLATIN,3,PD,S67990
S70620,0.85475,0.8232,0.81919,0.73151,0.7599,0.79771,70620.CARBOPLATIN,84.82384752549,83.0827192343536,1.74112829113642,22968.7641127693,21252.77404725,1715.99006551934,-10.7308051413,-0.0073207791121835,CARBOPLATIN,2,PD,S70620
S71732,0.80924,0.80635,0.79514,0.73104,0.7694,0.7822340000000001,71732.CARBOPLATIN,88.1882537043264,85.7201485238776,2.46810518044877,23483.1246008243,10784.593992625,12698.5306081993,6.13165913939815,-0.0268184547508153,CARBOPLATIN,2,PD,S71732
S72955,0.69873,0.72684,0.73221,0.6754,0.67333,0.7013019999999999,72955.CARBOPLATIN,88.6721344778849,88.4445606481956,0.227573829689291,9997.55367933333,13259.5014765,-3261.94779716667,-9.2985488516771,-0.0141570446059999,CARBOPLATIN,2,PD,S72955
S73230,0.66412,0.70318,0.70857,0.68707,0.67344,0.687276,73230.CARBOPLATIN,84.7354236896833,-34.7507570991741,119.486180788857,56918.0995044903,16489.10521375,40428.9942907403,-33.4189045071397,-0.0471711774817622,CARBOPLATIN,2,SD,S73230
S73263,0.86441,0.82108,0.83258,0.82643,0.76027,0.8209540000000001,73263.CARBOPLATIN,83.4388512995924,-56.248412962363,139.687264261955,83139.2397836376,1585.01626275,81554.2235208876,17.7612665791251,-0.0681452820029402,CARBOPLATIN,2,CR,S73263
S73471,0.73437,0.63031,0.75342,0.67204,0.73669,0.7053659999999999,73471.CARBOPLATIN,85.9085911788328,67.2074236994089,18.7011674794239,11984.6837686516,6407.25868815,5577.42508050156,-7.50666378788686,-0.043136308298034,CARBOPLATIN,5,SD,S73471
S85277,0.80546,0.73742,0.77668,0.72711,0.74624,0.758582,85277.CARBOPLATIN,84.7119336150355,81.6832877555876,3.02864585944789,22825.5929036094,14741.673813375,8083.91909023443,-0.507209729258219,-0.0031180530791497,CARBOPLATIN,2,PD,S85277
