"batch.name","slope.control","slope.treatment","angle"
"01-1104.CARBOPLATIN",86.5175139424875,85.6410679372699,0.876446005217545
"01-1104.CFI-402257-2ON5OFF+PACLITAXEL-15DAILY",86.704202008109,69.9081234786053,16.7960785295037
"01-1104.PACLITAXEL",86.704202008109,-16.6641486076376,103.368350615747
"01-1104.PACLITAXEL-15DAILY",86.704202008109,68.0132080356284,18.6909939724806
"01-1104_P1_945W_180613_RES.PACLITAXEL",88.3784980057315,86.6925019994397,1.68599600629179
"01-1104_P1_945W_180801_RES.CARBOPLATIN",80.3765465160252,85.476824363121,-5.10027784709584
"100534.ABT-263",82.2206207771893,75.7667896378279,6.45383113936145
"100534.CARBOPLATIN",82.6891693078785,64.9949448281577,17.6942244797209
"100534.CFI-402257+PACLITAXEL",82.8626792273913,-72.9867620595815,155.849441286973
"100534.PACLITAXEL",82.6891693078785,75.5344394796496,7.15472982822895
"100534_P1_BMN_191102_RES.PACLITAXEL",89.2067351760502,-69.087484957722,158.294220133772
"100534_P1_BMN_191102_RES.PACLITAXEL-15DAILY",89.0241707341645,80.1182623854856,8.90590834867893
"100534_P1_ERIBLD_191224_RES.CARBOPLATIN",84.7925629277024,58.1847895343593,26.6077733933431
"100534_P1_ERIBLD_191224_RES.PACLITAXEL",84.7925629277024,83.8515316524164,0.941031275286051
"100534_P5_CARBO_210407_RES.CARBOPLATIN",85.1690758217235,86.2210099810203,-1.05193415929675
"100534_P5_CARBO_210407_RES.PACLITAXEL",85.1690758217235,80.3972644690515,4.77181135267207
"100672.CARBOPLATIN",79.9960782968794,-57.6115386318739,137.607616928753
"100672.PACLITAXEL",79.9960782968794,-17.3546552746598,97.3507335715393
"100672_P1_CARBO_200123_RES.CARBOPLATIN",84.9644445929671,85.3692717047393,-0.404827111772178
"100672_P1_CARBO_200123_RES.PACLITAXEL",84.9644445929671,84.4383054666439,0.526139126323272
"100672_P1_CDX_200117_RES.CARBOPLATIN",NA,80.4009405200748,NA
"100672_P1_CDX_200117_RES.PACLITAXEL",NA,-60.5139251367543,NA
"100672_P1_TAX_200103_RES.PACLITAXEL",NA,62.4361749106668,NA
"100672_P5_ERIB_220413_RES.CARBOPLATIN",NA,-75.7973947912748,NA
"100672_P5_ERIB_220413_RES.PACLITAXEL",NA,-62.6061210206981,NA
"100804.PACLITAXEL",74.8996304030395,66.4021066969062,8.49752370613325
"100804.PACLITAXEL-15DAILY",74.8996304030395,71.2048787845731,3.69475161846636
"100804_P1_TAX_200813_RES.CARBOPLATIN",82.5386341317368,74.555753965293,7.98288016644376
"100804_P1_TAX_200813_RES.PACLITAXEL",82.5386341317368,-78.0221599847638,160.560794116501
"104987.CARBOPLATIN",86.4635747565122,85.7773841284802,0.686190628032008
"108045.CARBOPLATIN",88.5554545238532,88.1838587202309,0.371595803622284
"108045.PACLITAXEL",88.5817222858206,79.0777234723463,9.50399881347425
"108099.CARBOPLATIN",70.5288296593231,80.2376591449789,-9.70882948565583
"108099.CFI-402257+PACLITAXEL",70.5288296593231,46.0130368766789,24.5157927826442
"108099.PACLITAXEL",67.1507303170025,56.743862214456,10.4068681025464
"108099_P1_BMN_200711_RES.CARBOPLATIN",NA,80.4457899833611,NA
"108099_P2_945_200925_RES.CARBOPLATIN",79.9066038005023,80.6240874397397,-0.717483639237386
"108099_P2_945_200925_RES.PACLITAXEL",77.258791434002,-75.6811124276704,152.939903861672
"108099_P2_BMN_201202_RES.PACLITAXEL",NA,77.8944018885467,NA
"108099_P2_BMN_210408_RES.CARBOPLATIN",86.5333315102921,-76.5076110398668,163.040942550159
"108099_P2_BMN_210408_RES.PACLITAXEL",86.5333315102921,10.4889337858487,76.0443977244434
"108099_P3_TTK/TAX_210518_RES.PACLITAXEL",85.6087569781842,83.8821166311731,1.7266403470111
"16720.CARBOPLATIN",83.3285892206781,84.4208606180815,-1.09227139740341
"16720.PACLITAXEL",83.24079409773,80.2980866021762,2.94270749555388
"16720_P6_5305_231005_RES.CARBOPLATIN",86.785822201458,-67.0707013759687,153.856523577427
"16720_P6_5305_241005_RES.CARBOPLATIN",85.832232053909,84.2530273363645,1.57920471754454
"17518.PACLITAXEL",88.3863638247424,-54.5898197193387,142.976183544081
"178200.CARBOPLATIN",87.2756155283022,87.6105908804736,-0.334975352171412
"18674.CARBOPLATIN",84.9752133921071,-54.4659389318523,139.441152323959
"18674.PACLITAXEL",85.0008780154022,-76.6037028806622,161.604580896064
"20710.CARBOPLATIN",71.061490844266,65.2752151458503,5.78627569841575
"20710.CFI-402257+PACLITAXEL-40DAILY",68.801129292403,-71.4799410576579,140.281070350061
"20710.PACLITAXEL",68.801129292403,-27.3196830628476,96.1208123552506
"20710.PACLITAXEL-40DAILY",68.801129292403,-81.8451025283096,150.646231820713
"241417.CARBOPLATIN",83.1399507543333,69.9249689085987,13.2149818457346
"241417.CFI-402257-2ON5OFF",84.0614906352042,77.40044390598,6.66104672922415
"241417.FLUVASTATIN+TERBINIFINE",84.7921431428679,87.8133806642272,-3.02123752135927
"241417.PACLITAXEL",83.1399507543333,-67.5270278605215,150.666978614855
"241417.PACLITAXEL-15DAILY",83.1399507543333,-64.9170752158432,148.057025970176
"241417.PALBOCICLIB-45DAILY",83.1399507543333,82.0566935078715,1.08325724646177
"241417.PEG400",84.7921431428679,69.4450912153091,15.3470519275588
"241417_P1_945_170421_RES.PACLITAXEL",85.9810310773604,-45.6543521968116,131.635383274172
"241417_P2_BMN_171018_RES.CARBOPLATIN",82.0337633803905,80.5234086071404,1.51035477325006
"241417_P2_BMN_171018_RES.PACLITAXEL-15DAILY",82.5314308022672,72.6593956106557,9.87203519161149
"241417_P2_TAX_180110_RES.PACLITAXEL",76.9258917614797,-74.7820867049754,151.707978466455
"241417_P3_8205_240124_RES.CARBOPLATIN",78.2129134033017,-80.0485443979113,158.261457801213
"241417_P5_TAX_191009_RES.CARBOPLATIN",88.8306818886991,-19.6859555206462,108.516637409345
"241417_P5_TAX_191009_RES.PACLITAXEL",88.8306818886991,85.9373810582186,2.89330083048046
"28077.CARBOPLATIN",77.5010266384498,72.0436622538254,5.45736438462438
"28077.PACLITAXEL",77.5010266384498,-77.5516651259824,155.052691764432
"28077_P4_TAX_170906_RES.CARBOPLATIN",61.7412446229207,32.2618256420899,29.4794189808308
"28077_P4_TAX_170906_RES.CFI-402257-2ON5OFF+PACLITAXEL-15DAILY",61.7412446229207,-62.7846709918797,124.5259156148
"28077_P4_TAX_170906_RES.PACLITAXEL",61.7412446229207,-76.4009178766569,138.142162499578
"28992.CARBOPLATIN",89.3108465413685,88.262322693937,1.04852384743147
"28992.PACLITAXEL",89.3108465413685,87.5629966688469,1.74784987252156
"38807.ABT-263",75.9123309470806,-48.2887821396997,124.20111308678
"38807.CARBOPLATIN",75.818855336479,-75.4879558214491,151.306811157928
"38807.PACLITAXEL",76.0270198967222,-78.8306877560809,154.857707652803
"38807.PACLITAXEL-15DAILY",76.0270198967222,10.9805282506055,65.0464916461167
"38807_P1_945LD_190502_RES.PACLITAXEL",59.9659139442761,-78.8899591405811,138.855873084857
"38807_P1_945_190502_RES.CARBOPLATIN",67.4408638436379,81.9395008638172,-14.4986370201793
"38807_P1_BMN_190717_RES.PACLITAXEL",85.6984374842227,-76.5494317842828,162.247869268505
"38807_P1_CX_200226_RES.CARBOPLATIN",NA,67.9200171117622,NA
"38807_P1_CX_200226_RES.PACLITAXEL-15DAILY",NA,-83.7374285661937,NA
"38807_P2_945W_200318_RES.CARBOPLATIN",NA,-84.703944925071,NA
"38807_P2_ERIBLD_200206_RES.PACLITAXEL",85.7857084505572,62.7367875948571,23.0489208557
"38807_P3_945W_201125_RES.CARBOPLATIN",82.5178356726731,84.7652723106568,-2.24743663798368
"44205.CARBOPLATIN",74.0702133437091,60.7076196636594,13.3625936800497
"44205.CFI-402257-2ON5OFF",74.1678941350431,-47.8194664230156,121.987360558059
"44205.PACLITAXEL",74.0702133437091,50.7839438563628,23.2862694873463
"44441.CARBOPLATIN",79.49325674101,75.1106629550481,4.38259378596186
"44441.PACLITAXEL",80.9925552038135,72.9791701105243,8.0133850932892
"44721.CARBOPLATIN",66.0113866200232,-61.7570609736271,127.76844759365
"44721.PACLITAXEL",65.0914256392794,-73.9236185970079,139.015044236287
"47904.CARBOPLATIN",85.6337514226316,-72.759873949121,158.393625371753
"47904.CFI-402257-2ON5OFF",85.5436995895808,77.2696121679765,8.27408742160424
"47904.CFI-402257-2ON5OFF+PACLITAXEL-15DAILY",85.7537337951273,40.0394268751658,45.7143069199615
"47904.PACLITAXEL",85.6337514226316,66.8017383759885,18.8320130466431
"47904.PACLITAXEL-15DAILY",85.6337514226316,34.5558378818343,51.0779135407974
"47904.UNC0642",85.7537337951273,77.190899522777,8.56283427235033
"47904_P5_945_180926_RES.PACLITAXEL",84.3063869624796,54.3596674687724,29.9467194937072
"47904_P6_BMN_190111_RES.PACLITAXEL",87.3071935972619,87.8597897672204,-0.552596169958534
"48041.CARBOPLATIN",69.8613778361545,20.9384327760759,48.9229450600786
"48041.PACLITAXEL",69.8613778361545,-55.3384910151695,125.199868851324
"48342.CARBOPLATIN",88.4535565936692,88.0924478350029,0.36110875866629
"48342.DIPYRIDAMOLE",88.4653672290882,87.4284863999931,1.03688082909507
"48342.FLUVASTATIN",88.4653672290882,88.3861629912735,0.0792042378147642
"48342.FLUVASTATIN+DIPYRIDAMOLE",88.4653672290882,88.1032226506763,0.362144578411915
"48342.PACLITAXEL",88.5522052695314,85.4529665983312,3.09923867120023
"48602.CARBOPLATIN",79.5540718961214,48.7119483440232,30.8421235520983
"48602.CFI-402257-2ON5OFF",79.7484886725472,40.3027381199463,39.4457505526009
"48602.CFI-402257-2ON5OFF+PACLITAXEL-15DAILY",79.7484886725472,-77.310422233546,157.058910906093
"48602.CFI-402257-3ON4OFF+PACLITAXEL-15DAILY",79.7484886725472,-75.1573017808716,154.905790453419
"48602.PACLITAXEL",80.395583367185,-80.7133558127491,161.108939179934
"48602.PACLITAXEL-15DAILY",79.7484886725472,-20.1670209331633,99.9155096057105
"48602_P3_CARBO_170405_RES.CARBOPLATIN",83.5160556618047,76.0998686112501,7.41618705055464
"48602_P3_CARBO_170405_RES.PACLITAXEL",83.8736989171862,-81.0236947265029,164.897393643689
"48602_P3_SG_240808_RES.CARBOPLATIN",-79.9047798391581,86.8730639371126,-166.777843776271
"48602_P3_SG_240808_RES.PACLITAXEL",-79.9047798391581,-72.0173178847656,-7.88746195439249
"48602_P6_BMN_181010_RES.CARBOPLATIN",80.3780745321415,-59.2681857864722,139.646260318614
"48602_P6_BMN_181010_RES.PACLITAXEL",80.8429688771815,-62.8607118658921,143.703680743074
"53782.CARBOPLATIN",80.0276915842653,56.0582695094238,23.9694220748416
"53782.PACLITAXEL",81.0049087004239,61.8771295917672,19.1277791086567
"65465.CARBOPLATIN",84.098115300703,83.4562013584211,0.641913942281874
"65465.PACLITAXEL",84.098115300703,-70.627472440357,154.72558774106
"65465_P10_TAX_170921_RES.CARBOPLATIN",86.4353209941868,85.3545183401145,1.08080265407234
"65465_P10_TAX_170921_RES.PACLITAXEL",86.4353209941868,-70.0006461979114,156.435967192098
"66280_P1_945_141022_RES.CARBOPLATIN",86.5603388082828,-86.3794740842592,172.939812892542
"66292.CARBOPLATIN",87.7484541650173,87.5506581670418,0.197795997975518
"66292.CFI-402257+PACLITAXEL-40DAILY",87.7484541650173,89.0206936649733,-1.27223949995597
"66292.PACLITAXEL",87.7484541650173,88.8488610697745,-1.10040690475719
"66292.PACLITAXEL-40DAILY",87.7490708419692,86.6684711015346,1.08059974043464
"66684.CARBOPLATIN",74.521441723016,-74.3953186376687,148.916760360685
"66684.PACLITAXEL",74.521441723016,-80.0039015499793,154.525343272995
"66817.CARBOPLATIN",70.9605085391716,-62.877980416561,133.838488955733
"66817.PACLITAXEL",70.8022968921799,62.9473452692669,7.85495162291296
"66817.PACLITAXEL-15DAILY",70.9605085391716,-26.9467266520514,97.907235191223
"67455.CARBOPLATIN",22.1764952309114,68.5573878436534,-46.3808926127421
"67455.PACLITAXEL",22.1764952309114,-73.015819715372,95.1923149462834
"67725.CARBOPLATIN",88.3021781349538,86.3356634876544,1.96651464729948
"67725.PACLITAXEL",88.3021781349538,84.0661304008761,4.23604773407772
"67725_P10_945_170908_RES.PACLITAXEL",83.0758657922773,-23.2034048141915,106.279270606469
"67990.CARBOPLATIN",82.0447602618335,84.5901747340166,-2.54541447218304
"67990.PACLITAXEL",82.0447602618335,-76.6812970965682,158.726057358402
"67990.PACLITAXEL-15DAILY",81.8238703653828,-76.074885738845,157.898756104228
"68941.CFI-402257-2ON5OFF+PACLITAXEL-15DAILY",78.4078401402619,67.167038849766,11.2408012904959
"68941.PACLITAXEL-15DAILY",78.4078401402619,-78.2423162512243,156.650156391486
"69196.CARBOPLATIN",82.5330745261054,-45.7484153136932,128.281489839799
"69196.CFI-402257-2ON5OFF",82.5127309652964,76.0310902800705,6.48164068522595
"69196.CFI-402257-2ON5OFF+PACLITAXEL-15DAILY",82.5532314590128,-73.512727861285,156.065959320298
"69196.CFI-402257-3ON4OFF+PACLITAXEL-15DAILY",82.4886969476635,-60.8503969475256,143.339093895189
"69196.PACLITAXEL",82.599103392446,-78.6005709193518,161.199674311798
"69196.PACLITAXEL-15DAILY",82.4886969476635,51.167384460971,31.3213124866924
"69196.UNC0642",82.5330745261054,81.5122237947093,1.0208507313961
"69196_P8_TAX_170824_RES.PACLITAXEL",81.7461663291033,-76.8557880903297,158.601954419433
"69693_P5_945_151023_RES.PACLITAXEL",81.0560473718656,12.4309960208013,68.6250513510643
"69693_P7_5305_240228_RES.CARBOPLATIN",87.7050975390426,86.3003724396127,1.40472509942991
"70620.CARBOPLATIN",81.300248768784,83.0779415123484,-1.77769274356449
"70620.CFI-402257-2ON5OFF",80.9355850703586,88.0237351230747,-7.08815005271607
"70620.CFI-402257-2ON5OFF+PACLITAXEL-15DAILY",81.1848651155586,88.5082092389458,-7.32334412338722
"70620.PACLITAXEL",81.300248768784,-62.7103956312038,144.010644399988
"70620.PACLITAXEL-15DAILY",80.9355850703586,87.1861135029917,-6.2505284326331
"70620_P4_TAX_161103_RES.CFI-402257-2ON5OFF+PACLITAXEL-15DAILY",80.7175234634687,70.3710611890422,10.3464622744265
"70620_P4_TAX_161103_RES.PACLITAXEL",79.2161105643565,65.6072373165873,13.6088732477691
"70620_P4_TAX_161103_RES.PACLITAXEL-15DAILY",79.2161105643565,0.823994690240573,78.3921158741159
"70620_P4_TAX_161103_RES.PACLITAXEL-40DAILY",79.2161105643565,-63.4692559144054,142.685366478762
"70620_P4_TAX_161114_RES.PACLITAXEL",NA,80.9418467612009,NA
"70620_P6_ERIB_170713_RES.CFI-402257-2ON5OFF",84.497892391742,2.35025799368746,82.1476343980545
"70620_P6_ERIB_170713_RES.PACLITAXEL",83.7146911556011,85.8711035487052,-2.15641239310409
"70620_P6_ERIB_170713_RES.PACLITAXEL-40DAILY",84.497892391742,86.1594683966634,-1.6615760049214
"70620_P6_TTK_170718_RES.CFI-402257-2ON5OFF+PACLITAXEL-15DAILY",84.2333951175629,62.8272174189831,21.4061776985799
"70620_P6_TTK_170718_RES.PACLITAXEL",84.3341214518193,-63.8675299079161,148.201651359735
"71208.CARBOPLATIN",44.2416476303583,68.6733243410971,-24.4316767107387
"71208.PACLITAXEL",42.795274657953,-69.2797723339771,112.07504699193
"71208_P1_945_160512_RES.PACLITAXEL",74.7869204465227,-56.7921948025531,131.579115249076
"71335.CARBOPLATIN",85.871053109286,85.1912657849096,0.679787324376477
"71335.CFI-402257+ABT263",85.9264319177445,68.3557453867834,17.5706865309611
"71335.CFI-402257-2ON5OFF",85.9264319177445,87.566861002196,-1.64042908445153
"71335.CFI-402257-2ON5OFF+PACLITAXEL-15DAILY",85.8814071182762,88.2877910961164,-2.40638397784019
"71335.PACLITAXEL",85.8506315566433,51.5751193528668,34.2755122037765
"71335.PACLITAXEL-15DAILY",85.4585581827833,89.1783632808684,-3.7198050980851
"71335_P2_TAX_161222_RES.PACLITAXEL",NA,89.5122376526712,NA
"71335_P3_ERIB_170713_RES.PACLITAXEL",82.7232356392041,87.9938801404386,-5.2706445012345
"71335_P4_945_180301_RES.CARBOPLATIN",86.4730568834477,89.7262315000381,-3.2531746165904
"71335_P4_945_180301_RES.PACLITAXEL",88.3988281912439,88.3021562778828,0.0966719133610496
"71335_P4_BMN_171004_RES.CARBOPLATIN",88.289507903702,88.0479159121246,0.241591991577465
"71335_P4_BMN_171004_RES.PACLITAXEL",88.6353799943517,88.7719621975554,-0.136582203203659
"71732.CARBOPLATIN",88.3222110457053,86.0261442900469,2.29606675565843
"71732.CFI-402257-LOW+PACLITAXEL",88.3972260310235,86.2479825998792,2.14924343114433
"72877.CFI-402257-LOW",74.4063674485803,50.9126234206895,23.4937440278908
"72877.PACLITAXEL",74.4063674485803,-49.9205558300219,124.326923278602
"72955.CARBOPLATIN",88.6721344778849,88.4445606481956,0.227573829689291
"72955.DMSO",88.6551736218216,88.6214260198127,0.033747602008944
"72955.FLUVASTATIN+TERBINIFINE",88.6551736218216,88.1170173573277,0.538156264493992
"72955.PACLITAXEL",88.6551736218216,79.2948086642675,9.36036495755414
"72955.PEG400",88.6551736218216,89.1728482024136,-0.517674580592001
"72955.TOPOTECAN",88.6721344778849,84.7436131689878,3.92852130889717
"72955.TOPOTECAN-LOW",88.6721344778849,81.4219458441094,7.25018863377555
"73062_P7_DATOCONT_240815_RES.CARBOPLATIN",NA,NA,NA
"73230.CARBOPLATIN",84.0465486556151,72.2595340899067,11.7870145657084
"73230.PACLITAXEL",83.6781285183175,-82.7791842658002,166.457312784118
"73230_P1_945_170516_RES.CARBOPLATIN",85.7406300573935,69.0566884007327,16.6839416566608
"73230_P1_945_170516_RES.CFI-402257+PACLITAXEL",85.952091686984,75.3539610917665,10.5981305952175
"73230_P1_945_170516_RES.PACLITAXEL",85.7406300573935,-82.9745703747588,168.715200432152
"73230_P1_945_170516_RES.PACLITAXEL-15DAILY",86.3109982439812,-84.8305342082851,171.141532452266
"73230_P1_BMN_170815_RES.CARBOPLATIN",87.914807714171,87.3272023547221,0.587605359448887
"73230_P1_CX_170718_RES.CARBOPLATIN",83.6428779573209,86.183735860193,-2.54085790287209
"73230_P1_TAX_170517_RES.CFI-402257-2ON5OFF",68.6369009428911,86.5888057145232,-17.9519047716322
"73230_P1_TAX_170517_RES.CFI-402257-2ON5OFF+PACLITAXEL-15DAILY",70.7446078422235,84.1438997204985,-13.399291878275
"73230_P1_TAX_170517_RES.PACLITAXEL",72.9536590989541,-81.1310552462465,154.084714345201
"73230_P2_5305_230612_RES.CARBOPLATIN",79.9875180844269,85.6820729683596,-5.69455488393275
"73230_P2_5305_231206_RES.CARBOPLATIN",NA,86.0488331504902,NA
"73230_P2_DATOCONT_240418_RES.CARBOPLATIN",67.0578254414683,88.2175737497828,-21.1597483083145
"73230_P2_ERIBLD_171031_RES.PACLITAXEL-15DAILY",85.4200285136017,87.8758738857817,-2.45584537217998
"73263.CARBOPLATIN",82.331449919449,-79.0031132800474,161.334563199496
"73263.CFI-402257+PACLITAXEL",NA,NA,NA
"73263.PACLITAXEL",82.331449919449,-80.9585250519907,163.28997497144
"73263_P7_CX_171024_RES.CARBOPLATIN",87.2068183117155,66.2921902040332,20.9146281076823
"73263_P7_CX_171024_RES.PACLITAXEL",86.902694676691,-86.7435453295988,173.64624000629
"73263_P7_ERIB_180323_RES.PACLITAXEL",85.7413761047245,75.9349711192767,9.80640498544777
"73263_P9_ERIBLD_180412_RES.PACLITAXEL",88.4645942241249,84.9934068143615,3.47118740976339
"73471.CARBOPLATIN",86.0717029985882,44.2253709274398,41.8463320711484
"73471.CFI-402257-2ON5OFF",86.0342647375828,61.2246310152867,24.809633722296
"73471.CFI-402257-2ON5OFF+PACLITAXEL-15DAILY",86.0717029985882,79.3027766874848,6.76892631110343
"73471.PACLITAXEL",86.0056927382644,59.9675270304714,26.038165707793
"73471.PACLITAXEL-15DAILY",86.0342647375828,87.8675920435355,-1.83332730595275
"73471_P8_ERIB_170501_RES.CFI-402257-2ON5OFF",86.6158934783695,83.3551451281646,3.26074835020495
"73471_P8_ERIB_170501_RES.CFI-402257-2ON5OFF+PACLITAXEL-15DAILY",86.6158934783695,33.6842451165916,52.9316483617779
"73471_P8_ERIB_170501_RES.PACLITAXEL-15DAILY",86.3914836836845,79.852733197002,6.53875048668255
"73471_P9_TAX_171019_RES.CFI-402257-2ON5OFF+PACLITAXEL-15DAILY",87.2935305443883,-63.9960098511812,151.289540395569
"73471_P9_TAX_171019_RES.PACLITAXEL-15DAILY",89.6398466883018,88.2324612545165,1.40738543378528
"73471_P9_TTK/TAX_171019_RES.CFI-402257-2ON5OFF+PACLITAXEL",85.5408644554751,-74.7106162228367,160.251480678312
"73471_P9_TTK/TAX_171019_RES.PACLITAXEL",81.083745859896,-41.4545879802342,122.53833384013
"85277.CARBOPLATIN",86.1827988755544,76.6482736464447,9.53452522910962
"85277.PACLITAXEL",86.1827988755544,-34.4336143414221,120.616413216976
"85277_P2_CX_180703_RES.CARBOPLATIN",86.1278981586646,88.2873292534369,-2.15943109477227
"85277_P2_CX_180703_RES.PACLITAXEL",86.5756237684187,-83.7264284215092,170.302052189928
"85277_P4_TAX_191030_RES.PACLITAXEL",76.9877165560032,70.567778581349,6.4199379746542
"91142.PALBOCICLIB",89.5062759101193,63.4295724878213,26.076703422298
"95412.CARBOPLATIN",85.991455653329,52.1317502296876,33.8597054236414
"95412.PACLITAXEL",85.991455653329,-77.2192662997438,163.210721953073
"BPTO51.CFI-402257+PACLITAXEL",NA,NA,NA
"BPTO51_P9_ORG_P1_ERIB_201008_RES.PACLITAXEL",82.594957249148,69.6441381873863,12.9508190617617
"BPTO95.PACLITAXEL",71.4428772272121,-45.8389967500178,117.28187397723
"BPTO95.PALBOCICLIB",71.4428772272121,-25.0484490088432,96.4913262360553
"BXTO64.ABT-263",86.7649492717399,86.6588722536153,0.106077018124552
"BXTO64.CARBOPLATIN",86.6942668980543,85.0263452769594,1.66792162109486
"BXTO64.PACLITAXEL",86.6842758889226,68.1146924172297,18.5695834716929
"BXTO64_ORG_P1_945_200603_RES.PACLITAXEL",84.0301597613747,81.1917185412202,2.83844122015446
"BXTO64_P7_ORG_P2_TAX_200813_RES.PACLITAXEL",86.205910930738,79.8202297213958,6.38568120934222
"BXTO81.CARBOPLATIN",NA,70.0307335417738,NA
"BXTO81.PACLITAXEL-15DAILY",NA,-64.710124775258,NA
"DCPTOB19.PACLITAXEL",66.4138222036547,-57.8349726606429,124.248794864298
"INSB014.CARBOPLATIN",88.6032869695373,86.850661517863,1.75262545167431
"INSB014.CFI-402257-2ON5OFF",88.6609708344977,87.0372682374381,1.6237025970596
"INSB014.CFI-402257-2ON5OFF+PACLITAXEL-15DAILY",88.6609708344977,85.5161988144159,3.1447720200818
"INSB014.FLUVASTATIN+TERBINIFINE",88.6334182850757,87.8947581957502,0.738660089325549
"INSB014.G9A",88.6360748430451,87.6825774161634,0.953497426881725
"INSB014.PACLITAXEL",88.6609708344977,85.0924253084652,3.56854552603245
"INSB014.PACLITAXEL-15DAILY",88.6609708344977,87.5767488796067,1.08422195489098
"INSB014.PEG400",88.6334182850757,82.5765100291074,6.05690825596834
"INSB014.TOPOTECAN-LOW",88.6334182850757,-7.4903267098173,96.123744994893
"INSB014.UNC0642",88.6032869695373,87.9598154157494,0.643471553787904
"INSB014.UNC1999",88.6527432645788,86.685028810996,1.96771445358283
"INSB019.CARBOPLATIN",84.1500959310102,50.8167977572484,33.3332981737618
"INSB019.FLUVASTATIN+TERBINIFINE",83.8777119052045,72.6832901824083,11.1944217227962
"INSB019.PACLITAXEL",84.250032489312,84.5482777702495,-0.298245280937493
"INSB019.PACLITAXEL-15DAILY",84.250032489312,76.0737243323507,8.17630815696133
"INSB019.PEG400",83.8392745298966,81.8549785825972,1.98429594729942
"INSB019_P1_945LD_180720_RES.PACLITAXEL",83.2856626200679,-79.1147287031152,162.400391323183
"NOTCH01.CARBOPLATIN",86.1587132016176,53.2879854139259,32.8707277876917
"NOTCH01.CFI-402257+PACLITAXEL",86.1852321534673,88.6720026953915,-2.48677054192417
"NOTCH01.CFI-402257-2ON5OFF",86.1546794651443,83.3342345407961,2.82044492434824
"NOTCH01.CFI-402257-2ON5OFF+PACLITAXEL-15DAILY",86.1587132016176,35.9167298759474,50.2419833256702
"NOTCH01.DIPYRIDAMOLE",86.1852321534673,83.6290259351687,2.55620621829861
"NOTCH01.FLUVASTATIN",86.1587132016176,75.9477337991569,10.2109794024607
"NOTCH01.FLUVASTATIN+DIPYRIDAMOLE",86.1587132016176,79.2950068388144,6.86370636280319
"NOTCH01.FROST",86.1852321534673,86.5426566863181,-0.357424532850771
"NOTCH01.PACLITAXEL",86.1852321534673,87.6575298633422,-1.47229770987485
"NOTCH01.PACLITAXEL-15DAILY",86.1546794651443,83.2870805989396,2.86759886620472
"NOTCH01_P4_TAX_170804_RES.PACLITAXEL-15DAILY",-69.6146948749496,-78.0174681970653,8.40277332211569
"NOTCH01_P6_ERIBLD_180822_RES.CARBOPLATIN",83.9830374178568,62.3694274733507,21.6136099445061
"NOTCH01_P6_ERIBLD_180822_RES.PACLITAXEL",83.9830374178568,-29.6499788116159,113.633016229473
"NOTCH02_P3_CARBO_160603_RES.CARBOPLATIN",81.5747586648595,-49.0428403117924,130.617598976652
"NOTCH02_P4_945_160907_RES.PACLITAXEL",80.9520493891658,77.9278122531461,3.02423713601971
"NOTCH06.CARBOPLATIN",86.9440433979391,82.8741612981273,4.06988209981176
"NOTCH06.CFI-402257+ABT263",86.7938411010126,82.5654163124732,4.22842478853939
"NOTCH06.CFI-402257+PACLITAXEL",86.906352197353,-82.6312814957874,169.53763369314
"NOTCH06.CFI-402257-LOW+PACLITAXEL",86.9440433979391,36.2653576459023,50.6786857520367
"NOTCH06.PACLITAXEL",86.9863586705639,-19.5938628619656,106.58022153253
"NOTCH06_P4_TAX_161031_RES.CFI-402257-2ON5OFF+PACLITAXEL-15DAILY",86.1252535670493,83.1762989858389,2.9489545812104
"NOTCH06_P4_TAX_161031_RES.PACLITAXEL",86.2272170162955,72.2951050123879,13.9321120039077
"NOTCH06_P4_TAX_161031_RES.PACLITAXEL-15DAILY",86.2272170162955,77.1756829828644,9.0515340334311
"NOTCH06_P4_TAX_161031_RES.UNC0642",86.1252535670493,87.7044005628984,-1.57914699584906
"NOTCH06_P7_ERIBLD_180523_RES.PACLITAXEL",88.5980378558675,88.2463853761762,0.351652479691381
"NOTCH10.CARBOPLATIN",82.1446607987764,-53.8910394468079,136.035700245584
"NOTCH10.CFI-402257+PACLITAXEL",82.1446607987764,-84.5298009077548,166.674461706531
"NOTCH10.CFI-402257-2ON5OFF",82.268964241994,72.59944335753,9.66952088446409
"NOTCH10.CFI-402257-2ON5OFF+PACLITAXEL-15DAILY",82.268964241994,-67.7318522259982,150.000816467992
"NOTCH10.CFI-402257-LOW+PACLITAXEL",81.7647700173338,-76.624219671965,158.388989689299
"NOTCH10.PACLITAXEL",82.1446607987764,-75.4318500939192,157.576510892696
"NOTCH10.PACLITAXEL-15DAILY",82.268964241994,-71.6125907880121,153.881555030006
"NOTCH10_P9_ERIBLD_180110_RES.PACLITAXEL",83.3133553688955,-34.4845991889169,117.797954557812
"NOTCH18.CARBOPLATIN",84.575239183765,79.2918396073486,5.28339957641643
"NOTCH18.PACLITAXEL",84.0862487507788,-81.603921088761,165.69016983954
"NOTCH18_P5_BMN_170608_RES.CARBOPLATIN",NA,71.0027590634702,NA
"NOTCHB01.CARBOPLATIN",84.1359220442487,22.2382989939937,61.897623050255
"NOTCHB01.CFI-402257-2ON5OFF",84.1359220442487,86.2160158193179,-2.08009377506917
"NOTCHB01.CFI-402257-2ON5OFF+PACLITAXEL-15DAILY",84.0517230412966,83.692159215055,0.35956382624164
"NOTCHB01.DIPYRIDAMOLE",84.1359220442487,40.9474027569309,43.1885192873178
"NOTCHB01.FLUVASTATIN",84.1359220442487,-28.6284163606221,112.764338404871
"NOTCHB01.FLUVASTATIN+DIPYRIDAMOLE",84.1359220442487,78.3302569235051,5.80566512074363
"NOTCHB01.PACLITAXEL",84.1359220442487,3.88402575997264,80.2518962842761
"NOTCHB01.PACLITAXEL-15DAILY",84.0517230412966,84.9981942900212,-0.946471248724549
"NOTCHB01_P4_CARBO_160812_RES.CARBOPLATIN",83.7369765301737,85.0613866669317,-1.32441013675802
"NOTCHB01_P4_TAX_160810_RES.CARBOPLATIN",86.3685810465497,82.6394126753777,3.72916837117199
"NOTCHB01_P4_TAX_160810_RES.PACLITAXEL",86.3685810465497,87.0689085773752,-0.700327530825575
"NOTCHB01_P5_BMN_170329_RES.CARBOPLATIN",87.4966310884409,83.0536863626622,4.44294472577866
"NOTCHB01_P5_BMN_170329_RES.CFI-402257-2ON5OFF",87.7514129522654,86.5102289382288,1.24118401403652
"NOTCHB01_P5_ERIB_170309_RES.CARBOPLATIN",86.9706073848984,81.8707750896928,5.09983229520564
"NOTCHB01_P5_ERIB_170309_RES.PACLITAXEL",87.1094553147563,84.4079977390474,2.70145757570886
"NOTCHB01_P6_945_170516_RES.PACLITAXEL",83.7501199382878,85.6734957668137,-1.92337582852598
"NOTCHB02.CARBOPLATIN",61.5919135005639,41.8248530632604,19.7670604373034
"NOTCHB02.FROST",59.255195014198,-81.4428634900629,140.698058504261
"NOTCHB02.PACLITAXEL",59.255195014198,37.6492319882391,21.6059630259589
"NOTCHB03.CARBOPLATIN",83.8876159610028,-77.2240719222199,161.111687883223
"NOTCHB03.FROST",83.8876159610028,-61.0235209876301,144.911136948633
"NOTCHB03.PACLITAXEL",83.8876159610028,-59.4114536773405,143.299069638343
"REF001.ABT-263",83.5383155548862,83.1125015807199,0.425813974166289
"REF001.CARBOPLATIN",83.4858122526562,6.79941522682963,76.6863970258265
"REF001.CFI-402257+PACLITAXEL-40DAILY",83.4858122526562,-70.4285570362873,153.914369288943
"REF001.CFI-402257-2ON5OFF+PACLITAXEL-15DAILY",83.5064003427134,0.396745362430261,83.1096549802832
"REF001.PACLITAXEL",83.4858122526562,-1.75117086359475,85.2369831162509
"REF001.PACLITAXEL-15DAILY",83.4844886394561,65.1408653904971,18.343623248959
"REF001.PACLITAXEL-40DAILY",83.4858122526562,-59.4395490666452,142.925361319301
"REF001_P1_945_161017_RES.PACLITAXEL",83.587577692241,68.0243566173511,15.5632210748899
"REF001_P1_CARBO_161103_RES.CARBOPLATIN",83.4686009974527,64.3429020897909,19.1256989076618
"REF001_P1_CARBO_161109_RES.CARBOPLATIN",78.6546522657074,75.7144307496791,2.94022151602837
"REF001_P1_TAX_160928_RES.PACLITAXEL",73.2245589985969,84.7166046386553,-11.4920456400584
"REF001_P2_8205_240124_RES.CARBOPLATIN",87.6212159764028,88.1196812411997,-0.498465264796948
"REF001_P2_8205_240124_RES.PACLITAXEL",87.7723845209315,86.0698714095805,1.70251311135105
"REF002.CARBOPLATIN",83.813748772607,76.6744358420067,7.13931293060031
"REF002.CFI-402257-2ON5OFF",83.813748772607,85.5255475482153,-1.71179877560823
"REF002.CFI-402257-2ON5OFF+PACLITAXEL-15DAILY",83.813748772607,67.1696873016413,16.6440614709657
"REF002.CFI-402257-HD+PACLITAXEL-15DAILY",83.8312043206431,43.0552273663079,40.7759769543352
"REF002.PACLITAXEL",83.813748772607,-79.0952984264974,162.909047199104
"REF002.PACLITAXEL-15DAILY",83.8312043206431,77.2048283565989,6.62637596404423
"REF002_P2_TAX_171219_RES.ABT-263",79.1637821864887,-16.9217205886695,96.0855027751582
"REF002_P2_TAX_171219_RES.CARBOPLATIN",79.0761508100034,-14.5507890292795,93.6269398392829
"REF002_P2_TAX_171219_RES.PACLITAXEL",79.1637821864887,81.4588316597357,-2.295049473247
"REF002_P2_TAX_171219_RES.PACLITAXEL-15DAILY",79.1049890672721,74.6689673163549,4.43602175091723
"REF003.CARBOPLATIN",14.128157450325,-25.8455931630198,39.9737506133448
"REF003.PACLITAXEL",14.128157450325,-42.5543946878271,56.6825521381521
"REF003_P1_CX_171024_RES.CARBOPLATIN",73.5980392788855,74.75187389158,-1.15383461269444
"REF004.ABT-263",87.482407304206,87.5609546868412,-0.0785473826351932
"REF004.CARBOPLATIN",87.5783478090341,88.2462310924884,-0.667883283454287
"REF004.CFI-402257+PACLITAXEL",87.5327817659603,83.1504200165398,4.3823617494205
"REF004.CFI-402257-2ON5OFF",87.5724301091838,87.0644941859796,0.507935923204215
"REF004.CFI-402257-2ON5OFF+PACLITAXEL-15DAILY",87.5724301091838,88.4852381918618,-0.912808082678012
"REF004.FROST-LOW",87.5327817659603,81.9377970397761,5.59498472618417
"REF004.PACLITAXEL",87.5327817659603,84.0719797505619,3.46080201539836
"REF004.PACLITAXEL-15DAILY",87.5724301091838,87.391408105984,0.181022003199814
"REF005.ABT-263",86.4687919459674,79.3147659848717,7.15402596109577
"REF005.CARBOPLATIN",86.4687919459674,82.5139660545252,3.95482589144227
"REF005.CFI-402257-2ON5OFF",86.4687919459674,78.0593735752985,8.40941837066896
"REF005.CFI-402257-2ON5OFF+PACLITAXEL-15DAILY",86.4147340120442,69.8280056052261,16.5867284068181
"REF005.PACLITAXEL",86.4687919459674,-64.4316195486479,150.900411494615
"REF005.PACLITAXEL-15DAILY",86.4147340120442,71.694718257052,14.7200157549921
"REF005_P1_945_170718_RES.ABT-263",85.8681486210015,78.9156782263233,6.95247039467822
"REF005_P1_945_170718_RES.PACLITAXEL",85.8334433626456,-82.1890279403378,168.022471302983
"REF005_P1_CX_170628_RES.PACLITAXEL",78.8898698890567,-81.9766137796053,160.866483668662
"REF005_P1_TAX_170106_RES.PACLITAXEL",NA,82.5064472126265,NA
"REF005_P1_TAX_170628_RES.CFI-402257-2ON5OFF+PACLITAXEL",87.2019312653001,-45.9822140531674,133.184145318467
"REF005_P1_TAX_170628_RES.CFI-402257-2ON5OFF+PACLITAXEL-15DAILY",87.2019312653001,82.2040574102344,4.99787385506568
"REF005_P1_TAX_170628_RES.PACLITAXEL",87.2019312653001,54.5390774644038,32.6628538008963
"REF005_P1_TAX_170628_RES.PACLITAXEL-40DAILY",87.2019312653001,-78.0645900578427,165.266521323143
"REF005_P1_TAX_170628_RES.UNC1999",88.0556605886929,87.4307867716847,0.624873817008222
"REF005_P2_ERIB_171019_RES.CARBOPLATIN",86.330889788382,83.1236173173928,3.20727247098915
"REF005_P2_ERIB_171019_RES.PACLITAXEL",86.330889788382,1.6915980458477,84.6392917425343
"REF005_P2_ERIB_171019_RES.PACLITAXEL-15DAILY",86.330889788382,78.3662089588407,7.96468082954131
"REF005_P3_CDX_180412_RES.CARBOPLATIN",89.056530720547,89.4972231288044,-0.440692408257391
"REF005_P3_TTK/TAX_180315_RES.CFI-402257-2ON5OFF",88.0783887163621,88.7018397044611,-0.623450988099009
"REF005_P3_TTK/TAX_180315_RES.CFI-402257-2ON5OFF+PACLITAXEL-15DAILY",88.0783887163621,83.0927387358075,4.98564998055456
"REF006.CARBOPLATIN",82.8085280807629,59.0650881872141,23.7434398935489
"REF006.CFI-402257-2ON5OFF",82.8085280807629,78.228910261388,4.57961781937489
"REF006.CFI-402257-2ON5OFF+PACLITAXEL-15DAILY",82.8140843889637,22.9802646814269,59.8338197075368
"REF006.DMSO",NA,NA,NA
"REF006.FLUVASTATIN+TERBINIFINE",82.8248808268638,81.5677322160149,1.25714861084887
"REF006.PACLITAXEL",82.8140843889637,10.0870130725715,72.7270713163922
"REF006.PACLITAXEL-15DAILY",82.8140843889637,-58.7084142047781,141.522498593742
"REF006.PEG400",82.8248808268638,70.673553244773,12.1513275820907
"REF006.TOPOTECAN",84.1681789426447,-84.4906810973384,168.658860039983
"REF006_P1_CDX_180206_RES.PACLITAXEL-15DAILY",82.1912721228352,54.2674561724878,27.9238159503474
"REF006_P1_ERIB_180313_RES.PACLITAXEL",82.2941916568042,87.7977594627714,-5.50356780596721
"REF006_P1_TAX_180307_RES.CFI-402257-2ON5OFF+PACLITAXEL-15DAILY",83.7134611324596,67.0811036581951,16.6323574742646
"REF006_P1_TAX_180307_RES.PACLITAXEL-15DAILY",83.7134611324596,60.8347387258197,22.8787224066399
"REF006_P1_TAX_180315_RES.CARBOPLATIN",85.193280171986,87.5051868684341,-2.31190669644806
"REF006_P1_TAX_180315_RES.PACLITAXEL",84.8486179141507,63.5295765053816,21.3190414087691
"REF006_P1_TAX_180315_RES.PACLITAXEL-15DAILY",84.8486179141507,80.5778948817692,4.27072303238154
"REF006_P2_945_180720_RES.ABT-263-LOW",86.3708104810974,86.8460540208724,-0.475243539774993
"REF006_P2_945_180720_RES.PACLITAXEL",86.274450791677,38.4047918759445,47.8696589157326
"REF007.CARBOPLATIN",84.6438466059049,77.7027905347504,6.94105607115453
"REF007.CFI-402257-2ON5OFF",84.6145423223458,74.1032721297855,10.5112701925603
"REF007.PACLITAXEL",84.6438466059049,-80.452213200329,165.096059806234
"REF007.UNC0642",84.6760126882686,87.8877588423919,-3.21174615412328
"REF007_P1_TAX_170921_RES.PACLITAXEL",79.7918132276273,84.8784547260191,-5.08664149839178
"REF007_P1_TTK/TAX_170824_RES.CFI-402257-2ON5OFF+PACLITAXEL-15DAILY",84.4044229791066,-66.713037939118,151.117460918225
"REF007_P2_TAX_171010_RES.ABT-263",82.7970338508536,-53.7864051526453,136.583439003499
"REF007_P2_TAX_171010_RES.CFI-402257-2ON5OFF+PACLITAXEL-15DAILY",82.7970338508536,-74.3075848408792,157.104618691733
"REF007_P2_TAX_211006_RES.PACLITAXEL",88.9887452878249,69.850129158932,19.1386161288928
"REF009.ABT-263",78.741334463302,-29.6111480797137,108.352482543016
"REF009.CARBOPLATIN",79.0090424635973,20.0936669353187,58.9153755282786
"REF009.PACLITAXEL",78.0267082783633,-70.9819548832128,149.008663161576
"REF009.PACLITAXEL-10DAILY",78.741334463302,85.7248407589979,-6.9835062956959
"REF009.PACLITAXEL-15DAILY",79.0090424635973,16.7185464730762,62.2904959905212
"REF009_P1_CARBO_180523_RES.CARBOPLATIN",72.4003960896464,28.2384921907959,44.1619038988505
"REF009_P2_CX_181107_RES.CARBOPLATIN",80.9510623074632,72.1415705222365,8.80949178522675
"REF009_P4_CX_190226_RES.CARBOPLATIN",NA,69.7613782265853,NA
"REF009_P4_CX_190226_RES.PACLITAXEL",NA,-56.5826591395464,NA
"REF009_P4_TAX_191022_RES.CARBOPLATIN",83.3640848878553,73.8663053883329,9.4977794995224
"REF009_P4_TAX_191022_RES.PACLITAXEL-15DAILY",83.3640848878553,81.8434671373409,1.52061775051442
"REF009_P5_ERIB_210122_RES.CARBOPLATIN",86.9993562307424,86.9639743064544,0.0353819242880746
"REF009_P5_ERIB_210122_RES.PACLITAXEL",86.9993562307424,85.1239829147853,1.87537331595711
"REF010.ABT-263",80.0778091523556,48.1268886659233,31.9509204864323
"REF010.CARBOPLATIN",80.6078649687293,76.7412460476467,3.86661892108262
"REF010.CFI-402257-2ON5OFF",80.6078649687293,56.2830859186097,24.3247790501197
"REF010.CFI-402257-2ON5OFF+PACLITAXEL",79.5081803367356,-80.7753567323462,160.283537069082
"REF010.CFI-402257-2ON5OFF+PACLITAXEL-15DAILY",80.6078649687293,-78.9408846213432,159.548749590073
"REF010.PACLITAXEL-15DAILY",80.6078649687293,-76.9947900582216,157.602655026951
"REF010_P1_945_180801_RES.ABT-263",44.6908349552871,51.1800495849493,-6.48921462966224
"REF010_P1_945_180801_RES.PACLITAXEL",44.6908349552871,-82.2803972714954,126.971232226782
"REF010_P3_945_210421_RES.CARBOPLATIN",NA,-21.5686753593882,NA
"REF010_P3_945_210421_RES.PACLITAXEL",NA,-82.978045585935,NA
"REF010_P6_CDX_201106_RES.CARBOPLATIN",87.9077736744421,84.7641195152299,3.14365415921222
"REF010_P6_CDX_201106_RES.PACLITAXEL",88.2664229724359,-80.8896980190397,169.156120991476
"REF010_P6_CDX_201106_RES.PACLITAXEL-15DAILY",87.9077736744421,-77.8212118546335,165.728985529076
"REF013.CARBOPLATIN",87.7750467383074,84.8597366824149,2.91531005589245
"REF013.PACLITAXEL",87.7750467383074,-84.7266895933523,172.50173633166
"REF013.PACLITAXEL-15DAILY",87.8091817060671,-63.9967108906834,151.80589259675
"REF013_P3_TAX_190522_RES.ABT-263",89.5351938470128,89.458037448478,0.0771563985348109
"REF013_P3_TAX_190522_RES.PACLITAXEL",89.6019240447618,89.3792864134037,0.222637631358083
"REF014.CARBOPLATIN",76.9859235306915,74.160460604723,2.82546292596855
"REF014.CFI-402257-2ON5OFF+PACLITAXEL-15DAILY",77.0597390651931,61.8270300778776,15.2327089873155
"REF014.PACLITAXEL",76.1724248298575,79.5574078676451,-3.38498303778762
"REF014.PACLITAXEL-15DAILY",76.9859235306915,71.2062585626934,5.77966496799809
"REF014_P1_TTK/TAX_180328_RES.CFI-402257-2ON5OFF",-13.1512269496622,83.9190059389021,-97.0702328885643
"REF014_P1_TTK/TAX_180328_RES.PACLITAXEL",79.1039240080771,82.8065287609559,-3.70260475287884
"REF014_P2_ERIBLD_180801_RES.PACLITAXEL",70.5433650554937,79.7306957708797,-9.18733071538605
"REF016.CARBOPLATIN",87.8341590482942,70.6872988391026,17.1468602091915
"REF016.CFI-402257-2ON5OFF",87.8856389298405,87.2802125323131,0.605426397527424
"REF016.CFI-402257-2ON5OFF+PACLITAXEL-15DAILY",87.8856389298405,82.9714445079092,4.91419442193126
"REF016.DMSO",87.7422064797457,86.4671619835471,1.27504449619865
"REF016.FLUVASTATIN+TERBINIFINE",87.7692429480672,83.7518135277891,4.01742942027806
"REF016.PACLITAXEL",87.9369032920717,83.5214308830834,4.41547240898834
"REF016.PACLITAXEL-15DAILY",87.8856389298405,80.5175038248106,7.36813510502989
"REF016.PEG400",87.7692429480672,84.06685790467,3.70238504339716
"REF016.TOPOTECAN",87.7422064797457,-78.3691412471586,166.111347726904
"REF016.TOPOTECAN-LOW",87.7422064797457,79.0560836936194,8.68612278612635
"REF016_P1_945_180420_RES.PACLITAXEL",89.2459712839002,89.4128219098516,-0.166850625951426
"REF016_P1_BMN_180426_RES.ABT-263",88.9759424339058,88.4432087655378,0.532733668368039
"REF016_P1_BMN_180426_RES.CARBOPLATIN",89.0748009033966,89.4936098908224,-0.418808987425777
"REF016_P2_945_180406_RES.ABT-263",88.7213373920457,85.02302408869,3.69831330335576
"REF016_P2_945_180406_RES.CARBOPLATIN",88.8066244414075,87.7415290412187,1.06509540018887
"REF016_P2_945_180406_RES.PACLITAXEL",88.7213373920457,86.4039457576139,2.31739163443189
"REF016_P3_CARBO_180720_RES.CARBOPLATIN",85.8848715273203,87.159038580213,-1.27416705289271
"REF016_P5_CARBO_190124_RES.ABT-263",49.2805273332149,87.8585871169436,-38.5780597837286
"REF016_P5_CARBO_190124_RES.CARBOPLATIN",75.8267001088004,86.9009125832834,-11.074212474483
"REF019.ABT-263",86.380718402754,85.4880427904834,0.892675612270665
"REF019.ABT-263-LOW",85.8277848045348,75.8661381955922,9.96164660894263
"REF019.CARBOPLATIN",85.8277848045348,77.1468815082966,8.68090329623826
"REF019.PACLITAXEL",85.8277848045348,52.6292011966604,33.1985836078745
"REF019_P1_945_180810_RES.ABT-263",-14.7833890789698,49.0565655217093,-63.8399546006791
"REF019_P3_CARBO_190718_RES.CARBOPLATIN",88.1295251997201,87.9764139759441,0.153111223776037
"REF019_P3_CARBO_190718_RES.PACLITAXEL",88.1295251997201,76.6722060010087,11.4573191987114
"REF019_P8_ERIB_200903_RES.CARBOPLATIN",89.2024993863222,85.5103234533522,3.69217593296999
"REF019_P8_ERIB_200903_RES.CFI-402257+PACLITAXEL",89.2024993863222,88.157148767493,1.04535061882918
"REF020.ABT-263",86.4486162301424,28.2697625306061,58.1788536995363
"REF020.CARBOPLATIN",86.5250243979271,62.8596927105532,23.6653316873739
"REF020.CFI-402257-HD",86.4756816693482,86.1700442192319,0.305637450116265
"REF020.PACLITAXEL-15DAILY",86.428303992075,73.6847177474882,12.7435862445869
"REF020_P1_BMN_190918_RES.CARBOPLATIN",88.113566646145,-72.7266498967248,160.84021654287
"REF020_P1_BMN_190918_RES.PACLITAXEL",88.1135875371919,83.8295337968167,4.28405374037513
"REF020_P3_CDX_210608_RES.CARBOPLATIN",85.9583334765626,48.0420868654656,37.9162466110971
"REF020_P3_CDX_210608_RES.PACLITAXEL",86.373298607323,84.80817986128,1.56511874604304
"REF020_P5_CARBO_210421_RES.CARBOPLATIN",89.3082181334313,89.6037585368793,-0.295540403448015
"REF020_P5_CARBO_210421_RES.PACLITAXEL",89.3472046228433,88.7495971792521,0.597607443591201
"REF022.ABT-263",83.2548657415475,79.7158235018533,3.53904223969417
"REF022.CARBOPLATIN",83.0473017528418,84.7196572184428,-1.67235546560102
"REF022.CFI-402257-2ON5OFF",83.1454063089632,50.426944621994,32.7184616869692
"REF022.CFI-402257-3ON4OFF+PACLITAXEL-15DAILY",83.2614143661065,-79.5555187848465,162.816933150953
"REF022.GLUT1",83.2658302101634,75.6346357221899,7.63119448797342
"REF022.GLUT1-2TIMESDAILY",83.2795413223875,-56.6991453616728,139.97868668406
"REF022.PACLITAXEL",83.2795413223875,-75.737881973711,159.017423296099
"REF022.PACLITAXEL-10DAILY",83.0473017528418,82.9843467252885,0.062955027553258
"REF022.PACLITAXEL-15DAILY",83.1454063089632,17.3271995999441,65.8182067090191
"REF022.UNC0642",83.2552022760983,53.9472380795662,29.3079641965321
"REF022_P1_TAX_180822_RES.PACLITAXEL",0.871498537734024,-50.8219161289516,51.6934146666856
"REF022_P2_8205CONT_231206_RES.CARBOPLATIN",81.9902052158884,84.9981349139008,-3.0079296980124
"REF022_P2_TAX_181219_RES.CARBOPLATIN",87.160305479608,75.8226277440685,11.3376777355395
"REF022_P2_TAX_181219_RES.PACLITAXEL",87.160305479608,63.1368830385073,24.0234224411007
"REF022_P4_ERIB_200903_RES.CARBOPLATIN",NA,79.9812966843709,NA
"REF022_P4_ERIB_200903_RES.PACLITAXEL",NA,78.0841765201883,NA
"REF022_P9_TAX_221026_RES.CARBOPLATIN",-61.4387251692825,85.9002046762666,-147.338929845549
"REF022_P9_TAX_221026_RES.PACLITAXEL",-55.4995589486808,-13.1218217299974,-42.3777372186834
"REF022_P9_TAX_221026_RES.PACLITAXEL-15DAILY",-55.4995589486808,75.5848416932547,-131.084400641936
"REF023.ABT-263",82.9685829414813,84.3030886088436,-1.33450566736227
"REF023.CARBOPLATIN",82.9685829414813,81.7124909984711,1.2560919430102
"REF023.CFI-402257-HD+PACLITAXEL-15DAILY",82.8975527145121,-70.2533502632111,153.150902977723
"REF023.PACLITAXEL",82.9685829414813,-87.527447790633,170.496030732114
"REF023.PACLITAXEL-15DAILY",82.8975527145121,-27.6479277641352,110.545480478647
"REF023_P1_TAX_190508_RES.PACLITAXEL",29.5240286151016,43.9462768704157,-14.4222482553141
"REF023_P5_TTK/TAX_210610_RES.CARBOPLATIN",NA,70.2474418222425,NA
"REF023_P5_TTK/TAX_210610_RES.PACLITAXEL",NA,55.2241660232986,NA
"REF024.ABT-263",65.7321873032285,-67.8198016861438,133.551988989372
"REF024.CARBOPLATIN",64.5003585280227,-36.6096848145644,101.110043342587
"REF024.PACLITAXEL",64.5003585280227,-63.5105099272031,128.010868455226
"REF024_P1_BMN_190905_RES.CARBOPLATIN",74.1008247683842,84.0421434054085,-9.94131863702424
"REF024_P1_TAX_191220_RES.CARBOPLATIN",NA,81.4566318627426,NA
"REF024_P1_TAX_191220_RES.PACLITAXEL",NA,59.7871048367481,NA
"REF025.CARBOPLATIN",74.3146796747059,-15.3448792001462,89.6595588748521
"REF025.CFI-402257-HD+PACLITAXEL",68.0869429309238,51.6507728967402,16.4361700341836
"REF025.PACLITAXEL",74.3146796747059,-4.09090901065256,78.4055886853585
"REF030.CARBOPLATIN",83.2282850008247,73.8011225649341,9.42716243589052
"REF034.PACLITAXEL",65.9557806553842,-4.70174153280629,70.6575221881905
"REF035.CARBOPLATIN",87.3789387014182,48.1368897924921,39.2420489089261
"REF035.PACLITAXEL",87.3859752667622,70.2436957823704,17.1422794843918
"REF035.PACLITAXEL-15DAILY",87.3294189652218,-61.4853356469953,148.814754612217
"REF035_P3_945_200603_RES.CARBOPLATIN",NA,87.0339851847483,NA
"REF035_P3_945_200603_RES.PACLITAXEL",NA,86.1522313797127,NA
"REF035_P5_ERIBLD_210603_RES.CARBOPLATIN",89.5232832932258,89.0261002123225,0.49718308090327
"REF035_P5_ERIBLD_210603_RES.PACLITAXEL",89.4911428150054,88.412353983986,1.0787888310194
"REF036.ABT-263",86.3185202590861,81.3811295694123,4.93739068967382
"REF036.CARBOPLATIN",86.3185202590861,85.3865384070378,0.931981852048295
"REF036.CFI-402257-HD+PACLITAXEL",87.0266988217679,-77.5735713601526,164.60027018192
"REF036.FLUVASTATIN+TERBINIFINE",87.0266988217679,29.9671600810087,57.0595387407591
"REF036.PACLITAXEL",86.145149043537,-82.8470654312143,168.992214474751
"REF036.PACLITAXEL-15DAILY",86.3185202590861,56.0077124708116,30.3108077882745
"REF036.PEG400",87.0266988217679,71.6259417469795,15.4007570747883
"REF036_P1_ERIBLD_191212_RES.CARBOPLATIN",88.4522003402506,82.1152316875418,6.33696865270889
"REF036_P1_ERIBLD_191212_RES.PACLITAXEL",88.4522003402506,87.894524239432,0.557676100818611
"REF036_P2_945W_200318_RES.CARBOPLATIN",NA,84.9256147928456,NA
"REF036_P3_945_210218_RES.CARBOPLATIN",NA,85.6151572559186,NA
"REF036_P7_945W_220208_RES.CARBOPLATIN",NA,80.2074493207691,NA
"REF037.CARBOPLATIN",85.5265311405226,88.4442487967048,-2.91771765618213
"REF037.PACLITAXEL",86.6213542288328,86.6887876524955,-0.0674334236627487
"REF039.CFI-402257+PACLITAXEL",75.9943792617811,64.3306867332427,11.6636925285384
"REF041.CARBOPLATIN",52.2829592524836,44.4466802285793,7.83627902390429
"REF041.PACLITAXEL",52.2829592524836,-70.0125398209555,122.295499073439
"REF042.CARBOPLATIN",NA,87.0637518831342,NA
"REF042_P2_CDX_230104_RES.CARBOPLATIN",83.8390145940094,85.5782426151473,-1.73922802113795
"REF043.CARBOPLATIN",87.7663988996274,86.7549190913468,1.01147980828061
"REF043.PACLITAXEL",87.7663988996274,-77.9404713191318,165.706870218759
"REF043_P3_TTK/TAX_220413_RES.CARBOPLATIN",67.7531882226355,-79.3938176838189,147.147005906454
"REF044.CARBOPLATIN",88.5909365816519,87.3037638314765,1.28717275017533
"REF044.CFI-402257-3ON4OFF+PACLITAXEL-15DAILY",88.3705466544871,78.5574113909,9.81313526358703
"REF044.PACLITAXEL",88.3705466544871,83.7519523726636,4.61859428182343
"REF044.PACLITAXEL-15DAILY",88.3705466544871,86.6953211613044,1.67522549318265
"REF044_P1_ERIB_210122_RES.CARBOPLATIN",87.4775345604829,88.3212433124733,-0.843708751990476
"REF044_P1_ERIB_210122_RES.PACLITAXEL",87.4775345604829,86.8629818001595,0.614552760323392
"REF044_P1_TTK/TAX_210707_RES.CARBOPLATIN",84.0473592331663,87.4330273396987,-3.38566810653239
"REF044_P1_TTK/TAX_210707_RES.PACLITAXEL",84.0473592331663,81.3883977155112,2.65896151765516
"REF044_P3_TAX_210519_RES.CARBOPLATIN",86.1029421548158,88.0329020112073,-1.92995985639148
"REF044_P3_TAX_210519_RES.PACLITAXEL",86.1029421548158,84.2243082423599,1.87863391245585
"REF047.CARBOPLATIN",87.2964362136449,85.2994095641146,1.99702664953024
"REF047.PACLITAXEL",87.2964362136449,78.3402752471516,8.95616096649333
"REF047_P1_ERIBLD_210107_RES.CARBOPLATIN",79.6942391536697,85.4763962450706,-5.78215709140093
"REF047_P1_ERIBLD_210107_RES.PACLITAXEL",79.4707097601987,-8.9682468599876,88.4389566201863
"REF047_P1_ERIBLD_210107_RES.PACLITAXEL-15DAILY",79.4707097601987,58.9592812075418,20.5114285526569
"REF047_P1_TTK/TAX_220217_RES.CARBOPLATIN",NA,85.6412194829994,NA
"REF047_P1_TTK/TAX_220217_RES.CFI-402257+PACLITAXEL",NA,83.1675411571786,NA
"REF047_P1_TTK/TAX_220217_RES.PACLITAXEL",NA,85.7529896698668,NA
"REF047_P2_ERIB_221026_RES.PACLITAXEL",NA,83.6821596959763,NA
"REF047_P2_SG_240111_RES.CARBOPLATIN",84.3102652902546,87.4894686014553,-3.17920331120075
"REF048.CARBOPLATIN",88.5717454426535,-66.4651035442654,155.036848986919
"REF048.PACLITAXEL",88.5717454426535,88.7280434897917,-0.156298047138293
"REF048_P7_5305_230720_RES.CARBOPLATIN",88.2921341959041,89.1230650189818,-0.83093082307775
"REF048_P7_8205_230803_RES.CARBOPLATIN",NA,88.6295116866877,NA
"REF048_P8_945_231129_RES.CARBOPLATIN",88.8885887007426,86.50458594633,2.38400275441266
"REF048_P8_945_231129_RES.PACLITAXEL",88.8885887007426,85.3161677500565,3.57242095068611
"REF048_P8_CARBO_240425_RES.CARBOPLATIN",88.08028096908,87.9050592905632,0.175221678516749
"REF049_P1_945_231123_RES.CARBOPLATIN",NA,88.7547348635873,NA
"REF049_P1_945_231123_RES.PACLITAXEL",NA,89.4353079143716,NA
"REF052.CARBOPLATIN",83.9334133510455,87.1334708079899,-3.20005745694438
"REF052.PACLITAXEL",84.0349432677783,58.7416438208834,25.2932994468948
"REF057.CARBOPLATIN",83.8643636336923,75.7729074288772,8.09145620481506
"REF057.PACLITAXEL",83.2579379730444,86.9859952869513,-3.72805731390682
"REF061.CARBOPLATIN",86.8697461019599,88.9125732063354,-2.04282710437549
"REF062.CARBOPLATIN",88.5464381493916,88.1793597062638,0.367078443127781
"REF063.CARBOPLATIN",88.6858932195684,89.2275173329428,-0.541624113374397
"REF063.PACLITAXEL",88.9600856827562,-37.3094798355079,126.269565518264
"REF063_P3_TAX_241107_RES.CARBOPLATIN",89.3496181580861,88.4655044603183,0.884113697767816
"REFOV042.CARBOPLATIN",83.0861245177888,76.1366130699648,6.94951144782401
"REFOV042.PACLITAXEL",83.0861245177888,-62.7703536664167,145.856478184206
"REFOV042.PACLITAXEL-15DAILY",80.4600346162362,83.0911056733085,-2.63107105707229
