Gene,MeanAbsSHAP
H4C4,0.049384587
ANPEP,0.0491354
SHISA2,0.039241236
PEG3,0.031822614
TPM2,0.029403813
PRR15L,0.029274566
H4C12,0.02612773
ACTA2,0.025469735
UGT8,0.023016907
TAGLN,0.018892229
MYL9,0.018354142
EFHD1,0.017745534
POTEF,0.015562914
CEACAM6,0.015010372
SPARC,0.014698066
CXCL14,0.012333644
CXCR4,0.012272727
TM4SF1,0.011267687
SERPINE2,0.010429845
CAPN8,0.010314395
LRP2,0.01002
HLA-A,0.010019341
ACTG2,0.009538082
H2BC10,0.009056597
CALML5,0.008955051
ZNF727,0.008555625
GDF15,0.008462253
FAM171A1,0.008432201
ART3,0.008236263
MYEOV,0.008053775
LDHB,0.00783418
RGS2,0.0077670584
BPIFB1,0.00733249
PDGFRA,0.0065941126
EMB,0.0061532273
CA9,0.0056639374
CXCL17,0.0052239285
H3C8,0.005202127
INHBB,0.0050718077
MGP,0.004828367
CDH2,0.0045836777
SLPI,0.004526658
RASD2,0.0045249793
FABP5,0.0045139235
UBD,0.0043725446
CSTA,0.004230053
TGFB2,0.004009099
FOLR1,0.003996191
TUSC3,0.003905934
PPP1R3C,0.0038917712
COL12A1,0.0038801215
PKP1,0.0036415216
TNFSF10,0.0035640576
CD109,0.003555866
S100A1,0.0035030653
H2BC3,0.0034711147
H3C4,0.0034684336
NPNT,0.0034066343
SMOC1,0.0033559818
ELF5,0.0033345711
FGFR1,0.0033215473
IFI44L,0.0032828287
ADAMTS1,0.003239399
ICAM1,0.0032170129
SPDEF,0.0032159141
SELENOP,0.0031564522
GPNMB,0.003142889
S100A7,0.0031047459
KRT19,0.002999656
HOXB2,0.0029636556
HLA-DRA,0.0029508644
GOLGA8A,0.002911782
MAL2,0.002817253
IGF1R,0.0026871925
HAPLN3,0.0026701184
FDCSP,0.0026441144
PHGDH,0.0026381994
SPTSSB,0.0026160185
SOSTDC1,0.0026082816
H3C13,0.0025896723
LONRF2,0.0025845112
BST2,0.0025767977
TRIM2,0.0025666028
FOXA1,0.0025565226
H4C13,0.0025512108
COL2A1,0.0025295024
APOE,0.0024870906
PIP,0.002466245
MSLN,0.0024512494
IFI44,0.002449084
IGFBP2,0.002390638
MEST,0.0023395175
WLS,0.002298755
FRMD3,0.0022779508
KRT23,0.0021884546
IGFBP5,0.0021816804
ELAVL2,0.0021243978
TIMP3,0.0021125984
CACNG4,0.0020847265
BEX4,0.0020681329
MLPH,0.002036149
TFAP2B,0.0019969735
IL12RB2,0.0019868002
SOX11,0.001955153
TMSB15A,0.0019351162
KRT15,0.0019196408
A2ML1,0.0019014173
H3C1,0.001901145
C5orf46,0.0018968049
A2M,0.0018918433
GATA3,0.0018494304
AGR2,0.0018460639
SMOC2,0.0018431265
ARHGDIB,0.0018296485
DSG3,0.0018097346
SLFN11,0.0018093509
GLYATL2,0.0018018942
CLMP,0.0017935514
LGR6,0.0017690297
KRT17,0.0017598126
S100A9,0.001748071
AGR3,0.0017290091
LGALS3BP,0.0017224348
CDK6,0.0016776514
COL4A2,0.0016732413
AQP3,0.0016586904
SAA2,0.0016477181
CLDN3,0.0016308804
EN1,0.0016131434
BASP1,0.0016033545
GABRE,0.001599738
NPY1R,0.0015811565
S100A16,0.0015753491
ETS1,0.0015725789
AREG,0.0015485211
FSCN1,0.0015425439
MAOB,0.0015358676
H1-3,0.0015291758
FMOD,0.0015256596
GJA1,0.0015165891
PNMA8A,0.0014969191
ZNF521,0.001492856
PTN,0.0014780938
TFF1,0.0014712453
SNRPN,0.0014490836
HMGCS2,0.001448123
FGFBP1,0.0014402284
IGFBP3,0.0014122367
RARRES1,0.0013976785
H3C3,0.0013840534
COLEC12,0.0013580386
GUCY1A1,0.0013442065
ANXA8,0.0013080913
PPP1R1B,0.0013051641
SMARCA1,0.0012771029
RPL36A-HNRNPH2,0.0012282984
NDRG1,0.0012246307
PRAME,0.0012059595
ITGB6,0.0011390267
SLC5A8,0.0011337182
NLRP2,0.0011291262
IGFL1,0.0010915166
ITGB4,0.0010640847
KIAA1324,0.001046926
KRT14,0.0010387526
H3C11,0.0010279673
PLTP,0.0010195754
ID4,0.0010194186
VIM,0.0010106402
PXDN,0.0010053061
CCL28,0.0010023123
MGAM2,0.0009840155
KRT5,0.0009762769
CYP1B1,0.00097186764
FN1,0.00096088264
MMP14,0.00093642686
LRRN1,0.0009076061
SLC7A2,0.00088897854
CA2,0.00088449457
EID1,0.00085800694
CA12,0.0008524705
S100A14,0.00083523476
BMPR1B,0.0008319646
IFI6,0.0008299628
SDR16C5,0.00082387635
CYP7B1,0.0008134335
AMIGO2,0.0008092107
ZNF655,0.0007933301
NELL2,0.0007914313
KCTD14,0.00077963714
MACROH2A2,0.0007760728
PLA2G4A,0.00076962635
KCNK5,0.0007663353
APOD,0.0007587858
CXCL10,0.0007555935
TIMP1,0.00074914267
SERPINB5,0.00073729816
ATP2A3,0.0007344377
ISG15,0.000734163
MMP7,0.0007312429
H2AC18,0.0007131294
CRISP3,0.0007092246
PCDHB2,0.00070043636
CXCL8,0.0006956459
SDC2,0.0006921065
C19orf33,0.0006903325
PRR15,0.0006856345
TIMP2,0.00068047305
GABRP,0.00066862925
IFI16,0.0006641144
GPRC5A,0.00065940444
LY6D,0.00064641837
OAS2,0.00064534385
NNMT,0.00063662964
GLIPR2,0.000630568
MYB,0.0006300033
TRIM29,0.00062206574
KLK10,0.00061066484
MIA,0.0005929307
SLFN13,0.00059123675
S100B,0.0005854476
ABCA13,0.00058463676
AKR1B10,0.0005797993
CXCL1,0.00057628204
H1-1,0.00057083194
CLDN8,0.00055853784
CSPG4,0.0005537058
EEF1A2,0.0005507645
SLITRK6,0.00054602855
CDKN2A,0.00054545095
KRT6A,0.00054461946
LCN2,0.0005408756
DUSP4,0.0005398755
KRT6B,0.00053884333
GPC4,0.0005371116
FSTL1,0.0005359791
CRYAB,0.00051928154
MFGE8,0.000517927
NCCRP1,0.0005161624
LAMB3,0.0005131696
KIRREL1,0.0005108603
MSN,0.00051006634
RNASE1,0.0005096743
TSPYL5,0.00050148345
EHF,0.000496267
TSPAN1,0.00048987026
SLC40A1,0.00048286302
GSTA1,0.0004700472
FAT1,0.0004692248
NDRG2,0.00046284613
COL9A3,0.00044176617
STEAP4,0.00043964718
MT1E,0.00043603327
ESR1,0.0004340104
PLS3,0.00043300248
DEFB1,0.00043246656
FXYD5,0.00041431966
S100A4,0.0004117
IFIT1,0.0003935618
KIF1A,0.00039323576
BGN,0.00038793602
ANXA1,0.00038611508
IGFBP7,0.0003856847
KANK4,0.0003851723
TFF3,0.00038295198
FAM107A,0.00037708064
SLC34A2,0.0003739232
CTHRC1,0.000371189
LPL,0.00036805964
ID1,0.00036438627
CHI3L1,0.0003631991
DPYSL3,0.00036150377
TGFBR3,0.0003594292
IFITM3,0.00035488512
UCHL1,0.00035158792
SHC4,0.00033766602
PLXDC2,0.00033583146
KLK6,0.0003304351
ACTL8,0.00032789374
PEG10,0.00032313672
SCGB2A2,0.00032052887
DPYSL2,0.00031772544
CPE,0.00031108054
CHI3L2,0.0003104535
CPA4,0.00030935672
WFDC2,0.00030894816
DLX5,0.00030753494
SEMA3C,0.00030736276
BCAS1,0.00030596845
ITPRIPL2,0.00030283883
HRCT1,0.0003014524
H4C6,0.00030003078
RERG,0.00029980062
IFI27,0.00029797648
PSAT1,0.00029756373
OLFM4,0.0002952505
IRS2,0.0002900692
CA8,0.00028611728
BRINP3,0.0002837736
GSTP1,0.00028046934
KRT16,0.00028044696
THBS2,0.00027377575
PDZK1IP1,0.00027118265
SCGB1D2,0.00026322098
ELN,0.00025869097
H2BC14,0.00025614433
MUC15,0.0002556651
MXRA8,0.00025132764
ANXA8L1,0.00024747907
DSC3,0.0002467347
ALCAM,0.00024242925
SYNM,0.00023380422
CADPS2,0.00023025907
TMEM176B,0.00022577328
LY6K,0.00022508013
AZGP1,0.00022079352
PAPSS2,0.00021643315
KRT7,0.00021626214
CYP4Z1,0.00021542054
CRIP1,0.00021135938
CLU,0.00021039374
S100A8,0.0002083301
AARD,0.00020726885
AGT,0.0002071255
C3,0.00020377182
S100P,0.00020086634
POF1B,0.0001999616
FGFR2,0.00019983706
CP,0.0001993892
TTYH1,0.00019832565
COL8A1,0.00019406679
SERPINB3,0.00019019998
SNCG,0.00018872405
MAGEA3,0.00018789692
AKT3,0.00018637809
COTL1,0.00018245414
RALGPS2,0.00017764019
TGFA,0.00017711867
PRELP,0.00016759997
C1orf115,0.0001666979
TACSTD2,0.00016082206
CDKN2B,0.00015900498
NPR3,0.00015892868
PMP22,0.00015365676
CASP14,0.00015155681
H2BC9,0.00015143435
CRISPLD1,0.00014970957
GPX7,0.00014959887
SCRG1,0.00014955256
KLK5,0.0001451689
SULF2,0.00014471551
KRT81,0.00014374222
FZD7,0.00013814485
TMEM139,0.00013762173
CLEC7A,0.00013512858
VGLL1,0.00013259937
TM4SF18,0.00013235114
ALDH1A3,0.00012685389
FBLN2,0.00012616554
HSPB8,0.00012447748
COL6A2,0.00011769574
CRABP2,0.00011648206
ABCA12,0.00011459641
GPR160,0.00011288483
MAN1A1,0.00011097681
SOX10,0.00010926899
CD74,0.00010558894
FAT2,0.00010505007
PROM1,0.0001049835
FOXI1,0.00010437459
AR,0.00010277141
CLDN10,0.00010212683
FBP1,9.9803896e-05
HEY2,9.62695e-05
DSG1,9.573317e-05
ANGPTL4,9.547211e-05
CLCA2,8.9720204e-05
SERPINA3,8.9318855e-05
HORMAD1,8.7106535e-05
HLA-DRB1,8.702945e-05
PI3,8.555862e-05
TFCP2L1,8.4707324e-05
VANGL2,8.3642255e-05
PIGR,7.854439e-05
CAVIN1,7.732227e-05
LTF,7.556541e-05
ZNF486,7.3529765e-05
SOX8,7.191855e-05
CRABP1,7.060361e-05
SAA1,6.948866e-05
OBP2B,6.656993e-05
PADI2,6.6354456e-05
FRZB,6.601534e-05
IL32,6.592229e-05
SNAI2,6.525094e-05
MUC1,6.244207e-05
STAC2,6.243125e-05
FOXC1,6.218975e-05
C1S,6.1029546e-05
SERPINA1,6.042833e-05
AQP5,5.706359e-05
EGFR,5.6836696e-05
RCN3,5.583883e-05
LFNG,5.3292548e-05
SFRP1,5.107986e-05
SCUBE3,5.1058076e-05
APOBEC3C,5.0492974e-05
MUC16,5.0026287e-05
ADIRF,4.9478655e-05
SCGB2A1,4.8960203e-05
MUC5B,4.7324047e-05
IFIT3,4.730195e-05
SIX3,4.5135075e-05
CD24,4.4615426e-05
MX1,4.3516404e-05
NPIPB15,4.204519e-05
IGFBP4,4.2026284e-05
CALD1,4.1903088e-05
PTX3,3.7574853e-05
CCND1,3.5227527e-05
C9orf152,3.28678e-05
COL6A1,3.06028e-05
VCAN,3.0483985e-05
GAS1,3.0482937e-05
LAMB1,3.0137802e-05
IFITM2,2.9905725e-05
CAV1,2.8945304e-05
FNDC1,2.7895197e-05
SERPINA5,2.7891485e-05
GPM6B,2.4794419e-05
ARMCX2,2.3722858e-05
CKMT1A,2.3633345e-05
NES,2.3503799e-05
LCP1,2.3153345e-05
SLC6A14,2.2335038e-05
CST3,2.1506848e-05
MAGEA6,2.0997082e-05
EMP1,2.0890204e-05
RHEX,2.0340503e-05
CXCL5,2.0160423e-05
FABP7,1.935988e-05
H2AC14,1.9223491e-05
TNC,1.8398996e-05
COL1A2,1.8013825e-05
H3C7,1.657762e-05
MXRA5,1.652318e-05
TGFBI,1.581028e-05
RNF128,1.5689631e-05
EFEMP1,1.5525186e-05
BEX3,1.4962186e-05
IFITM1,1.4789653e-05
ZG16B,1.4198785e-05
CLDN1,1.2483985e-05
JAG1,1.2470767e-05
PI15,1.1966048e-05
TTC6,1.1913593e-05
RBP7,1.1003012e-05
CALB2,1.0668582e-05
ANKRD30A,1.0507659e-05
FXYD6,1.009793e-05
SLC44A4,9.941661e-06
MYBPC1,9.582527e-06
PPP1R14C,9.564245e-06
HLA-B,9.069401e-06
B3GNT3,8.338056e-06
KLK7,7.742229e-06
MAP1B,5.8250334e-06
ANO1,4.4761136e-06
STC1,4.440298e-06
RFLNA,3.3812992e-06
CEACAM5,2.4743351e-06
CKMT1B,1.9520276e-06
VTCN1,0.0
TCN1,0.0
CTAG1B,0.0
IRX1,0.0
FKBP10,0.0
AC004556.3,0.0
AQP1,0.0
IL34,0.0
LOXL4,0.0
MALL,0.0
SYT8,0.0
ISLR,0.0
MAML2,0.0
CCN2,0.0
KIT,0.0
CFB,0.0
S100A2,0.0
BHLHE41,0.0
ROPN1B,0.0
SECTM1,0.0
TNNI2,0.0
MAGED4B,0.0
OAS1,0.0
CT83,0.0
CAMK2N1,0.0
GJB2,0.0
PRRX1,0.0
LYZ,0.0
