,AC005288.1,AC000120.1,OR7A10,AC006971.1,AC004408.1,IL7,ALG8,AC244669.2,AL512662.2,AC084024.3,CSF3,AC106774.5,AL136311.1,AL109920.1,AC087242.1,KCNU1,CASC8,AC108863.1,DUSP26,NUTM2E,AC020907.2,BICC1,AC242843.1,TAF4,PPIAL4C,AC243547.1,AC005342.2,AC036214.3,DDX11,AC011676.2,AC067930.2,NF1P12,ACER3,EDDM13,NBPF26,AP3M2,AC022039.1,TBX15,MUC19,CR589904.1,AIRE,AC024257.2,OR14I1,CYP7B1,BX119917.1,ANKRD20A11P,POTEA,NBPF10,UGT2B15,AC007406.3,ZNF705A,HFE,ACTR1B,AL513188.1,FAM240B,CPD,AC134349.1,CDR2,AK1,AL158050.1,SEPT14P1,RPS15A,CROCCP2,AL137789.1,GTPBP6,AC243772.3,AC093525.7,ANKRD30A,AC236972.4,GXYLT1,AC112187.1,AC109446.3,PPARA,BRD9P2,AC211433.1,AC010997.3,MN1,PHF1,AK6,ANKRD18A,ACOXL,AC008162.2,AC245047.8,SSX2,AC060234.2,TRIM49,CT45A1,BX248415.1,AC215219.1,AL669841.1,ABHD12B,AC005609.1,AC009963.1,AC114755.5,AC233724.13,FAM120C,IQCA1L,MUC20,SPDYE8P,MYT1,GTF2IP4,AK3,LINC00843,TUBBP5,C6orf141,OR4F15,BTNL3,OPN1LW,PPIAL4A,AC008740.2,AC107977.1,UBTFL1,AC002116.2,CDYL,AC092810.2,PIP5K1C,AF241726.2,AC233280.2,CU633980.1,FRG2KP,DPY19L2P2,ABCF2,AC142381.1,CCDC192,AC022239.3,ARPP21,AC233724.12,IGHG4,B3GNTL1,AL512310.12,RRN3P3,AC005632.1,AL662799.1,SPDYE15P,AC011997.1,MILR1,ADAMTS7P1,CU633904.1,AC095032.1,AKAP14,STAG3L3,CNTNAP2,AC105272.1,TRIM64EP,HERC2P4,AC008277.1,GOLGA6L3,CT45A10,AL137798.3,TCP10,CBWD2,ACRV1,AD000090.1,ACSL4,ARHGAP11A,CHCHD5,ALG1L13P,AC004951.1,AC091551.1,AJ271736.1,EEF2KMT,ANO1,NBPF5P,NBPF4,ALG1L9P,FAM213B,AP003037.1,AMOTL1,UNC93B6,AP000790.2,LINC01125,AC243919.1,AC004951.2,AC211486.1,AC093668.1,LRRC37A3,TEX28,SMG1P5,CASTOR2,HPGD,AC004160.1,OOSP1,ADAMTS7,AC136698.1,CRNDE,CT45A3,CCDC187,ARHGEF26,AC068385.1,TRIM48,CCDC138,AL359232.1,NPIPB15,PECAM1,MUC20P1,USP17L10,AC064853.1,AC104758.1,AC107398.2,AC022748.1,AC122133.1,AC022748.2,SPACA7,ANAPC1P1,AC109587.1,ANAPC15,ABL1,ARL11,ALG1L8P,ANKRD42,AC093893.1,AC002116.1,AP000550.4,PTEN,AP002495.1,AASDHPPT,FAM86B3P,AC008760.1,NSF,AKAIN1,AC007326.4,AC083906.5,NEB,AC008735.6,PGA3,ABCA2,AC026398.1,APELA,AC034228.3,PRAMEF1,MRGPRD,AC026786.1,ACSS2,CT45A5,NPIPB10P,FRG1,PPP1R12C,ANKRD30B,AC093838.1,AC103564.1,AC106788.2,AC004233.2,FRG1CP,AC025279.3,GOLGA6L4,uc_338,AL669831.3,UNC93B8,FBLN7,AC124312.1,PRAMEF11,MIR8078,SMG1P3,AC245033.1,OR4A16,DUSP8,FAM41C,AP000550.1,AC008132.1,SDHDP6,ATG5,PI4KA,PRAMEF17,AC108479.1,PGM5,OR10Q1,AC007326.5,GTF2H2C,AC099792.1,ABCC1,TRIM51GP,ARHGAP23,AC142384.1,AC133485.3,CDC27,AC005301.1,CCDC73,AC006453.1,FAM21EP,AGPAT5,SMG1P1,ZFAND4,DEFB131E,ASAP3,AC005392.3,AC244205.1,AC092375.3,RGPD5,AC098976.1,AC091132.6,KIFC1,IGKV3OR2-268,FOXD4L1,SMG1P6,CNTNAP3,AP000442.2,AGAP10P,AC245052.4,AC006435.2,ASAH2,AGAP14,AC099489.3,GPR179,SMG1P4,LRRC37A,TRIM49D1,FOXD4L3,CBWD1,FAM90A12P,OR7E85P,AC100756.2,DEFA1,AC108868.2,AC083899.1,AC009065.3,AC141257.2,FAM86B2,AC027612.1,AC136619.1,LIMS1,AC013268.3,ABCC6P1,FAM90A15P,NPIPA3,FAM21FP,ADGRF5P1,AC011476.1,AL645941.2,AC126755.5,FCAR,AC112229.3,ABCF1,LIMS1-AS1,KIR2DL1,EIF4A1P2,AC126603.1,AC022613.3,AC019322.1,AC100756.3,AC139495.1,AC009562.1,DEFB103B,AC134879.3,DEFB108C,FAM90A21P,FAM90A6P,FAM90A7P,RBMY1HP,RBMY2EP,RBMY2QP,SLC9B1P1,angle,mRECIST,TGI
S108099,,,3.0,1.0,,0.0,,4.0,1.0,1.0,,8.0,4.0,6.0,3.0,1.0,4.0,1.0,1.0,1.0,3.0,3.0,5.0,0.0,5.0,4.0,7.0,0.0,3.0,6.0,3.0,,,4.0,4.0,1.0,1.0,4.0,,,3.0,,,3.0,,,1.0,8.0,1.0,1.0,4.0,3.0,,5.0,,0.0,1.0,3.0,1.0,4.0,1.0,3.0,8.0,3.0,,5.0,4.0,0.0,2.0,,3.0,3.0,3.0,0.0,1.0,1.0,,0.0,0.0,,,0.0,,,3.0,,2.0,,1.0,6.0,1.0,1.0,,,,3.0,,0.0,1.0,0.0,1.0,0.0,3.0,1.0,4.0,5.0,3.0,4.0,4.0,3.0,5.0,,3.0,5.0,3.0,1.0,,0.0,,3.0,0.0,,3.0,1.0,1.0,1.0,,1.0,0.0,1.0,3.0,3.0,0.0,1.0,0.0,,3.0,0.0,4.0,,1.0,0.0,4.0,,3.0,,,2.0,8.0,1.0,,,3.0,,0.0,,1.0,1.0,,,4.0,,4.0,4.0,,0.0,,,,,,1.0,1.0,1.0,,0.0,4.0,3.0,1.0,1.0,1.0,,0.0,,1.0,2.0,1.0,5.0,5.0,,,1.0,1.0,,6.0,,1.0,1.0,,0.0,1.0,3.0,0.0,3.0,,,1.0,0.0,,,1.0,3.0,1.0,1.0,,,1.0,1.0,0.0,1.0,0.0,1.0,,4.0,,1.0,1.0,1.0,1.0,,,1.0,1.0,2.0,3.0,1.0,4.0,1.0,,,3.0,4.0,3.0,3.0,,1.0,,,,3.0,,0.0,3.0,1.0,,0.0,,5.0,0.0,,6.0,1.0,,3.0,3.0,,5.0,0.0,4.0,1.0,5.0,0.0,3.0,3.0,,4.0,,3.0,3.0,1.0,3.0,,1.0,,3.0,3.0,3.0,,,0.0,0.0,3.0,,3.0,,,,0.0,4.0,3.0,3.0,4.0,0.0,3.0,0.0,,3.0,0.0,1.0,,1.0,1.0,,3.0,1.0,3.0,1.0,3.0,1.0,,,,0.0,1.0,,1.0,0.0,0.0,3.0,0.0,,0.0,,0.0,0.0,3.0,0.0,0.0,1.0,0.0,0.0,0.0,0.0,0.0,0.0,0.0,0.0,0.0,0.0,0.0,0.0,22.62862968059744,SD,0.0444464573226519
S71208,4.0,,5.0,,4.0,12.0,4.0,5.0,4.0,12.0,4.0,7.0,11.0,,,12.0,12.0,12.0,12.0,4.0,8.0,4.0,0.0,8.0,0.0,0.0,,12.0,13.0,12.0,12.0,13.0,4.0,3.0,0.0,12.0,1.0,5.0,13.0,1.0,5.0,5.0,7.0,12.0,1.0,5.0,12.0,0.0,8.0,,0.0,9.0,3.0,9.0,4.0,4.0,,4.0,4.0,11.0,,6.0,1.0,7.0,1.0,0.0,4.0,5.0,0.0,5.0,5.0,0.0,4.0,7.0,,4.0,4.0,11.0,5.0,4.0,4.0,0.0,0.0,1.0,4.0,4.0,0.0,7.0,,5.0,5.0,4.0,0.0,0.0,7.0,1.0,,6.0,,8.0,,4.0,4.0,4.0,11.0,11.0,4.0,2.0,0.0,4.0,0.0,4.0,8.0,9.0,7.0,5.0,1.0,6.0,5.0,4.0,,,4.0,4.0,0.0,7.0,7.0,5.0,4.0,5.0,4.0,0.0,11.0,,8.0,0.0,5.0,0.0,5.0,1.0,,,5.0,4.0,0.0,8.0,0.0,0.0,1.0,,0.0,4.0,8.0,1.0,5.0,5.0,0.0,,6.0,,4.0,4.0,5.0,5.0,0.0,1.0,6.0,4.0,4.0,0.0,3.0,5.0,,,,4.0,0.0,0.0,,1.0,,0.0,5.0,5.0,0.0,0.0,0.0,6.0,3.0,4.0,4.0,5.0,5.0,4.0,6.0,0.0,8.0,5.0,9.0,5.0,,5.0,,6.0,6.0,4.0,4.0,,0.0,4.0,0.0,8.0,4.0,4.0,0.0,4.0,0.0,5.0,4.0,6.0,4.0,6.0,3.0,3.0,6.0,4.0,0.0,1.0,0.0,1.0,4.0,5.0,8.0,0.0,,1.0,3.0,6.0,3.0,3.0,,4.0,8.0,,0.0,3.0,1.0,0.0,0.0,3.0,1.0,6.0,0.0,5.0,4.0,3.0,1.0,4.0,4.0,5.0,,4.0,1.0,0.0,0.0,4.0,4.0,5.0,5.0,1.0,3.0,4.0,0.0,0.0,4.0,4.0,3.0,4.0,4.0,0.0,0.0,1.0,0.0,1.0,3.0,4.0,0.0,0.0,0.0,4.0,0.0,0.0,3.0,0.0,0.0,4.0,1.0,0.0,4.0,0.0,0.0,0.0,4.0,0.0,4.0,0.0,0.0,0.0,0.0,0.0,0.0,0.0,0.0,0.0,4.0,0.0,0.0,3.0,0.0,0.0,0.0,0.0,0.0,0.0,0.0,0.0,0.0,0.0,0.0,0.0,0.0,0.0,0.0,0.0,0.0,0.0,0.0,0.0,0.0,0.0,0.0,0.0,0.0,0.0,0.0,0.0,0.0,0.0,0.0,0.0,0.0,107.44413504830656,PR,0.5136315611860773
S100534,1.0,3.0,3.0,3.0,1.0,7.0,4.0,3.0,,3.0,1.0,0.0,7.0,4.0,5.0,3.0,7.0,3.0,3.0,,4.0,,0.0,5.0,0.0,5.0,5.0,7.0,6.0,5.0,5.0,6.0,4.0,3.0,3.0,3.0,3.0,3.0,6.0,5.0,4.0,3.0,5.0,7.0,4.0,4.0,3.0,5.0,,5.0,5.0,6.0,1.0,6.0,3.0,1.0,5.0,3.0,,7.0,3.0,0.0,1.0,5.0,4.0,0.0,4.0,,0.0,3.0,,0.0,3.0,5.0,3.0,,3.0,7.0,,3.0,5.0,4.0,4.0,4.0,,4.0,0.0,5.0,5.0,,3.0,3.0,,1.0,0.0,4.0,3.0,5.0,3.0,5.0,3.0,3.0,,,7.0,3.0,3.0,9.0,3.0,4.0,3.0,,4.0,6.0,5.0,3.0,4.0,5.0,4.0,4.0,3.0,3.0,4.0,0.0,1.0,3.0,0.0,0.0,4.0,0.0,3.0,0.0,7.0,0.0,4.0,0.0,,4.0,3.0,4.0,3.0,3.0,3.0,,0.0,4.0,0.0,0.0,1.0,4.0,5.0,6.0,4.0,4.0,,5.0,1.0,3.0,4.0,7.0,3.0,4.0,3.0,3.0,4.0,3.0,4.0,,4.0,4.0,1.0,,3.0,3.0,3.0,4.0,0.0,0.0,0.0,3.0,3.0,4.0,,,3.0,0.0,0.0,5.0,,4.0,3.0,3.0,3.0,3.0,5.0,0.0,4.0,,,,3.0,,3.0,4.0,5.0,4.0,,3.0,4.0,4.0,0.0,4.0,3.0,,4.0,6.0,1.0,3.0,0.0,4.0,3.0,5.0,3.0,3.0,4.0,,0.0,3.0,0.0,3.0,4.0,3.0,,0.0,,3.0,3.0,4.0,3.0,3.0,,0.0,5.0,,0.0,3.0,0.0,0.0,1.0,2.0,0.0,4.0,0.0,,4.0,,3.0,3.0,3.0,6.0,4.0,3.0,0.0,0.0,0.0,4.0,3.0,0.0,6.0,1.0,,0.0,1.0,0.0,3.0,3.0,,1.0,,,3.0,1.0,0.0,6.0,4.0,1.0,0.0,0.0,,0.0,0.0,0.0,0.0,0.0,0.0,4.0,1.0,0.0,1.0,,0.0,0.0,0.0,0.0,0.0,0.0,0.0,0.0,1.0,0.0,2.0,0.0,,0.0,0.0,0.0,0.0,1.0,0.0,0.0,0.0,0.0,0.0,0.0,0.0,0.0,0.0,0.0,0.0,0.0,0.0,0.0,0.0,0.0,0.0,0.0,,,2.0,0.0,,0.0,0.0,0.0,0.0,0.0,0.0,0.0,0.0,0.0,0.0,7.893696990449423,SD,0.1350545418926001
S53782,1.0,,,,1.0,3.0,3.0,,3.0,3.0,1.0,3.0,3.0,3.0,3.0,3.0,3.0,3.0,3.0,3.0,,3.0,0.0,3.0,0.0,0.0,3.0,3.0,3.0,3.0,3.0,3.0,3.0,1.0,,3.0,3.0,,3.0,3.0,,0.0,3.0,3.0,3.0,,3.0,0.0,3.0,3.0,3.0,3.0,0.0,3.0,0.0,2.0,3.0,3.0,,3.0,,,,3.0,3.0,0.0,2.0,,3.0,0.0,3.0,0.0,,3.0,0.0,3.0,,3.0,3.0,0.0,,3.0,3.0,3.0,1.0,3.0,3.0,3.0,3.0,,3.0,3.0,1.0,0.0,3.0,3.0,,3.0,0.0,3.0,0.0,3.0,1.0,,3.0,3.0,3.0,3.0,,,3.0,3.0,,3.0,3.0,,3.0,3.0,,,,,,3.0,,3.0,3.0,3.0,,3.0,0.0,,3.0,0.0,3.0,0.0,3.0,,,3.0,0.0,,,0.0,0.0,3.0,3.0,0.0,,3.0,0.0,3.0,,3.0,3.0,3.0,,,,,2.0,3.0,,,3.0,,3.0,3.0,3.0,0.0,0.0,3.0,,,,,0.0,1.0,0.0,3.0,,0.0,3.0,3.0,,3.0,,3.0,,,2.0,3.0,,0.0,3.0,0.0,3.0,3.0,3.0,3.0,,3.0,,3.0,3.0,3.0,,,3.0,3.0,0.0,,,3.0,0.0,3.0,,,,,,3.0,0.0,1.0,3.0,,3.0,3.0,3.0,,3.0,3.0,3.0,0.0,1.0,3.0,1.0,,,,1.0,2.0,3.0,0.0,0.0,3.0,,3.0,,0.0,,,0.0,3.0,,,,,,,3.0,,,0.0,,,,0.0,,0.0,,0.0,0.0,0.0,,,,1.0,0.0,1.0,0.0,1.0,,,,1.0,,2.0,3.0,1.0,3.0,0.0,,0.0,0.0,,0.0,0.0,2.0,0.0,0.0,0.0,0.0,0.0,0.0,0.0,0.0,0.0,0.0,0.0,0.0,1.0,0.0,0.0,2.0,0.0,0.0,0.0,0.0,1.0,0.0,0.0,0.0,0.0,0.0,0.0,0.0,0.0,0.0,0.0,0.0,0.0,0.0,0.0,0.0,0.0,0.0,0.0,0.0,0.0,0.0,0.0,0.0,0.0,0.0,0.0,0.0,0.0,0.0,0.0,0.0,30.438928791744623,SD,0.4793257298301566
REF022,,3.0,4.0,4.0,,11.0,5.0,3.0,,3.0,,0.0,7.0,4.0,3.0,3.0,11.0,3.0,3.0,,8.0,,0.0,5.0,0.0,0.0,3.0,11.0,5.0,11.0,11.0,3.0,5.0,0.0,3.0,3.0,3.0,3.0,3.0,6.0,4.0,3.0,6.0,11.0,,4.0,3.0,0.0,4.0,3.0,3.0,,,,,,3.0,1.0,3.0,7.0,4.0,5.0,,6.0,,0.0,9.0,9.0,0.0,3.0,3.0,0.0,3.0,1.0,0.0,,3.0,7.0,3.0,,,,,,1.0,5.0,0.0,6.0,3.0,9.0,4.0,,0.0,0.0,0.0,,3.0,4.0,4.0,5.0,4.0,,1.0,0.0,7.0,3.0,,3.0,3.0,1.0,0.0,0.0,8.0,,6.0,4.0,,4.0,4.0,4.0,3.0,3.0,4.0,,1.0,5.0,0.0,4.0,,4.0,1.0,1.0,7.0,0.0,3.0,,0.0,0.0,0.0,,4.0,3.0,0.0,0.0,0.0,3.0,3.0,0.0,,4.0,3.0,7.0,8.0,,0.0,3.0,1.0,4.0,3.0,1.0,3.0,5.0,3.0,3.0,5.0,,5.0,7.0,5.0,5.0,0.0,0.0,4.0,3.0,3.0,,0.0,3.0,0.0,4.0,4.0,0.0,3.0,,6.0,0.0,0.0,4.0,,3.0,3.0,4.0,6.0,,4.0,0.0,0.0,3.0,1.0,3.0,4.0,3.0,3.0,0.0,4.0,5.0,,3.0,5.0,5.0,4.0,8.0,3.0,,0.0,7.0,0.0,4.0,,3.0,3.0,4.0,0.0,,5.0,3.0,0.0,4.0,0.0,,5.0,3.0,5.0,0.0,1.0,4.0,,3.0,,,1.0,0.0,5.0,1.0,0.0,5.0,,1.0,1.0,0.0,,3.0,1.0,,3.0,,,3.0,3.0,,4.0,3.0,,0.0,0.0,3.0,3.0,0.0,,1.0,,,,0.0,,3.0,,1.0,0.0,0.0,1.0,0.0,0.0,,,1.0,1.0,0.0,0.0,,0.0,0.0,0.0,0.0,0.0,3.0,0.0,0.0,,0.0,0.0,0.0,,1.0,,0.0,0.0,0.0,0.0,0.0,0.0,0.0,1.0,0.0,0.0,0.0,0.0,0.0,0.0,0.0,1.0,0.0,0.0,0.0,0.0,0.0,0.0,0.0,0.0,0.0,0.0,,0.0,0.0,0.0,0.0,0.0,0.0,0.0,0.0,0.0,0.0,0.0,0.0,0.0,0.0,0.0,0.0,0.0,0.0,0.0,159.11238355250174,CR,0.9530442309139724
REF048,1.0,,5.0,,1.0,7.0,3.0,4.0,4.0,3.0,1.0,36.0,3.0,5.0,,3.0,7.0,3.0,3.0,4.0,,,4.0,3.0,4.0,4.0,,7.0,,7.0,7.0,,3.0,1.0,4.0,3.0,6.0,4.0,,4.0,1.0,,4.0,7.0,,1.0,3.0,4.0,,,,0.0,,0.0,3.0,1.0,,3.0,,3.0,,0.0,,4.0,,4.0,3.0,5.0,,,,0.0,3.0,3.0,5.0,4.0,3.0,3.0,,3.0,,,,,,3.0,,4.0,,5.0,,,,,5.0,,,1.0,5.0,3.0,5.0,3.0,,,3.0,3.0,,,4.0,3.0,3.0,3.0,,0.0,4.0,,,1.0,1.0,3.0,,,3.0,,6.0,,5.0,,4.0,,3.0,3.0,3.0,5.0,,4.0,0.0,1.0,4.0,,5.0,,4.0,3.0,3.0,,0.0,,,1.0,,11.0,,,1.0,,6.0,,0.0,,3.0,3.0,4.0,4.0,3.0,,3.0,3.0,3.0,3.0,,0.0,,5.0,,4.0,,3.0,5.0,,,3.0,0.0,0.0,3.0,,,5.0,1.0,3.0,,,3.0,4.0,1.0,,,0.0,,0.0,,0.0,2.0,4.0,,3.0,,2.0,3.0,3.0,,,3.0,4.0,3.0,0.0,6.0,5.0,1.0,,3.0,,,1.0,3.0,,,,,,3.0,,3.0,,3.0,,1.0,,,,3.0,3.0,3.0,3.0,0.0,5.0,,,,1.0,,5.0,3.0,0.0,3.0,1.0,,3.0,3.0,0.0,5.0,3.0,,4.0,,3.0,3.0,,4.0,0.0,1.0,1.0,3.0,3.0,1.0,3.0,1.0,4.0,,7.0,3.0,,6.0,,,4.0,3.0,,,1.0,0.0,4.0,,3.0,3.0,3.0,,0.0,4.0,,,3.0,1.0,3.0,1.0,3.0,,3.0,6.0,,1.0,7.0,,4.0,0.0,3.0,6.0,,0.0,,,0.0,7.0,0.0,,,0.0,0.0,0.0,0.0,,0.0,,0.0,0.0,1.0,1.0,1.0,1.0,,1.0,,0.0,,,,,0.0,0.0,0.0,0.0,0.3650211359130623,PD,0.0382032697756502
INSB014,0.0,3.0,4.0,4.0,0.0,4.0,3.0,3.0,,4.0,0.0,0.0,4.0,0.0,6.0,4.0,7.0,4.0,4.0,,5.0,,10.0,3.0,0.0,8.0,6.0,4.0,4.0,14.0,14.0,,3.0,5.0,3.0,4.0,7.0,3.0,4.0,5.0,4.0,,5.0,4.0,5.0,4.0,4.0,0.0,,6.0,6.0,7.0,1.0,7.0,,0.0,6.0,,1.0,4.0,0.0,,1.0,5.0,5.0,6.0,,5.0,0.0,,13.0,6.0,,3.0,0.0,,,4.0,1.0,,0.0,0.0,5.0,5.0,,3.0,0.0,0.0,6.0,5.0,,4.0,0.0,1.0,0.0,5.0,3.0,3.0,0.0,3.0,0.0,,,1.0,4.0,0.0,4.0,0.0,3.0,,0.0,,5.0,0.0,5.0,4.0,5.0,3.0,4.0,,3.0,3.0,,4.0,6.0,3.0,0.0,,4.0,,,,4.0,0.0,,4.0,0.0,4.0,3.0,5.0,0.0,3.0,3.0,,,,0.0,0.0,1.0,8.0,1.0,,5.0,5.0,,1.0,6.0,4.0,5.0,1.0,4.0,3.0,3.0,3.0,3.0,1.0,3.0,,3.0,0.0,1.0,0.0,4.0,0.0,3.0,4.0,0.0,0.0,0.0,,4.0,0.0,0.0,0.0,,0.0,1.0,3.0,4.0,0.0,,,,4.0,3.0,0.0,,0.0,,0.0,4.0,0.0,,0.0,,3.0,1.0,,3.0,3.0,,5.0,0.0,0.0,3.0,,6.0,4.0,0.0,5.0,,,1.0,5.0,3.0,1.0,4.0,,4.0,1.0,3.0,0.0,3.0,0.0,,,5.0,5.0,1.0,1.0,,0.0,3.0,,0.0,1.0,1.0,3.0,0.0,0.0,1.0,5.0,,0.0,4.0,,1.0,,,1.0,0.0,,1.0,,1.0,4.0,,1.0,6.0,4.0,4.0,0.0,3.0,,0.0,0.0,4.0,,,5.0,,,6.0,1.0,1.0,,,0.0,,0.0,0.0,0.0,1.0,0.0,,4.0,,0.0,3.0,,,4.0,0.0,,0.0,3.0,1.0,,0.0,0.0,0.0,5.0,0.0,0.0,0.0,0.0,0.0,1.0,0.0,0.0,0.0,,0.0,0.0,,1.0,0.0,0.0,0.0,0.0,0.0,0.0,0.0,0.0,0.0,0.0,0.0,0.0,0.0,0.0,0.0,0.0,0.0,0.0,0.0,0.0,0.0,0.0,0.0,0.0,0.0,3.654662029825551,PD,0.6697634570455688
REF009,,6.0,,7.0,,3.0,4.0,3.0,,3.0,,0.0,5.0,3.0,3.0,3.0,12.0,3.0,3.0,,3.0,,10.0,5.0,8.0,10.0,,3.0,3.0,12.0,12.0,3.0,4.0,0.0,3.0,3.0,3.0,3.0,3.0,8.0,4.0,6.0,8.0,3.0,5.0,4.0,3.0,10.0,3.0,,,5.0,3.0,5.0,1.0,,,0.0,17.0,5.0,5.0,0.0,3.0,8.0,0.0,8.0,,,0.0,6.0,3.0,0.0,,1.0,0.0,,,1.0,1.0,1.0,0.0,0.0,,,,0.0,0.0,8.0,,7.0,3.0,6.0,0.0,0.0,0.0,,0.0,0.0,0.0,5.0,0.0,1.0,,3.0,5.0,,6.0,5.0,3.0,0.0,,0.0,6.0,5.0,8.0,,0.0,6.0,4.0,3.0,1.0,2.0,3.0,6.0,3.0,3.0,0.0,3.0,,3.0,0.0,1.0,1.0,0.0,3.0,,0.0,4.0,3.0,5.0,1.0,,3.0,0.0,3.0,3.0,0.0,0.0,3.0,5.0,,3.0,3.0,5.0,1.0,,3.0,0.0,0.0,4.0,1.0,4.0,3.0,3.0,4.0,,4.0,3.0,4.0,4.0,3.0,0.0,7.0,0.0,0.0,,0.0,0.0,0.0,0.0,7.0,4.0,0.0,0.0,1.0,0.0,0.0,8.0,3.0,0.0,0.0,3.0,1.0,,6.0,1.0,0.0,0.0,1.0,0.0,7.0,0.0,3.0,5.0,0.0,4.0,1.0,6.0,4.0,,3.0,6.0,,,4.0,3.0,3.0,,,3.0,,6.0,3.0,0.0,4.0,3.0,6.0,0.0,6.0,0.0,4.0,,5.0,0.0,1.0,0.0,0.0,3.0,,,0.0,0.0,5.0,1.0,0.0,3.0,0.0,1.0,0.0,2.0,0.0,3.0,0.0,1.0,,0.0,,,,3.0,3.0,,0.0,5.0,0.0,4.0,,1.0,3.0,0.0,3.0,,5.0,3.0,,,3.0,5.0,,0.0,0.0,,3.0,3.0,1.0,5.0,0.0,0.0,1.0,,0.0,4.0,,0.0,1.0,4.0,,0.0,,,,1.0,,0.0,,0.0,0.0,1.0,0.0,1.0,2.0,0.0,0.0,0.0,0.0,0.0,3.0,3.0,0.0,0.0,0.0,0.0,0.0,0.0,,0.0,0.0,0.0,0.0,0.0,0.0,0.0,0.0,0.0,0.0,0.0,0.0,3.0,0.0,1.0,0.0,0.0,0.0,0.0,0.0,0.0,0.0,0.0,0.0,0.0,0.0,152.1655896544585,CR,0.761787276816408
S38807,3.0,,3.0,6.0,3.0,6.0,,4.0,5.0,3.0,3.0,0.0,7.0,4.0,5.0,3.0,4.0,3.0,3.0,0.0,4.0,5.0,11.0,4.0,0.0,10.0,5.0,6.0,6.0,4.0,4.0,4.0,,4.0,4.0,3.0,3.0,4.0,4.0,3.0,5.0,,3.0,6.0,1.0,5.0,1.0,0.0,,5.0,5.0,11.0,4.0,8.0,5.0,3.0,5.0,0.0,1.0,7.0,,,4.0,3.0,1.0,0.0,1.0,8.0,1.0,5.0,,0.0,,1.0,0.0,5.0,,7.0,0.0,5.0,0.0,0.0,4.0,4.0,1.0,,1.0,7.0,5.0,8.0,,,0.0,0.0,0.0,4.0,,0.0,0.0,4.0,0.0,0.0,1.0,1.0,7.0,3.0,,1.0,0.0,0.0,3.0,,4.0,5.0,3.0,3.0,1.0,5.0,5.0,1.0,,,1.0,,3.0,,0.0,,3.0,,0.0,2.0,7.0,0.0,3.0,3.0,,5.0,4.0,1.0,0.0,,4.0,,1.0,3.0,0.0,0.0,4.0,4.0,3.0,,4.0,1.0,,3.0,3.0,1.0,4.0,1.0,1.0,,4.0,4.0,,3.0,,,,,0.0,,1.0,0.0,,3.0,1.0,1.0,0.0,0.0,1.0,,,,5.0,0.0,1.0,5.0,3.0,,0.0,,3.0,3.0,5.0,,3.0,,,,6.0,,3.0,3.0,,,1.0,3.0,,,0.0,4.0,,1.0,,,3.0,3.0,3.0,4.0,,5.0,3.0,4.0,,1.0,,0.0,,3.0,,,4.0,0.0,1.0,0.0,4.0,4.0,3.0,3.0,1.0,1.0,4.0,1.0,0.0,3.0,3.0,,0.0,1.0,0.0,4.0,0.0,,,0.0,3.0,,,4.0,4.0,,0.0,0.0,1.0,,,0.0,4.0,0.0,3.0,3.0,1.0,1.0,3.0,1.0,3.0,0.0,1.0,1.0,0.0,,3.0,4.0,4.0,0.0,0.0,0.0,,3.0,0.0,0.0,3.0,1.0,0.0,,0.0,0.0,3.0,1.0,0.0,1.0,3.0,0.0,3.0,0.0,0.0,0.0,0.0,,1.0,1.0,0.0,0.0,1.0,1.0,0.0,0.0,0.0,0.0,0.0,0.0,0.0,0.0,0.0,0.0,0.0,0.0,0.0,0.0,0.0,0.0,0.0,0.0,0.0,0.0,0.0,0.0,0.0,0.0,0.0,0.0,0.0,0.0,0.0,0.0,0.0,0.0,0.0,0.0,0.0,153.13802827706584,CR,0.9904260593733852
S70620,1.0,3.0,,3.0,1.0,12.0,3.0,64.0,0.0,23.0,1.0,0.0,6.0,3.0,36.0,0.0,12.0,23.0,0.0,23.0,4.0,,1.0,5.0,1.0,1.0,10.0,12.0,3.0,12.0,12.0,4.0,3.0,0.0,18.0,,11.0,0.0,4.0,6.0,5.0,4.0,6.0,12.0,3.0,5.0,,1.0,4.0,3.0,0.0,6.0,1.0,6.0,5.0,,6.0,1.0,3.0,6.0,3.0,0.0,3.0,6.0,3.0,1.0,4.0,10.0,0.0,4.0,,0.0,5.0,6.0,0.0,9.0,5.0,0.0,,5.0,,3.0,3.0,3.0,1.0,3.0,3.0,6.0,3.0,10.0,3.0,1.0,0.0,0.0,0.0,3.0,3.0,3.0,0.0,5.0,0.0,5.0,1.0,0.0,6.0,1.0,1.0,3.0,3.0,1.0,0.0,3.0,4.0,6.0,6.0,,3.0,3.0,5.0,1.0,3.0,3.0,1.0,1.0,7.0,7.0,0.0,3.0,,3.0,1.0,1.0,6.0,0.0,1.0,0.0,1.0,5.0,0.0,3.0,3.0,3.0,0.0,3.0,1.0,1.0,1.0,0.0,3.0,3.0,1.0,3.0,4.0,3.0,1.0,1.0,7.0,3.0,6.0,,3.0,3.0,0.0,0.0,3.0,4.0,3.0,3.0,3.0,0.0,1.0,1.0,3.0,3.0,3.0,,0.0,1.0,0.0,4.0,3.0,1.0,1.0,1.0,5.0,3.0,0.0,3.0,,1.0,1.0,3.0,5.0,0.0,3.0,0.0,1.0,1.0,5.0,1.0,3.0,1.0,1.0,3.0,3.0,3.0,3.0,1.0,3.0,3.0,4.0,4.0,5.0,0.0,3.0,3.0,7.0,,,5.0,5.0,3.0,1.0,3.0,3.0,3.0,1.0,4.0,1.0,4.0,3.0,4.0,5.0,3.0,1.0,4.0,3.0,0.0,1.0,1.0,1.0,0.0,5.0,1.0,1.0,1.0,0.0,6.0,,0.0,0.0,5.0,1.0,1.0,1.0,,4.0,5.0,0.0,3.0,3.0,5.0,0.0,0.0,0.0,1.0,5.0,0.0,3.0,1.0,,1.0,1.0,1.0,,,,3.0,0.0,5.0,1.0,0.0,0.0,3.0,4.0,3.0,1.0,0.0,5.0,1.0,0.0,0.0,1.0,1.0,0.0,1.0,0.0,0.0,,0.0,0.0,0.0,1.0,1.0,0.0,0.0,0.0,0.0,7.0,0.0,0.0,0.0,0.0,0.0,0.0,1.0,0.0,1.0,0.0,0.0,0.0,0.0,0.0,0.0,0.0,0.0,0.0,0.0,0.0,0.0,0.0,0.0,0.0,0.0,0.0,0.0,0.0,0.0,0.0,0.0,0.0,0.0,0.0,0.0,0.0,0.0,0.0,0.0,0.0,0.0,0.0,109.98963193590666,SD,0.5887099036482513
S72877,3.0,5.0,4.0,5.0,3.0,7.0,6.0,6.0,5.0,7.0,3.0,0.0,7.0,5.0,7.0,7.0,7.0,7.0,7.0,5.0,3.0,5.0,0.0,6.0,0.0,1.0,7.0,7.0,7.0,7.0,7.0,7.0,6.0,3.0,0.0,7.0,7.0,6.0,7.0,0.0,4.0,7.0,0.0,7.0,1.0,0.0,7.0,1.0,3.0,7.0,0.0,7.0,4.0,7.0,0.0,3.0,7.0,5.0,4.0,7.0,5.0,4.0,3.0,5.0,4.0,0.0,3.0,8.0,3.0,7.0,3.0,0.0,4.0,8.0,5.0,5.0,4.0,7.0,3.0,3.0,6.0,1.0,1.0,1.0,5.0,6.0,0.0,5.0,7.0,8.0,,3.0,6.0,4.0,0.0,1.0,5.0,4.0,5.0,6.0,5.0,3.0,0.0,5.0,7.0,4.0,3.0,3.0,0.0,0.0,0.0,0.0,3.0,7.0,5.0,4.0,1.0,4.0,0.0,4.0,5.0,5.0,4.0,0.0,3.0,3.0,0.0,,6.0,,0.0,0.0,7.0,5.0,10.0,0.0,4.0,0.0,0.0,1.0,5.0,5.0,0.0,0.0,4.0,5.0,4.0,0.0,3.0,5.0,5.0,5.0,3.0,1.0,4.0,5.0,0.0,5.0,,1.0,3.0,5.0,6.0,6.0,0.0,3.0,5.0,5.0,5.0,0.0,4.0,4.0,5.0,5.0,5.0,6.0,0.0,0.0,5.0,4.0,5.0,0.0,4.0,4.0,5.0,0.0,0.0,4.0,,,3.0,,5.0,6.0,4.0,0.0,3.0,4.0,3.0,4.0,5.0,4.0,5.0,6.0,4.0,6.0,4.0,5.0,5.0,6.0,0.0,3.0,0.0,5.0,0.0,5.0,0.0,4.0,0.0,,4.0,4.0,3.0,3.0,5.0,5.0,3.0,4.0,0.0,3.0,5.0,3.0,6.0,0.0,0.0,4.0,3.0,,3.0,3.0,0.0,3.0,6.0,0.0,0.0,3.0,0.0,0.0,3.0,0.0,3.0,,0.0,4.0,,,0.0,0.0,0.0,3.0,5.0,0.0,0.0,0.0,0.0,,4.0,3.0,7.0,,,3.0,0.0,0.0,6.0,3.0,,3.0,0.0,,0.0,1.0,0.0,3.0,3.0,3.0,0.0,3.0,0.0,0.0,0.0,0.0,3.0,0.0,0.0,,1.0,3.0,3.0,0.0,0.0,0.0,3.0,0.0,0.0,0.0,0.0,0.0,0.0,0.0,0.0,0.0,0.0,0.0,3.0,0.0,0.0,0.0,0.0,0.0,0.0,0.0,0.0,0.0,0.0,0.0,3.0,0.0,0.0,3.0,0.0,0.0,0.0,3.0,0.0,0.0,0.0,0.0,0.0,0.0,0.0,0.0,0.0,0.0,0.0,0.0,0.0,0.0,0.0,0.0,0.0,108.8718040383161,PR,0.7454871264998756
REF013,,3.0,4.0,3.0,,5.0,3.0,,,5.0,,0.0,40.0,3.0,3.0,5.0,5.0,5.0,5.0,,,,,3.0,0.0,7.0,3.0,5.0,3.0,5.0,5.0,3.0,3.0,3.0,,5.0,5.0,,3.0,5.0,,3.0,5.0,5.0,3.0,,5.0,0.0,3.0,3.0,3.0,5.0,3.0,5.0,,,3.0,1.0,1.0,14.0,3.0,1.0,,5.0,0.0,0.0,1.0,6.0,0.0,3.0,4.0,0.0,7.0,8.0,3.0,,3.0,0.0,0.0,,0.0,0.0,4.0,0.0,,3.0,3.0,5.0,3.0,6.0,3.0,1.0,,0.0,0.0,4.0,0.0,8.0,3.0,3.0,3.0,,,1.0,14.0,,1.0,6.0,,1.0,,0.0,,0.0,5.0,4.0,4.0,8.0,,1.0,3.0,5.0,1.0,1.0,5.0,7.0,0.0,3.0,4.0,3.0,1.0,1.0,5.0,3.0,3.0,4.0,,,,3.0,3.0,3.0,,0.0,1.0,3.0,,6.0,,3.0,3.0,,,3.0,,3.0,5.0,3.0,3.0,5.0,1.0,3.0,,,3.0,,3.0,,3.0,3.0,3.0,,3.0,3.0,3.0,4.0,0.0,1.0,3.0,3.0,3.0,3.0,,,3.0,0.0,1.0,8.0,,3.0,0.0,3.0,5.0,4.0,8.0,0.0,0.0,,1.0,,3.0,,3.0,4.0,3.0,3.0,1.0,3.0,3.0,3.0,3.0,,0.0,,3.0,,5.0,4.0,0.0,3.0,0.0,3.0,3.0,3.0,3.0,1.0,1.0,3.0,1.0,,3.0,4.0,3.0,0.0,1.0,3.0,3.0,3.0,3.0,3.0,1.0,1.0,3.0,1.0,,3.0,,1.0,0.0,0.0,,3.0,1.0,,3.0,0.0,,3.0,0.0,,3.0,0.0,,1.0,1.0,3.0,0.0,0.0,,0.0,0.0,,1.0,1.0,0.0,1.0,8.0,1.0,,1.0,1.0,,5.0,,,1.0,1.0,0.0,1.0,0.0,0.0,1.0,3.0,1.0,,3.0,,0.0,,,,1.0,,1.0,0.0,0.0,1.0,,0.0,0.0,0.0,1.0,1.0,0.0,1.0,1.0,5.0,0.0,0.0,0.0,0.0,1.0,0.0,0.0,,0.0,0.0,0.0,0.0,0.0,0.0,0.0,0.0,0.0,0.0,0.0,0.0,0.0,0.0,0.0,0.0,0.0,0.0,0.0,0.0,0.0,0.0,0.0,0.0,0.0,0.0,173.9362187554953,CR,0.9895758178818088
S67455,,7.0,1.0,1.0,,3.0,3.0,0.0,1.0,3.0,,0.0,3.0,,5.0,3.0,4.0,3.0,3.0,1.0,11.0,1.0,0.0,5.0,0.0,0.0,5.0,3.0,4.0,4.0,4.0,4.0,3.0,8.0,0.0,3.0,3.0,0.0,4.0,5.0,,3.0,5.0,3.0,1.0,,3.0,0.0,4.0,5.0,5.0,4.0,1.0,4.0,0.0,,5.0,1.0,,3.0,1.0,3.0,0.0,5.0,,5.0,1.0,6.0,,3.0,,2.0,3.0,4.0,1.0,1.0,3.0,3.0,0.0,3.0,1.0,0.0,0.0,0.0,0.0,3.0,1.0,5.0,5.0,6.0,3.0,1.0,1.0,1.0,0.0,11.0,0.0,3.0,1.0,5.0,1.0,3.0,0.0,0.0,3.0,3.0,1.0,,0.0,0.0,3.0,3.0,1.0,4.0,5.0,1.0,1.0,3.0,,,8.0,8.0,,1.0,,3.0,0.0,3.0,1.0,3.0,1.0,0.0,3.0,1.0,1.0,1.0,1.0,,4.0,1.0,1.0,8.0,0.0,3.0,,1.0,0.0,,0.0,,1.0,3.0,11.0,1.0,1.0,1.0,,1.0,3.0,,1.0,3.0,3.0,3.0,3.0,,3.0,3.0,3.0,3.0,1.0,1.0,1.0,1.0,0.0,1.0,,0.0,1.0,4.0,1.0,3.0,1.0,1.0,3.0,0.0,,3.0,7.0,3.0,1.0,3.0,3.0,1.0,3.0,1.0,1.0,1.0,1.0,1.0,1.0,1.0,3.0,0.0,3.0,3.0,,3.0,3.0,3.0,4.0,1.0,3.0,1.0,3.0,3.0,,1.0,1.0,4.0,3.0,3.0,1.0,8.0,3.0,,1.0,4.0,1.0,0.0,3.0,3.0,5.0,0.0,1.0,4.0,0.0,0.0,1.0,1.0,1.0,1.0,5.0,0.0,0.0,1.0,0.0,1.0,1.0,0.0,0.0,4.0,0.0,1.0,3.0,,,3.0,3.0,4.0,,3.0,0.0,1.0,,3.0,3.0,0.0,4.0,0.0,7.0,,3.0,,1.0,3.0,,1.0,0.0,1.0,1.0,4.0,,0.0,0.0,1.0,0.0,1.0,1.0,,0.0,0.0,1.0,0.0,0.0,3.0,0.0,0.0,,0.0,0.0,1.0,,0.0,0.0,0.0,0.0,0.0,0.0,1.0,0.0,1.0,1.0,0.0,1.0,0.0,0.0,1.0,0.0,1.0,1.0,0.0,0.0,0.0,0.0,0.0,0.0,0.0,0.0,0.0,1.0,0.0,1.0,0.0,0.0,0.0,0.0,0.0,0.0,0.0,0.0,0.0,0.0,0.0,0.0,0.0,0.0,0.0,0.0,0.0,0.0,64.06490949335246,CR,0.9780078592186412
REF007,1.0,4.0,,5.0,1.0,4.0,3.0,,1.0,4.0,1.0,0.0,3.0,40.0,4.0,4.0,4.0,4.0,4.0,1.0,6.0,1.0,0.0,4.0,0.0,5.0,4.0,4.0,5.0,4.0,4.0,,3.0,0.0,,4.0,4.0,,0.0,0.0,,3.0,4.0,4.0,3.0,0.0,4.0,0.0,,4.0,4.0,6.0,4.0,6.0,0.0,1.0,4.0,3.0,,3.0,5.0,1.0,,4.0,0.0,0.0,3.0,3.0,0.0,3.0,,,1.0,6.0,4.0,1.0,1.0,0.0,,0.0,5.0,3.0,0.0,0.0,5.0,3.0,0.0,4.0,4.0,3.0,,,0.0,0.0,0.0,0.0,4.0,3.0,0.0,4.0,0.0,,0.0,,3.0,6.0,,0.0,,0.0,0.0,3.0,6.0,6.0,4.0,,0.0,3.0,0.0,,4.0,4.0,,,,3.0,0.0,,,,0.0,0.0,0.0,0.0,3.0,,0.0,0.0,,3.0,5.0,4.0,,3.0,0.0,3.0,0.0,0.0,,,1.0,3.0,6.0,3.0,5.0,1.0,0.0,5.0,,1.0,0.0,3.0,,,3.0,,3.0,3.0,3.0,3.0,4.0,0.0,5.0,0.0,4.0,,0.0,0.0,0.0,,5.0,3.0,5.0,3.0,,0.0,,3.0,0.0,3.0,4.0,,3.0,,3.0,3.0,3.0,5.0,3.0,5.0,5.0,5.0,3.0,0.0,3.0,3.0,,3.0,3.0,3.0,,6.0,1.0,1.0,3.0,3.0,0.0,,,,1.0,3.0,1.0,5.0,3.0,,,,,,3.0,3.0,4.0,0.0,1.0,,5.0,,1.0,1.0,1.0,0.0,4.0,0.0,0.0,1.0,,3.0,4.0,5.0,,,0.0,3.0,3.0,0.0,,1.0,1.0,,9.0,1.0,,0.0,0.0,3.0,1.0,0.0,,0.0,0.0,1.0,0.0,0.0,,1.0,0.0,1.0,0.0,0.0,0.0,1.0,0.0,,6.0,1.0,0.0,0.0,3.0,1.0,0.0,0.0,1.0,0.0,0.0,3.0,1.0,0.0,1.0,1.0,0.0,0.0,1.0,0.0,1.0,3.0,0.0,0.0,0.0,3.0,5.0,0.0,0.0,0.0,0.0,0.0,0.0,0.0,0.0,0.0,3.0,1.0,0.0,0.0,0.0,0.0,0.0,0.0,0.0,0.0,0.0,0.0,0.0,0.0,0.0,0.0,0.0,0.0,0.0,0.0,0.0,0.0,0.0,0.0,0.0,0.0,0.0,0.0,0.0,0.0,0.0,167.99885759558688,CR,0.9906731790370172
REF052,4.0,0.0,0.0,,4.0,4.0,,,,3.0,4.0,13.0,,,,3.0,4.0,3.0,3.0,,,,,2.0,,,,4.0,,4.0,3.0,,,,,,0.0,,,,4.0,,,,1.0,,,5.0,1.0,0.0,,,,,0.0,,,4.0,,,,4.0,4.0,4.0,1.0,,,,6.0,,,3.0,0.0,,0.0,,0.0,,0.0,0.0,,1.0,1.0,1.0,,0.0,1.0,4.0,0.0,,,,,,,1.0,0.0,0.0,0.0,1.0,0.0,0.0,,,,4.0,4.0,6.0,,4.0,4.0,0.0,,,4.0,0.0,1.0,0.0,1.0,,0.0,0.0,,,0.0,0.0,,0.0,1.0,6.0,4.0,4.0,,0.0,,4.0,4.0,1.0,,1.0,0.0,,,0.0,1.0,,4.0,1.0,4.0,0.0,,0.0,,1.0,0.0,,0.0,,,1.0,,,,,,0.0,,0.0,,,,,,0.0,0.0,2.0,7.0,,0.0,,,,2.0,,,1.0,,2.0,,,,0.0,0.0,4.0,0.0,0.0,0.0,,0.0,2.0,,4.0,0.0,,0.0,,,,,0.0,,,0.0,,,0.0,0.0,0.0,0.0,,0.0,,,,,,,,,0.0,,6.0,,1.0,,0.0,,0.0,,,4.0,,,,,0.0,1.0,0.0,,0.0,0.0,,4.0,,,0.0,0.0,0.0,0.0,0.0,,0.0,0.0,,1.0,,0.0,0.0,,1.0,,1.0,1.0,1.0,4.0,0.0,,,,0.0,4.0,3.0,0.0,0.0,,,4.0,,0.0,0.0,0.0,,,,0.0,,3.0,0.0,,,3.0,,1.0,4.0,0.0,0.0,1.0,0.0,0.0,0.0,0.0,0.0,,,0.0,1.0,0.0,,3.0,,,,0.0,1.0,3.0,1.0,0.0,0.0,3.0,0.0,,0.0,,0.0,0.0,0.0,0.0,0.0,0.0,0.0,0.0,0.0,0.0,0.0,0.0,0.0,0.0,0.0,0.0,0.0,0.0,38.04172490574997,SD,0.43741245863573
S73471,,5.0,6.0,5.0,,6.0,3.0,7.0,3.0,6.0,,6.0,6.0,5.0,6.0,6.0,6.0,6.0,6.0,3.0,7.0,3.0,0.0,7.0,0.0,7.0,5.0,6.0,9.0,6.0,6.0,0.0,3.0,0.0,0.0,6.0,6.0,7.0,7.0,0.0,5.0,3.0,0.0,6.0,5.0,5.0,6.0,0.0,3.0,5.0,0.0,7.0,4.0,7.0,4.0,,6.0,3.0,3.0,6.0,5.0,3.0,,10.0,4.0,0.0,,7.0,6.0,3.0,3.0,0.0,3.0,6.0,5.0,3.0,3.0,6.0,3.0,4.0,3.0,5.0,5.0,5.0,1.0,0.0,5.0,10.0,5.0,7.0,,,5.0,4.0,6.0,5.0,5.0,3.0,5.0,7.0,5.0,4.0,1.0,3.0,6.0,3.0,,6.0,0.0,,0.0,3.0,7.0,7.0,10.0,,5.0,3.0,5.0,3.0,5.0,5.0,3.0,,5.0,3.0,6.0,,,,3.0,0.0,6.0,0.0,3.0,0.0,0.0,0.0,6.0,5.0,5.0,5.0,0.0,0.0,0.0,3.0,3.0,0.0,,5.0,1.0,3.0,7.0,5.0,3.0,1.0,5.0,5.0,,0.0,,3.0,0.0,8.0,0.0,,3.0,3.0,3.0,0.0,4.0,0.0,5.0,5.0,5.0,,0.0,1.0,0.0,6.0,5.0,0.0,3.0,2.0,0.0,0.0,0.0,3.0,,,,,6.0,3.0,3.0,0.0,3.0,3.0,3.0,3.0,5.0,3.0,3.0,4.0,3.0,3.0,3.0,3.0,3.0,3.0,0.0,7.0,3.0,3.0,0.0,3.0,0.0,6.0,0.0,,3.0,3.0,1.0,5.0,3.0,3.0,,6.0,,,3.0,3.0,7.0,0.0,1.0,6.0,5.0,,1.0,1.0,1.0,,7.0,0.0,0.0,1.0,,3.0,3.0,0.0,,,0.0,2.0,,,,3.0,3.0,,5.0,3.0,,0.0,3.0,,3.0,0.0,6.0,0.0,,0.0,0.0,0.0,3.0,3.0,,0.0,0.0,,0.0,0.0,0.0,,7.0,5.0,0.0,0.0,0.0,0.0,0.0,0.0,1.0,0.0,0.0,,0.0,7.0,,0.0,0.0,0.0,0.0,0.0,0.0,0.0,3.0,0.0,0.0,0.0,0.0,0.0,0.0,0.0,,0.0,0.0,0.0,0.0,0.0,0.0,0.0,0.0,0.0,0.0,0.0,0.0,0.0,0.0,0.0,0.0,0.0,0.0,0.0,0.0,0.0,0.0,0.0,0.0,0.0,0.0,0.0,0.0,0.0,0.0,0.0,0.0,0.0,0.0,0.0,0.0,16.398403825699354,SD,0.6311178417170791
REF047,,112.0,3.0,1.0,,5.0,,12.0,1.0,1.0,,,4.0,1.0,,1.0,5.0,1.0,1.0,1.0,0.0,22.0,3.0,6.0,3.0,3.0,,5.0,,5.0,3.0,15.0,,4.0,12.0,1.0,1.0,12.0,15.0,3.0,0.0,,3.0,5.0,4.0,0.0,1.0,3.0,,,,3.0,,3.0,1.0,,,0.0,3.0,4.0,1.0,0.0,,3.0,,3.0,0.0,0.0,4.0,15.0,1.0,0.0,3.0,,1.0,1.0,3.0,4.0,1.0,1.0,,4.0,4.0,4.0,1.0,,4.0,0.0,,0.0,1.0,1.0,,,,4.0,1.0,3.0,1.0,0.0,1.0,,1.0,3.0,4.0,,1.0,4.0,12.0,0.0,,,0.0,3.0,3.0,3.0,4.0,3.0,0.0,0.0,1.0,1.0,0.0,1.0,1.0,1.0,,1.0,,1.0,0.0,0.0,4.0,1.0,,,,0.0,,4.0,1.0,1.0,,,0.0,,,4.0,,1.0,,,0.0,4.0,,,1.0,1.0,1.0,4.0,0.0,,,,,,,,,,,,1.0,1.0,1.0,,4.0,0.0,1.0,,1.0,,,,,4.0,3.0,3.0,1.0,,,1.0,,,3.0,3.0,,,3.0,,1.0,,3.0,3.0,1.0,,3.0,3.0,,,,0.0,3.0,1.0,,,1.0,3.0,,4.0,3.0,3.0,,4.0,,3.0,1.0,,1.0,,,,1.0,4.0,0.0,,4.0,4.0,,,0.0,0.0,1.0,0.0,,1.0,,3.0,,,,4.0,0.0,,,1.0,,3.0,3.0,,1.0,3.0,,3.0,3.0,,3.0,1.0,,0.0,1.0,,0.0,0.0,,3.0,1.0,3.0,1.0,1.0,0.0,3.0,1.0,,1.0,3.0,0.0,,3.0,,0.0,3.0,,0.0,1.0,,3.0,0.0,,1.0,8.0,0.0,,0.0,,,3.0,,1.0,3.0,,1.0,,3.0,0.0,0.0,1.0,,0.0,,,0.0,1.0,0.0,3.0,3.0,0.0,0.0,0.0,0.0,,0.0,,0.0,0.0,,,,,1.0,,0.0,0.0,0.0,0.0,0.0,0.0,0.0,0.0,0.0,0.0,7.885199754425678,SD,0.5895050154810476
REF023,1.0,,4.0,,1.0,1.0,,3.0,1.0,1.0,1.0,0.0,4.0,4.0,5.0,1.0,4.0,1.0,1.0,1.0,3.0,1.0,5.0,3.0,5.0,5.0,5.0,1.0,1.0,4.0,4.0,4.0,,3.0,3.0,1.0,0.0,3.0,4.0,5.0,,,5.0,1.0,3.0,,1.0,5.0,4.0,0.0,5.0,5.0,0.0,5.0,4.0,1.0,5.0,5.0,4.0,4.0,,5.0,0.0,5.0,0.0,5.0,3.0,4.0,3.0,,1.0,4.0,15.0,6.0,,1.0,3.0,4.0,0.0,4.0,0.0,3.0,3.0,3.0,1.0,,3.0,5.0,0.0,4.0,1.0,1.0,0.0,0.0,0.0,3.0,,0.0,,3.0,,4.0,1.0,0.0,4.0,3.0,1.0,3.0,3.0,0.0,3.0,,3.0,5.0,5.0,,3.0,6.0,,5.0,,,5.0,1.0,0.0,,0.0,1.0,1.0,1.0,0.0,4.0,4.0,,1.0,1.0,3.0,,3.0,3.0,,,3.0,,5.0,3.0,0.0,3.0,0.0,4.0,1.0,,3.0,3.0,1.0,1.0,0.0,,3.0,3.0,3.0,,3.0,3.0,,0.0,,,,,0.0,0.0,,,,1.0,3.0,0.0,,1.0,,,0.0,,4.0,3.0,0.0,9.0,1.0,,0.0,1.0,0.0,1.0,6.0,1.0,1.0,0.0,1.0,3.0,,3.0,1.0,3.0,,,4.0,1.0,,,1.0,3.0,0.0,1.0,,,0.0,,1.0,4.0,0.0,7.0,3.0,3.0,,3.0,1.0,1.0,1.0,0.0,,,3.0,3.0,3.0,1.0,3.0,4.0,1.0,1.0,0.0,0.0,3.0,0.0,0.0,3.0,0.0,1.0,0.0,1.0,0.0,4.0,0.0,,,1.0,0.0,3.0,0.0,3.0,4.0,0.0,0.0,,4.0,,3.0,0.0,3.0,,1.0,1.0,5.0,5.0,1.0,,1.0,,1.0,0.0,0.0,1.0,0.0,0.0,3.0,,0.0,0.0,1.0,1.0,0.0,0.0,1.0,0.0,4.0,,1.0,0.0,1.0,1.0,1.0,0.0,1.0,0.0,1.0,,0.0,4.0,0.0,1.0,1.0,0.0,0.0,0.0,0.0,0.0,0.0,0.0,0.0,0.0,0.0,5.0,0.0,0.0,1.0,0.0,0.0,0.0,0.0,0.0,0.0,0.0,0.0,0.0,0.0,1.0,0.0,0.0,0.0,0.0,0.0,0.0,0.0,0.0,0.0,0.0,0.0,0.0,0.0,0.0,0.0,168.2283671679785,CR,0.9986285629813552
S66817,1.0,5.0,3.0,5.0,1.0,6.0,3.0,5.0,14.0,6.0,1.0,4.0,6.0,6.0,7.0,6.0,6.0,6.0,6.0,14.0,6.0,14.0,0.0,5.0,0.0,0.0,7.0,6.0,8.0,6.0,6.0,,3.0,0.0,5.0,6.0,6.0,5.0,8.0,0.0,3.0,8.0,9.0,6.0,5.0,0.0,6.0,0.0,3.0,7.0,7.0,6.0,3.0,6.0,5.0,1.0,7.0,6.0,5.0,6.0,5.0,0.0,5.0,0.0,5.0,0.0,4.0,9.0,5.0,8.0,6.0,0.0,3.0,4.0,5.0,14.0,3.0,0.0,6.0,5.0,4.0,5.0,5.0,5.0,11.0,3.0,0.0,9.0,7.0,9.0,6.0,5.0,1.0,0.0,4.0,5.0,3.0,6.0,5.0,5.0,0.0,5.0,11.0,5.0,6.0,6.0,5.0,5.0,5.0,4.0,6.0,4.0,6.0,6.0,9.0,3.0,5.0,6.0,0.0,5.0,5.0,3.0,5.0,5.0,5.0,6.0,4.0,6.0,5.0,0.0,0.0,4.0,6.0,0.0,3.0,5.0,0.0,0.0,0.0,5.0,5.0,3.0,0.0,4.0,0.0,3.0,0.0,0.0,5.0,6.0,0.0,4.0,6.0,5.0,6.0,4.0,0.0,5.0,6.0,4.0,4.0,3.0,5.0,5.0,3.0,3.0,3.0,4.0,3.0,0.0,0.0,0.0,5.0,5.0,5.0,5.0,0.0,4.0,0.0,4.0,5.0,0.0,6.0,4.0,3.0,0.0,0.0,6.0,3.0,,3.0,6.0,3.0,5.0,6.0,0.0,3.0,6.0,4.0,6.0,5.0,6.0,1.0,3.0,6.0,3.0,5.0,1.0,3.0,3.0,3.0,6.0,3.0,0.0,0.0,4.0,0.0,3.0,5.0,6.0,3.0,6.0,0.0,6.0,3.0,5.0,5.0,0.0,5.0,3.0,3.0,8.0,5.0,0.0,3.0,4.0,6.0,6.0,,,3.0,4.0,5.0,0.0,0.0,6.0,3.0,4.0,1.0,4.0,0.0,6.0,4.0,4.0,,3.0,3.0,3.0,3.0,5.0,6.0,3.0,0.0,0.0,5.0,,3.0,0.0,5.0,0.0,3.0,1.0,0.0,0.0,5.0,3.0,3.0,1.0,0.0,3.0,0.0,6.0,0.0,5.0,6.0,1.0,0.0,0.0,0.0,1.0,0.0,0.0,,0.0,0.0,,6.0,0.0,3.0,0.0,0.0,0.0,1.0,0.0,0.0,0.0,0.0,0.0,0.0,0.0,0.0,0.0,0.0,0.0,0.0,0.0,0.0,0.0,0.0,1.0,3.0,0.0,0.0,0.0,0.0,0.0,0.0,0.0,0.0,0.0,0.0,0.0,0.0,0.0,0.0,0.0,0.0,0.0,0.0,0.0,0.0,0.0,0.0,0.0,0.0,0.0,0.0,0.0,0.0,0.0,0.0,-0.8873579080989225,PR,-0.2013305855268865
REF044,1.0,1.0,1.0,4.0,1.0,1.0,,3.0,1.0,1.0,1.0,3.0,,,4.0,1.0,1.0,1.0,1.0,1.0,3.0,3.0,10.0,6.0,20.0,9.0,4.0,1.0,4.0,1.0,1.0,1.0,,4.0,3.0,12.0,0.0,3.0,1.0,3.0,,1.0,3.0,1.0,3.0,4.0,1.0,9.0,19.0,4.0,4.0,1.0,1.0,1.0,4.0,1.0,4.0,1.0,3.0,,1.0,1.0,3.0,3.0,1.0,9.0,1.0,4.0,3.0,1.0,1.0,1.0,1.0,3.0,1.0,1.0,1.0,,1.0,4.0,1.0,3.0,1.0,1.0,3.0,,3.0,3.0,4.0,4.0,,1.0,1.0,1.0,3.0,1.0,5.0,0.0,1.0,6.0,1.0,4.0,3.0,3.0,,1.0,1.0,3.0,3.0,1.0,1.0,,3.0,1.0,3.0,1.0,1.0,0.0,1.0,1.0,1.0,5.0,1.0,1.0,0.0,1.0,3.0,,1.0,,1.0,1.0,,1.0,1.0,1.0,1.0,1.0,3.0,3.0,1.0,5.0,3.0,,1.0,1.0,1.0,3.0,3.0,,1.0,,3.0,3.0,1.0,1.0,0.0,4.0,1.0,3.0,1.0,,3.0,3.0,,3.0,,,,,1.0,1.0,4.0,1.0,1.0,1.0,3.0,1.0,1.0,,4.0,,1.0,1.0,1.0,3.0,3.0,4.0,1.0,,1.0,,1.0,1.0,0.0,1.0,1.0,1.0,1.0,1.0,1.0,1.0,1.0,3.0,1.0,,3.0,1.0,,,,3.0,1.0,1.0,,,0.0,1.0,1.0,3.0,1.0,4.0,1.0,4.0,,3.0,1.0,,1.0,3.0,,1.0,1.0,3.0,1.0,,4.0,3.0,1.0,1.0,1.0,1.0,1.0,1.0,1.0,1.0,3.0,1.0,1.0,1.0,3.0,3.0,1.0,1.0,,1.0,3.0,1.0,1.0,3.0,,1.0,3.0,3.0,3.0,,1.0,1.0,3.0,1.0,1.0,1.0,1.0,1.0,1.0,1.0,1.0,3.0,3.0,0.0,1.0,3.0,0.0,3.0,3.0,3.0,1.0,1.0,1.0,1.0,0.0,3.0,1.0,1.0,4.0,,3.0,3.0,1.0,3.0,3.0,1.0,1.0,1.0,1.0,,3.0,4.0,0.0,1.0,1.0,0.0,1.0,3.0,1.0,1.0,0.0,1.0,1.0,1.0,1.0,1.0,0.0,1.0,3.0,3.0,0.0,0.0,1.0,0.0,1.0,0.0,1.0,0.0,0.0,1.0,1.0,1.0,1.0,1.0,1.0,0.0,0.0,0.0,0.0,0.0,0.0,0.0,0.0,0.0,0.0,5.299011213673311,SD,0.6295758828748261
INSB019,1.0,3.0,3.0,4.0,1.0,5.0,23.0,4.0,3.0,5.0,1.0,0.0,14.0,,3.0,5.0,5.0,5.0,5.0,3.0,3.0,3.0,0.0,6.0,0.0,0.0,3.0,5.0,4.0,5.0,5.0,4.0,11.0,0.0,0.0,5.0,5.0,4.0,4.0,0.0,3.0,4.0,0.0,5.0,1.0,3.0,5.0,0.0,3.0,3.0,0.0,4.0,3.0,4.0,0.0,1.0,3.0,3.0,4.0,14.0,4.0,0.0,3.0,5.0,1.0,0.0,3.0,3.0,1.0,4.0,6.0,0.0,3.0,7.0,0.0,3.0,3.0,3.0,6.0,1.0,0.0,1.0,0.0,0.0,3.0,1.0,1.0,5.0,3.0,3.0,,6.0,1.0,0.0,0.0,1.0,3.0,3.0,0.0,6.0,0.0,1.0,3.0,4.0,3.0,4.0,6.0,1.0,0.0,3.0,0.0,1.0,3.0,4.0,5.0,3.0,1.0,3.0,3.0,3.0,3.0,3.0,3.0,6.0,3.0,5.0,0.0,,3.0,,0.0,3.0,3.0,0.0,3.0,0.0,3.0,3.0,3.0,1.0,4.0,3.0,0.0,1.0,0.0,3.0,0.0,0.0,3.0,,0.0,1.0,3.0,1.0,3.0,5.0,0.0,4.0,3.0,0.0,3.0,12.0,0.0,3.0,0.0,3.0,,1.0,12.0,,3.0,3.0,4.0,3.0,3.0,3.0,0.0,0.0,0.0,3.0,4.0,,3.0,3.0,3.0,0.0,4.0,3.0,3.0,,3.0,,3.0,3.0,3.0,3.0,3.0,3.0,3.0,3.0,4.0,3.0,1.0,3.0,3.0,11.0,4.0,1.0,,1.0,0.0,3.0,0.0,3.0,0.0,1.0,0.0,3.0,3.0,3.0,0.0,3.0,3.0,3.0,,4.0,6.0,3.0,6.0,3.0,,4.0,6.0,0.0,1.0,3.0,3.0,3.0,3.0,3.0,1.0,3.0,6.0,1.0,0.0,3.0,3.0,3.0,0.0,0.0,3.0,3.0,0.0,3.0,,3.0,3.0,3.0,0.0,3.0,,0.0,3.0,3.0,0.0,,3.0,0.0,3.0,1.0,3.0,1.0,0.0,0.0,3.0,0.0,3.0,0.0,3.0,1.0,0.0,0.0,0.0,3.0,3.0,3.0,0.0,0.0,3.0,1.0,0.0,,3.0,0.0,0.0,,0.0,0.0,1.0,3.0,0.0,0.0,1.0,0.0,0.0,1.0,0.0,0.0,0.0,3.0,0.0,0.0,0.0,0.0,3.0,0.0,0.0,0.0,0.0,1.0,,0.0,0.0,0.0,0.0,0.0,0.0,0.0,0.0,0.0,0.0,0.0,0.0,0.0,0.0,0.0,0.0,0.0,0.0,0.0,0.0,0.0,0.0,0.0,0.0,0.0,0.0,0.0,0.0,0.0,0.0,-0.0616576043235401,PD,-0.1907232697097809
REF037,3.0,6.0,3.0,5.0,3.0,5.0,,3.0,3.0,4.0,3.0,4.0,6.0,3.0,4.0,4.0,9.0,4.0,0.0,3.0,2.0,3.0,5.0,4.0,5.0,5.0,4.0,5.0,4.0,3.0,3.0,4.0,,1.0,3.0,0.0,0.0,3.0,4.0,5.0,1.0,4.0,5.0,5.0,,1.0,0.0,5.0,,4.0,4.0,1.0,5.0,1.0,1.0,,4.0,5.0,,3.0,3.0,1.0,9.0,5.0,,5.0,1.0,4.0,6.0,4.0,,16.0,,4.0,3.0,3.0,,3.0,,1.0,1.0,6.0,6.0,6.0,3.0,,6.0,5.0,4.0,4.0,1.0,,1.0,1.0,4.0,6.0,3.0,3.0,3.0,4.0,3.0,1.0,3.0,,7.0,1.0,,6.0,3.0,5.0,1.0,,2.0,1.0,5.0,3.0,4.0,3.0,1.0,5.0,3.0,3.0,5.0,,0.0,3.0,4.0,1.0,0.0,1.0,5.0,5.0,3.0,3.0,1.0,3.0,1.0,1.0,3.0,6.0,3.0,3.0,3.0,,,9.0,1.0,6.0,3.0,0.0,1.0,,2.0,6.0,0.0,1.0,0.0,5.0,0.0,6.0,1.0,,3.0,3.0,,0.0,,,,,5.0,1.0,5.0,3.0,3.0,3.0,6.0,5.0,3.0,,1.0,,1.0,1.0,1.0,6.0,,3.0,1.0,,1.0,1.0,1.0,3.0,3.0,2.0,1.0,1.0,2.0,1.0,5.0,1.0,0.0,3.0,1.0,,,0.0,,,,2.0,,3.0,,,0.0,3.0,0.0,3.0,,3.0,1.0,1.0,,,,,,3.0,,4.0,4.0,6.0,5.0,,1.0,3.0,1.0,1.0,5.0,1.0,4.0,5.0,1.0,1.0,3.0,2.0,1.0,0.0,3.0,3.0,5.0,1.0,,1.0,3.0,,,0.0,3.0,,3.0,3.0,,,,,3.0,8.0,1.0,0.0,,,3.0,,1.0,5.0,3.0,0.0,5.0,3.0,0.0,3.0,2.0,5.0,5.0,1.0,2.0,0.0,3.0,3.0,1.0,5.0,1.0,,3.0,0.0,0.0,3.0,3.0,3.0,0.0,5.0,0.0,,,1.0,0.0,2.0,0.0,0.0,1.0,3.0,0.0,,0.0,5.0,7.0,1.0,1.0,1.0,0.0,3.0,3.0,,0.0,0.0,,0.0,1.0,0.0,1.0,0.0,0.0,,0.0,0.0,0.0,,0.0,0.0,0.0,0.0,0.0,0.0,0.0,0.0,0.0,0.0,0.0,0.73722525266381,PD,0.2220812048438377
REF005,,4.0,5.0,5.0,,5.0,7.0,3.0,3.0,25.0,,,5.0,4.0,15.0,25.0,5.0,25.0,3.0,3.0,8.0,3.0,0.0,4.0,0.0,0.0,13.0,5.0,19.0,5.0,5.0,8.0,7.0,0.0,3.0,16.0,3.0,3.0,8.0,,6.0,3.0,,5.0,,0.0,5.0,0.0,3.0,13.0,0.0,5.0,6.0,5.0,5.0,,15.0,1.0,,5.0,5.0,4.0,3.0,8.0,3.0,0.0,4.0,4.0,0.0,3.0,1.0,0.0,4.0,,0.0,3.0,1.0,5.0,1.0,5.0,5.0,,8.0,8.0,,7.0,0.0,8.0,0.0,4.0,3.0,1.0,1.0,6.0,,8.0,4.0,4.0,0.0,4.0,0.0,5.0,,0.0,5.0,5.0,1.0,3.0,3.0,1.0,0.0,0.0,8.0,5.0,8.0,0.0,,4.0,0.0,1.0,4.0,4.0,1.0,1.0,3.0,,,0.0,4.0,0.0,1.0,1.0,5.0,0.0,3.0,4.0,0.0,0.0,3.0,,5.0,4.0,3.0,0.0,1.0,3.0,5.0,0.0,3.0,4.0,5.0,1.0,8.0,,1.0,5.0,0.0,5.0,3.0,1.0,3.0,9.0,3.0,3.0,0.0,3.0,0.0,12.0,0.0,0.0,6.0,0.0,5.0,4.0,4.0,4.0,0.0,1.0,0.0,4.0,5.0,0.0,0.0,0.0,1.0,0.0,,4.0,12.0,0.0,4.0,3.0,1.0,4.0,4.0,0.0,3.0,5.0,6.0,5.0,5.0,5.0,,5.0,4.0,7.0,,,0.0,7.0,0.0,8.0,0.0,3.0,0.0,1.0,0.0,5.0,4.0,9.0,0.0,4.0,0.0,2.0,0.0,,1.0,4.0,1.0,3.0,9.0,3.0,4.0,0.0,1.0,4.0,2.0,3.0,,,1.0,0.0,4.0,1.0,0.0,3.0,3.0,4.0,4.0,0.0,3.0,3.0,1.0,4.0,4.0,1.0,3.0,0.0,0.0,3.0,4.0,,3.0,0.0,0.0,4.0,,0.0,3.0,1.0,0.0,0.0,1.0,1.0,4.0,1.0,1.0,3.0,0.0,1.0,1.0,1.0,0.0,3.0,8.0,3.0,1.0,4.0,0.0,,0.0,0.0,,1.0,0.0,4.0,1.0,0.0,,0.0,0.0,0.0,0.0,1.0,0.0,0.0,0.0,0.0,0.0,0.0,0.0,0.0,1.0,0.0,0.0,1.0,0.0,0.0,0.0,0.0,0.0,0.0,0.0,0.0,0.0,0.0,0.0,0.0,0.0,0.0,0.0,0.0,0.0,0.0,0.0,0.0,0.0,0.0,0.0,0.0,0.0,0.0,0.0,0.0,0.0,0.0,0.0,0.0,0.0,0.0,0.0,68.60175296018963,PR,0.9774582264771388
REF004,,3.0,3.0,3.0,,,3.0,3.0,3.0,,,0.0,3.0,3.0,5.0,,,,,3.0,,3.0,0.0,4.0,0.0,0.0,5.0,,5.0,,,0.0,3.0,0.0,3.0,,,3.0,5.0,0.0,,5.0,0.0,,3.0,,,0.0,3.0,5.0,5.0,3.0,3.0,3.0,3.0,,5.0,0.0,3.0,3.0,3.0,0.0,3.0,4.0,3.0,0.0,3.0,,3.0,5.0,3.0,0.0,,3.0,3.0,3.0,,3.0,3.0,3.0,0.0,3.0,3.0,3.0,3.0,3.0,3.0,4.0,5.0,,3.0,3.0,0.0,0.0,0.0,3.0,3.0,3.0,3.0,4.0,3.0,3.0,0.0,0.0,3.0,,3.0,3.0,3.0,0.0,,0.0,,3.0,4.0,3.0,3.0,3.0,,0.0,3.0,3.0,0.0,3.0,0.0,3.0,0.0,3.0,3.0,3.0,0.0,0.0,3.0,3.0,3.0,0.0,,,3.0,3.0,3.0,3.0,3.0,0.0,0.0,3.0,,0.0,3.0,3.0,,3.0,,3.0,,,0.0,3.0,,3.0,,3.0,3.0,3.0,3.0,3.0,3.0,3.0,3.0,0.0,3.0,,3.0,3.0,3.0,3.0,3.0,0.0,3.0,3.0,3.0,0.0,,,,0.0,0.0,3.0,3.0,,0.0,3.0,3.0,3.0,3.0,0.0,3.0,,3.0,,3.0,,4.0,3.0,3.0,3.0,3.0,4.0,3.0,3.0,0.0,,,3.0,0.0,3.0,0.0,3.0,3.0,,,3.0,0.0,,3.0,3.0,3.0,3.0,3.0,3.0,3.0,5.0,4.0,0.0,0.0,3.0,,,,,0.0,0.0,4.0,0.0,,3.0,3.0,3.0,0.0,0.0,3.0,,0.0,,,3.0,3.0,,,3.0,3.0,,3.0,0.0,0.0,,,0.0,3.0,1.0,3.0,,0.0,0.0,3.0,,3.0,1.0,0.0,0.0,0.0,1.0,0.0,3.0,,1.0,0.0,0.0,0.0,,0.0,0.0,,0.0,0.0,,1.0,0.0,,3.0,0.0,0.0,,0.0,0.0,0.0,0.0,0.0,0.0,0.0,0.0,0.0,0.0,0.0,0.0,0.0,,0.0,0.0,0.0,0.0,0.0,0.0,0.0,0.0,0.0,0.0,0.0,0.0,0.0,0.0,0.0,0.0,0.0,4.0,0.0,,,0.0,0.0,,0.0,0.0,0.0,0.0,0.0,0.0,0.0,0.0,0.0,0.0,2.6327872428189933,PD,0.6263068970293431
REF034,1.0,3.0,3.0,6.0,1.0,5.0,3.0,,,5.0,1.0,0.0,3.0,,3.0,0.0,5.0,5.0,0.0,,7.0,,5.0,13.0,5.0,5.0,21.0,5.0,6.0,5.0,5.0,4.0,3.0,19.0,,5.0,0.0,,4.0,5.0,3.0,4.0,5.0,5.0,0.0,3.0,5.0,5.0,3.0,10.0,0.0,3.0,3.0,3.0,0.0,1.0,2.0,1.0,3.0,3.0,0.0,0.0,,5.0,0.0,5.0,4.0,10.0,0.0,4.0,1.0,0.0,,5.0,0.0,,,3.0,1.0,0.0,4.0,0.0,5.0,5.0,,3.0,6.0,5.0,0.0,0.0,,6.0,0.0,3.0,0.0,5.0,0.0,3.0,0.0,13.0,0.0,0.0,,3.0,3.0,4.0,6.0,5.0,,1.0,4.0,3.0,13.0,3.0,5.0,3.0,0.0,3.0,3.0,1.0,3.0,2.0,1.0,,0.0,3.0,0.0,,6.0,,1.0,1.0,3.0,0.0,3.0,6.0,3.0,3.0,,9.0,0.0,,0.0,3.0,1.0,3.0,0.0,6.0,,,3.0,3.0,7.0,0.0,4.0,3.0,0.0,0.0,0.0,5.0,0.0,3.0,,,3.0,,3.0,3.0,3.0,3.0,3.0,0.0,5.0,0.0,0.0,6.0,0.0,1.0,0.0,3.0,5.0,3.0,0.0,4.0,4.0,6.0,3.0,3.0,4.0,3.0,0.0,,3.0,6.0,3.0,0.0,3.0,0.0,0.0,6.0,6.0,6.0,1.0,3.0,3.0,3.0,3.0,1.0,3.0,3.0,3.0,4.0,0.0,,3.0,3.0,0.0,3.0,1.0,0.0,0.0,3.0,3.0,1.0,3.0,3.0,,3.0,,,3.0,4.0,3.0,6.0,1.0,3.0,1.0,0.0,3.0,3.0,1.0,0.0,0.0,1.0,4.0,3.0,,0.0,4.0,3.0,,0.0,1.0,0.0,3.0,4.0,,4.0,0.0,,,4.0,,1.0,3.0,3.0,4.0,1.0,,0.0,4.0,1.0,1.0,1.0,1.0,1.0,4.0,1.0,,0.0,1.0,,0.0,,,1.0,1.0,0.0,0.0,1.0,0.0,1.0,3.0,1.0,0.0,3.0,,0.0,1.0,,,,1.0,1.0,1.0,3.0,3.0,0.0,0.0,0.0,3.0,0.0,3.0,0.0,0.0,1.0,0.0,3.0,0.0,0.0,0.0,0.0,0.0,0.0,,3.0,0.0,0.0,0.0,0.0,0.0,0.0,0.0,0.0,0.0,0.0,1.0,,0.0,1.0,1.0,1.0,0.0,0.0,0.0,0.0,0.0,0.0,0.0,0.0,0.0,102.96366624484833,SD,0.4230427504302262
REF036,1.0,5.0,8.0,4.0,1.0,8.0,5.0,,5.0,8.0,1.0,3.0,6.0,4.0,3.0,8.0,8.0,8.0,,5.0,,5.0,0.0,5.0,0.0,6.0,3.0,8.0,6.0,8.0,8.0,6.0,5.0,0.0,0.0,8.0,,,6.0,6.0,7.0,6.0,6.0,8.0,5.0,7.0,8.0,0.0,,3.0,3.0,6.0,1.0,6.0,,1.0,3.0,6.0,,6.0,4.0,0.0,5.0,6.0,5.0,0.0,6.0,5.0,5.0,6.0,6.0,0.0,1.0,3.0,0.0,5.0,1.0,6.0,6.0,,0.0,5.0,5.0,5.0,1.0,0.0,5.0,6.0,3.0,5.0,5.0,5.0,2.0,1.0,3.0,5.0,4.0,4.0,0.0,5.0,0.0,,1.0,0.0,6.0,5.0,5.0,5.0,0.0,5.0,0.0,6.0,,6.0,6.0,2.0,5.0,4.0,7.0,5.0,6.0,4.0,0.0,5.0,1.0,,3.0,5.0,2.0,5.0,0.0,1.0,6.0,0.0,3.0,0.0,0.0,7.0,0.0,5.0,4.0,4.0,0.0,0.0,0.0,3.0,5.0,0.0,5.0,4.0,3.0,6.0,,5.0,5.0,3.0,0.0,0.0,,4.0,4.0,5.0,0.0,0.0,5.0,,5.0,6.0,5.0,0.0,1.0,0.0,0.0,3.0,0.0,2.0,0.0,4.0,0.0,,7.0,0.0,5.0,0.0,1.0,0.0,0.0,4.0,5.0,4.0,5.0,5.0,0.0,0.0,4.0,3.0,3.0,5.0,3.0,5.0,4.0,5.0,,0.0,4.0,5.0,,,5.0,5.0,,,1.0,5.0,5.0,6.0,0.0,2.0,,,1.0,4.0,3.0,5.0,5.0,,5.0,,5.0,6.0,5.0,6.0,5.0,0.0,3.0,,5.0,,3.0,3.0,3.0,0.0,5.0,3.0,0.0,3.0,0.0,3.0,0.0,4.0,0.0,,0.0,4.0,4.0,5.0,0.0,1.0,1.0,5.0,4.0,1.0,0.0,2.0,,4.0,1.0,0.0,,,5.0,0.0,0.0,0.0,,1.0,5.0,2.0,0.0,0.0,0.0,0.0,0.0,5.0,,2.0,1.0,0.0,3.0,1.0,0.0,0.0,3.0,0.0,0.0,4.0,0.0,,1.0,0.0,0.0,0.0,0.0,0.0,1.0,0.0,0.0,0.0,0.0,3.0,4.0,0.0,3.0,0.0,0.0,0.0,0.0,1.0,0.0,2.0,0.0,0.0,0.0,0.0,0.0,0.0,0.0,0.0,0.0,0.0,0.0,0.0,2.0,0.0,0.0,0.0,0.0,0.0,0.0,0.0,0.0,0.0,0.0,0.0,0.0,0.0,0.0,0.0,0.0,0.0,0.0,170.79276966207746,CR,0.9830347317041076
S100672,1.0,4.0,,3.0,1.0,6.0,5.0,3.0,3.0,6.0,1.0,0.0,6.0,5.0,8.0,6.0,6.0,6.0,6.0,3.0,5.0,3.0,0.0,4.0,0.0,6.0,6.0,6.0,7.0,6.0,6.0,5.0,5.0,4.0,3.0,6.0,6.0,3.0,0.0,8.0,5.0,3.0,8.0,6.0,5.0,5.0,6.0,0.0,3.0,6.0,0.0,8.0,,8.0,7.0,,3.0,,4.0,6.0,3.0,6.0,3.0,0.0,5.0,0.0,6.0,6.0,5.0,3.0,3.0,5.0,4.0,10.0,0.0,3.0,4.0,6.0,3.0,7.0,6.0,5.0,5.0,5.0,4.0,5.0,5.0,8.0,6.0,6.0,6.0,4.0,6.0,0.0,0.0,5.0,4.0,5.0,3.0,4.0,0.0,7.0,4.0,4.0,6.0,6.0,4.0,5.0,3.0,0.0,0.0,0.0,5.0,8.0,8.0,,5.0,5.0,5.0,5.0,4.0,4.0,5.0,0.0,5.0,6.0,0.0,3.0,4.0,0.0,,5.0,6.0,0.0,4.0,0.0,0.0,0.0,3.0,5.0,3.0,4.0,3.0,0.0,0.0,4.0,0.0,5.0,3.0,5.0,3.0,3.0,5.0,5.0,0.0,3.0,5.0,3.0,5.0,5.0,5.0,6.0,3.0,3.0,0.0,3.0,6.0,6.0,6.0,0.0,,0.0,3.0,4.0,4.0,4.0,5.0,4.0,0.0,3.0,3.0,0.0,,2.0,5.0,5.0,4.0,5.0,3.0,0.0,4.0,3.0,5.0,3.0,5.0,1.0,4.0,,1.0,,3.0,,3.0,5.0,5.0,5.0,4.0,3.0,6.0,5.0,3.0,5.0,4.0,3.0,0.0,6.0,5.0,,3.0,5.0,4.0,5.0,3.0,4.0,6.0,4.0,4.0,3.0,4.0,3.0,6.0,3.0,4.0,0.0,,3.0,4.0,5.0,3.0,3.0,,0.0,4.0,,0.0,3.0,3.0,1.0,5.0,2.0,3.0,5.0,0.0,2.0,5.0,3.0,3.0,4.0,4.0,3.0,5.0,4.0,3.0,0.0,0.0,5.0,4.0,0.0,3.0,1.0,3.0,1.0,1.0,0.0,3.0,4.0,3.0,3.0,0.0,,,,0.0,3.0,5.0,3.0,0.0,4.0,1.0,1.0,0.0,0.0,3.0,,0.0,5.0,,0.0,,0.0,0.0,0.0,1.0,0.0,0.0,0.0,0.0,0.0,0.0,1.0,0.0,,,0.0,0.0,0.0,0.0,,0.0,0.0,3.0,0.0,0.0,0.0,0.0,0.0,0.0,0.0,0.0,0.0,0.0,0.0,0.0,0.0,0.0,0.0,0.0,0.0,0.0,0.0,0.0,0.0,0.0,0.0,0.0,0.0,0.0,0.0,0.0,0.0,0.0,155.66992908102443,PR,0.4171527297274257
S67990,,6.0,7.0,7.0,,10.0,5.0,5.0,3.0,10.0,,0.0,5.0,5.0,,10.0,10.0,10.0,10.0,3.0,8.0,3.0,0.0,5.0,0.0,0.0,,10.0,4.0,10.0,10.0,4.0,5.0,1.0,5.0,10.0,11.0,5.0,4.0,7.0,9.0,4.0,7.0,10.0,5.0,0.0,10.0,0.0,3.0,,,5.0,5.0,5.0,0.0,,,6.0,4.0,5.0,7.0,0.0,5.0,7.0,5.0,0.0,6.0,10.0,5.0,4.0,4.0,0.0,3.0,7.0,7.0,3.0,3.0,5.0,4.0,0.0,0.0,5.0,5.0,5.0,4.0,0.0,5.0,7.0,,10.0,3.0,4.0,0.0,0.0,0.0,5.0,6.0,5.0,0.0,5.0,0.0,3.0,4.0,4.0,5.0,3.0,4.0,5.0,5.0,0.0,3.0,3.0,8.0,5.0,7.0,9.0,5.0,5.0,0.0,5.0,6.0,6.0,5.0,3.0,6.0,6.0,0.0,0.0,3.0,0.0,0.0,7.0,5.0,0.0,5.0,0.0,3.0,0.0,5.0,5.0,7.0,6.0,0.0,0.0,0.0,5.0,3.0,0.0,5.0,5.0,6.0,3.0,8.0,5.0,3.0,6.0,0.0,7.0,3.0,4.0,0.0,6.0,5.0,5.0,6.0,5.0,6.0,3.0,6.0,0.0,0.0,3.0,7.0,6.0,6.0,3.0,0.0,0.0,0.0,3.0,7.0,4.0,3.0,3.0,3.0,5.0,4.0,5.0,5.0,4.0,0.0,3.0,3.0,3.0,5.0,0.0,5.0,3.0,4.0,3.0,7.0,3.0,5.0,5.0,5.0,5.0,4.0,5.0,6.0,5.0,0.0,8.0,0.0,3.0,0.0,3.0,0.0,9.0,3.0,3.0,3.0,5.0,4.0,1.0,6.0,4.0,0.0,3.0,0.0,5.0,6.0,4.0,5.0,0.0,3.0,3.0,1.0,3.0,4.0,4.0,3.0,0.0,5.0,3.0,3.0,4.0,5.0,3.0,0.0,3.0,0.0,3.0,0.0,3.0,4.0,5.0,5.0,3.0,0.0,5.0,5.0,3.0,0.0,0.0,4.0,4.0,3.0,0.0,5.0,,5.0,,0.0,0.0,3.0,1.0,5.0,3.0,0.0,4.0,0.0,3.0,0.0,5.0,3.0,3.0,0.0,0.0,4.0,,0.0,0.0,4.0,3.0,0.0,4.0,3.0,0.0,,3.0,0.0,0.0,,0.0,0.0,0.0,0.0,0.0,0.0,0.0,0.0,0.0,0.0,0.0,0.0,0.0,0.0,0.0,0.0,0.0,0.0,0.0,0.0,0.0,0.0,0.0,1.0,0.0,0.0,1.0,0.0,0.0,0.0,0.0,0.0,0.0,0.0,0.0,0.0,0.0,0.0,0.0,0.0,0.0,0.0,0.0,0.0,0.0,0.0,0.0,0.0,164.35906707728785,CR,0.9771698052318004
REF006,1.0,5.0,4.0,6.0,1.0,5.0,5.0,4.0,5.0,5.0,1.0,0.0,6.0,,3.0,5.0,5.0,5.0,5.0,5.0,,5.0,0.0,4.0,0.0,0.0,3.0,5.0,,5.0,5.0,,5.0,,4.0,5.0,5.0,4.0,0.0,6.0,5.0,3.0,6.0,5.0,3.0,5.0,5.0,0.0,6.0,3.0,3.0,7.0,,7.0,,1.0,3.0,6.0,5.0,6.0,6.0,0.0,4.0,6.0,5.0,0.0,4.0,6.0,1.0,3.0,,0.0,,5.0,0.0,5.0,,6.0,,,6.0,3.0,0.0,3.0,4.0,5.0,3.0,6.0,3.0,6.0,6.0,3.0,0.0,0.0,0.0,3.0,0.0,4.0,6.0,4.0,6.0,,4.0,5.0,6.0,,11.0,1.0,4.0,0.0,,5.0,,7.0,6.0,4.0,5.0,4.0,5.0,3.0,5.0,5.0,3.0,0.0,0.0,3.0,0.0,6.0,8.0,6.0,0.0,0.0,6.0,0.0,6.0,0.0,,5.0,4.0,3.0,6.0,6.0,4.0,5.0,3.0,6.0,,0.0,4.0,,4.0,5.0,,3.0,,4.0,0.0,6.0,3.0,1.0,4.0,5.0,4.0,4.0,5.0,,5.0,5.0,5.0,5.0,,,6.0,0.0,0.0,0.0,1.0,3.0,0.0,6.0,6.0,5.0,,,5.0,0.0,5.0,8.0,5.0,5.0,0.0,6.0,5.0,0.0,4.0,0.0,0.0,,,,6.0,,7.0,6.0,,5.0,5.0,7.0,5.0,5.0,6.0,,,5.0,5.0,5.0,0.0,4.0,,3.0,,8.0,4.0,,5.0,5.0,3.0,6.0,3.0,,5.0,3.0,4.0,0.0,0.0,6.0,,3.0,4.0,4.0,4.0,4.0,4.0,0.0,,4.0,0.0,,6.0,,,3.0,0.0,,5.0,1.0,0.0,,,4.0,,,4.0,4.0,5.0,5.0,,,4.0,,5.0,1.0,3.0,3.0,,,5.0,4.0,4.0,1.0,0.0,0.0,0.0,4.0,,4.0,0.0,0.0,,1.0,0.0,3.0,4.0,0.0,0.0,5.0,0.0,,1.0,0.0,0.0,4.0,1.0,0.0,0.0,5.0,5.0,0.0,0.0,0.0,,0.0,0.0,0.0,0.0,3.0,0.0,,0.0,0.0,0.0,0.0,0.0,0.0,0.0,0.0,,0.0,0.0,,0.0,0.0,0.0,,0.0,0.0,0.0,0.0,0.0,,0.0,0.0,0.0,0.0,0.0,0.0,0.0,0.0,0.0,0.0,0.0,111.50410042710928,SD,0.6372656738795245
S16720,3.0,,,,3.0,8.0,3.0,,,8.0,3.0,2.0,3.0,4.0,2.0,,7.0,8.0,,,9.0,,6.0,3.0,6.0,6.0,,8.0,2.0,1.0,1.0,1.0,3.0,,,5.0,,,1.0,6.0,1.0,3.0,6.0,8.0,5.0,1.0,6.0,6.0,1.0,,,3.0,1.0,3.0,4.0,3.0,,3.0,,3.0,,3.0,12.0,6.0,5.0,6.0,3.0,,1.0,1.0,2.0,3.0,3.0,1.0,,,3.0,3.0,1.0,4.0,1.0,1.0,5.0,5.0,,3.0,1.0,6.0,,5.0,3.0,1.0,1.0,1.0,2.0,5.0,11.0,5.0,,3.0,,0.0,,,3.0,4.0,1.0,1.0,,3.0,4.0,3.0,9.0,3.0,6.0,,5.0,5.0,1.0,3.0,,11.0,3.0,1.0,,3.0,2.0,3.0,3.0,3.0,3.0,3.0,3.0,,1.0,3.0,4.0,1.0,,1.0,,11.0,,3.0,3.0,10.0,4.0,1.0,3.0,1.0,1.0,3.0,9.0,1.0,0.0,1.0,,,,1.0,3.0,3.0,,,3.0,1.0,1.0,3.0,3.0,1.0,1.0,4.0,,,,3.0,1.0,3.0,,1.0,,1.0,4.0,4.0,1.0,1.0,,5.0,,6.0,1.0,3.0,1.0,3.0,5.0,,0.0,4.0,1.0,4.0,,4.0,1.0,4.0,3.0,3.0,,0.0,3.0,3.0,1.0,9.0,3.0,,3.0,3.0,,,0.0,5.0,3.0,5.0,1.0,,1.0,,1.0,1.0,1.0,0.0,3.0,1.0,3.0,1.0,3.0,1.0,,5.0,6.0,6.0,3.0,3.0,3.0,3.0,4.0,6.0,5.0,,1.0,0.0,0.0,5.0,3.0,4.0,6.0,,5.0,3.0,3.0,0.0,4.0,3.0,0.0,4.0,,9.0,3.0,1.0,,3.0,,3.0,3.0,3.0,3.0,3.0,,4.0,,,3.0,,,3.0,,4.0,3.0,1.0,0.0,0.0,0.0,4.0,1.0,3.0,4.0,1.0,,0.0,3.0,,,3.0,3.0,3.0,0.0,3.0,,0.0,,0.0,0.0,,1.0,4.0,3.0,3.0,,1.0,3.0,1.0,1.0,3.0,,3.0,,,,0.0,3.0,,1.0,0.0,1.0,0.0,0.0,0.0,0.0,0.0,0.0,1.0,0.0,,0.0,,,,,0.0,0.0,0.0,0.0,3.952853218869837,PD,0.2360995687496099
S85277,79.0,3.0,5.0,,0.0,10.0,5.0,1.0,3.0,,37.0,4.0,3.0,3.0,7.0,,35.0,,,3.0,3.0,3.0,0.0,7.0,0.0,6.0,6.0,10.0,14.0,6.0,6.0,4.0,5.0,1.0,1.0,,,1.0,4.0,0.0,4.0,5.0,0.0,10.0,19.0,4.0,,0.0,4.0,6.0,0.0,4.0,1.0,4.0,0.0,0.0,7.0,0.0,5.0,3.0,,3.0,3.0,6.0,9.0,0.0,,5.0,0.0,5.0,5.0,0.0,3.0,4.0,0.0,3.0,3.0,0.0,5.0,0.0,5.0,0.0,1.0,1.0,,5.0,3.0,6.0,6.0,5.0,4.0,3.0,6.0,0.0,4.0,1.0,2.0,3.0,,7.0,,,,5.0,3.0,3.0,3.0,3.0,1.0,0.0,0.0,5.0,3.0,4.0,6.0,,1.0,3.0,4.0,3.0,3.0,2.0,3.0,0.0,1.0,3.0,4.0,4.0,1.0,4.0,0.0,0.0,3.0,3.0,5.0,0.0,0.0,0.0,0.0,3.0,,2.0,0.0,5.0,0.0,5.0,0.0,0.0,3.0,3.0,0.0,5.0,3.0,3.0,3.0,6.0,1.0,,3.0,,,5.0,1.0,1.0,5.0,4.0,5.0,5.0,5.0,0.0,1.0,0.0,,3.0,3.0,1.0,0.0,1.0,0.0,5.0,,0.0,3.0,,3.0,3.0,5.0,3.0,4.0,4.0,5.0,4.0,3.0,0.0,3.0,0.0,5.0,3.0,2.0,3.0,,3.0,1.0,5.0,3.0,5.0,5.0,1.0,5.0,5.0,0.0,3.0,3.0,3.0,0.0,5.0,0.0,,,3.0,3.0,3.0,3.0,1.0,5.0,5.0,3.0,0.0,3.0,4.0,5.0,5.0,7.0,0.0,0.0,5.0,1.0,3.0,3.0,3.0,0.0,,3.0,0.0,0.0,3.0,0.0,0.0,2.0,0.0,4.0,3.0,0.0,,4.0,4.0,4.0,3.0,3.0,3.0,3.0,3.0,0.0,0.0,0.0,4.0,3.0,5.0,3.0,1.0,4.0,0.0,0.0,0.0,,3.0,4.0,3.0,0.0,0.0,0.0,0.0,0.0,3.0,3.0,3.0,0.0,0.0,0.0,,0.0,0.0,3.0,0.0,0.0,4.0,0.0,0.0,1.0,0.0,0.0,0.0,0.0,0.0,,0.0,0.0,0.0,0.0,0.0,0.0,0.0,0.0,0.0,,0.0,0.0,1.0,0.0,0.0,0.0,0.0,0.0,1.0,0.0,0.0,1.0,0.0,0.0,1.0,0.0,0.0,0.0,0.0,0.0,0.0,0.0,0.0,0.0,0.0,0.0,0.0,0.0,0.0,0.0,0.0,0.0,0.0,0.0,0.0,0.0,141.69211095005102,PR,0.8414430920666183
S48342,5.0,6.0,6.0,5.0,5.0,7.0,7.0,7.0,6.0,7.0,5.0,0.0,7.0,7.0,7.0,7.0,7.0,7.0,7.0,6.0,6.0,6.0,0.0,7.0,0.0,,7.0,7.0,7.0,7.0,7.0,7.0,7.0,0.0,0.0,7.0,7.0,7.0,7.0,0.0,6.0,7.0,0.0,7.0,6.0,6.0,7.0,,6.0,7.0,0.0,7.0,6.0,7.0,6.0,5.0,7.0,8.0,7.0,7.0,5.0,8.0,6.0,6.0,6.0,0.0,5.0,5.0,6.0,7.0,7.0,0.0,7.0,7.0,0.0,6.0,7.0,0.0,7.0,6.0,1.0,6.0,5.0,0.0,7.0,0.0,6.0,6.0,7.0,5.0,7.0,6.0,4.0,0.0,6.0,6.0,5.0,7.0,5.0,7.0,0.0,6.0,0.0,0.0,7.0,7.0,6.0,6.0,0.0,0.0,0.0,7.0,6.0,7.0,6.0,6.0,5.0,7.0,6.0,6.0,6.0,0.0,6.0,0.0,5.0,7.0,0.0,7.0,6.0,0.0,0.0,0.0,7.0,6.0,7.0,0.0,7.0,0.0,0.0,6.0,5.0,5.0,0.0,0.0,6.0,7.0,7.0,0.0,6.0,7.0,0.0,7.0,6.0,6.0,7.0,8.0,5.0,5.0,6.0,4.0,5.0,6.0,0.0,8.0,0.0,7.0,8.0,7.0,6.0,0.0,6.0,7.0,5.0,6.0,6.0,6.0,0.0,0.0,0.0,7.0,5.0,0.0,7.0,7.0,6.0,0.0,0.0,7.0,6.0,5.0,5.0,7.0,6.0,6.0,7.0,0.0,7.0,7.0,7.0,7.0,5.0,7.0,5.0,6.0,7.0,7.0,6.0,5.0,0.0,7.0,0.0,6.0,6.0,6.0,0.0,7.0,0.0,6.0,6.0,6.0,6.0,0.0,5.0,6.0,8.0,7.0,0.0,7.0,0.0,7.0,6.0,7.0,7.0,0.0,4.0,7.0,6.0,6.0,5.0,5.0,4.0,5.0,7.0,0.0,0.0,5.0,0.0,7.0,1.0,5.0,0.0,6.0,0.0,7.0,5.0,6.0,7.0,6.0,0.0,6.0,7.0,6.0,0.0,0.0,0.0,5.0,6.0,7.0,6.0,3.0,6.0,0.0,0.0,0.0,6.0,5.0,6.0,1.0,0.0,,0.0,0.0,0.0,6.0,6.0,1.0,0.0,5.0,0.0,5.0,0.0,0.0,0.0,0.0,0.0,5.0,0.0,0.0,5.0,0.0,0.0,0.0,0.0,0.0,0.0,0.0,0.0,0.0,0.0,0.0,0.0,0.0,0.0,0.0,5.0,0.0,0.0,0.0,0.0,4.0,0.0,0.0,0.0,3.0,0.0,0.0,0.0,0.0,0.0,0.0,0.0,0.0,0.0,0.0,0.0,0.0,1.0,1.0,0.0,0.0,1.0,0.0,0.0,0.0,0.0,0.0,0.0,0.0,0.0,0.0,0.0,2.1969247586646574,SD,0.5980275165643734
REF001,,3.0,8.0,3.0,,8.0,3.0,3.0,3.0,,,0.0,4.0,5.0,9.0,,18.0,,27.0,3.0,5.0,3.0,0.0,5.0,0.0,0.0,12.0,8.0,8.0,9.0,9.0,0.0,3.0,0.0,3.0,,5.0,3.0,0.0,0.0,4.0,,0.0,8.0,2.0,4.0,,0.0,4.0,12.0,0.0,5.0,,5.0,0.0,,9.0,6.0,5.0,4.0,3.0,0.0,3.0,5.0,1.0,0.0,6.0,5.0,2.0,,3.0,0.0,5.0,,3.0,3.0,5.0,4.0,3.0,0.0,1.0,2.0,2.0,2.0,3.0,0.0,2.0,5.0,0.0,5.0,,,6.0,0.0,4.0,2.0,3.0,,3.0,5.0,3.0,1.0,3.0,5.0,4.0,,,2.0,3.0,5.0,0.0,0.0,5.0,5.0,5.0,,2.0,,4.0,5.0,3.0,3.0,5.0,,4.0,8.0,0.0,0.0,,,0.0,0.0,4.0,3.0,3.0,,,4.0,3.0,2.0,3.0,3.0,3.0,0.0,0.0,3.0,,2.0,3.0,5.0,6.0,,5.0,2.0,,6.0,0.0,3.0,,1.0,0.0,3.0,3.0,3.0,3.0,3.0,3.0,,3.0,0.0,0.0,,3.0,3.0,3.0,,0.0,4.0,3.0,,3.0,0.0,,,6.0,0.0,5.0,6.0,5.0,5.0,4.0,,7.0,,,0.0,3.0,,,,3.0,,,5.0,1.0,3.0,5.0,,3.0,3.0,0.0,5.0,5.0,3.0,3.0,,0.0,,,,5.0,6.0,3.0,4.0,3.0,5.0,,,,3.0,3.0,5.0,5.0,0.0,3.0,,4.0,,3.0,3.0,3.0,0.0,5.0,3.0,,3.0,3.0,,1.0,0.0,3.0,,0.0,,5.0,5.0,3.0,5.0,5.0,3.0,5.0,5.0,3.0,0.0,0.0,5.0,5.0,3.0,3.0,3.0,5.0,,0.0,0.0,,5.0,5.0,3.0,3.0,3.0,0.0,0.0,0.0,3.0,5.0,3.0,0.0,4.0,0.0,,4.0,0.0,3.0,0.0,0.0,5.0,0.0,0.0,,3.0,0.0,0.0,,0.0,,0.0,0.0,0.0,0.0,0.0,0.0,0.0,,0.0,0.0,0.0,0.0,0.0,0.0,0.0,0.0,0.0,0.0,0.0,0.0,0.0,0.0,0.0,0.0,0.0,0.0,0.0,0.0,0.0,0.0,0.0,0.0,0.0,0.0,0.0,0.0,0.0,0.0,0.0,0.0,0.0,0.0,0.0,0.0,0.0,0.0,6.816487319177159,SD,-0.0646103365301222
REF024,3.0,5.0,4.0,5.0,3.0,1.0,3.0,5.0,3.0,1.0,3.0,0.0,6.0,3.0,3.0,1.0,1.0,1.0,1.0,3.0,4.0,3.0,0.0,5.0,0.0,0.0,3.0,1.0,4.0,1.0,1.0,4.0,3.0,0.0,0.0,1.0,1.0,5.0,4.0,6.0,,5.0,6.0,1.0,5.0,,1.0,0.0,1.0,3.0,3.0,6.0,3.0,6.0,0.0,3.0,3.0,3.0,4.0,6.0,5.0,,1.0,6.0,5.0,0.0,,,5.0,5.0,5.0,0.0,4.0,4.0,5.0,3.0,4.0,6.0,5.0,0.0,5.0,5.0,5.0,5.0,3.0,0.0,5.0,6.0,3.0,,1.0,4.0,3.0,0.0,0.0,5.0,5.0,3.0,0.0,5.0,0.0,4.0,0.0,0.0,6.0,4.0,4.0,5.0,0.0,0.0,4.0,0.0,4.0,6.0,6.0,4.0,5.0,3.0,,,5.0,5.0,,5.0,1.0,3.0,0.0,1.0,4.0,1.0,0.0,0.0,6.0,0.0,6.0,0.0,4.0,,5.0,5.0,5.0,5.0,5.0,0.0,0.0,6.0,4.0,0.0,1.0,3.0,3.0,,4.0,5.0,4.0,3.0,0.0,5.0,4.0,5.0,,3.0,5.0,5.0,3.0,1.0,3.0,,3.0,0.0,0.0,4.0,5.0,5.0,5.0,4.0,5.0,0.0,0.0,1.0,5.0,0.0,4.0,4.0,1.0,5.0,0.0,3.0,3.0,,4.0,1.0,,3.0,3.0,0.0,6.0,4.0,3.0,4.0,5.0,4.0,4.0,5.0,3.0,3.0,3.0,4.0,3.0,3.0,1.0,4.0,4.0,3.0,0.0,,0.0,4.0,3.0,4.0,4.0,3.0,3.0,3.0,3.0,3.0,0.0,1.0,4.0,1.0,3.0,5.0,5.0,0.0,0.0,1.0,3.0,4.0,3.0,3.0,1.0,,5.0,0.0,4.0,3.0,1.0,3.0,5.0,0.0,1.0,4.0,0.0,4.0,,3.0,1.0,4.0,0.0,1.0,3.0,4.0,1.0,0.0,4.0,,4.0,0.0,5.0,0.0,3.0,3.0,0.0,0.0,3.0,1.0,3.0,3.0,0.0,0.0,0.0,0.0,0.0,1.0,4.0,3.0,0.0,0.0,3.0,3.0,0.0,0.0,3.0,0.0,0.0,,0.0,0.0,3.0,0.0,0.0,0.0,3.0,0.0,3.0,0.0,0.0,0.0,0.0,3.0,0.0,0.0,1.0,0.0,,0.0,0.0,0.0,0.0,3.0,0.0,0.0,0.0,0.0,0.0,0.0,0.0,0.0,0.0,0.0,0.0,0.0,0.0,0.0,0.0,0.0,0.0,0.0,0.0,0.0,0.0,0.0,0.0,0.0,0.0,0.0,0.0,0.0,0.0,0.0,0.0,106.98411212839926,SD,0.5176167920882067
REF035,,4.0,5.0,4.0,,6.0,4.0,5.0,54.0,4.0,,0.0,3.0,3.0,5.0,4.0,6.0,6.0,4.0,3.0,5.0,3.0,0.0,4.0,0.0,0.0,5.0,6.0,5.0,3.0,3.0,3.0,4.0,0.0,0.0,6.0,4.0,5.0,3.0,7.0,3.0,19.0,7.0,6.0,5.0,3.0,6.0,0.0,1.0,5.0,0.0,3.0,,3.0,7.0,,5.0,5.0,3.0,3.0,4.0,0.0,4.0,,6.0,0.0,4.0,7.0,0.0,7.0,3.0,0.0,,5.0,4.0,3.0,,3.0,3.0,7.0,5.0,5.0,5.0,5.0,3.0,4.0,0.0,7.0,5.0,7.0,3.0,3.0,4.0,0.0,0.0,5.0,4.0,,4.0,4.0,4.0,7.0,0.0,0.0,3.0,3.0,3.0,5.0,0.0,5.0,3.0,0.0,5.0,3.0,,5.0,5.0,,3.0,6.0,4.0,4.0,1.0,,4.0,1.0,0.0,0.0,3.0,0.0,0.0,0.0,3.0,4.0,3.0,0.0,0.0,3.0,0.0,5.0,4.0,4.0,0.0,0.0,0.0,3.0,3.0,0.0,4.0,3.0,3.0,3.0,5.0,5.0,3.0,3.0,0.0,4.0,3.0,4.0,4.0,4.0,0.0,5.0,4.0,3.0,0.0,3.0,4.0,0.0,,0.0,4.0,4.0,4.0,3.0,0.0,4.0,4.0,2.0,4.0,0.0,3.0,0.0,5.0,0.0,0.0,,3.0,1.0,3.0,3.0,0.0,3.0,,0.0,3.0,3.0,0.0,3.0,4.0,3.0,6.0,4.0,,4.0,1.0,3.0,4.0,4.0,0.0,5.0,,3.0,0.0,3.0,0.0,5.0,3.0,3.0,,,3.0,5.0,0.0,1.0,0.0,2.0,0.0,4.0,4.0,3.0,4.0,0.0,4.0,2.0,5.0,3.0,3.0,3.0,0.0,0.0,4.0,0.0,0.0,3.0,0.0,2.0,0.0,7.0,0.0,3.0,0.0,,7.0,2.0,,,,4.0,3.0,,0.0,0.0,0.0,2.0,,0.0,4.0,2.0,3.0,,0.0,0.0,3.0,,2.0,4.0,0.0,1.0,0.0,1.0,0.0,4.0,5.0,4.0,0.0,3.0,0.0,,0.0,0.0,3.0,0.0,0.0,2.0,1.0,0.0,,0.0,0.0,0.0,,0.0,0.0,0.0,0.0,0.0,0.0,0.0,0.0,0.0,1.0,0.0,0.0,0.0,0.0,,0.0,0.0,0.0,0.0,0.0,0.0,0.0,0.0,0.0,0.0,0.0,0.0,0.0,0.0,0.0,0.0,0.0,0.0,3.0,0.0,0.0,0.0,0.0,0.0,0.0,0.0,0.0,0.0,0.0,0.0,0.0,0.0,0.0,12.346703146366862,SD,0.5713779034071982
REF043,,,3.0,,,3.0,1.0,1.0,0.0,0.0,,3.0,3.0,6.0,0.0,0.0,0.0,0.0,0.0,0.0,3.0,0.0,3.0,,7.0,3.0,0.0,3.0,3.0,0.0,0.0,3.0,1.0,4.0,1.0,3.0,0.0,1.0,3.0,,,3.0,,3.0,5.0,,3.0,6.0,1.0,0.0,0.0,,3.0,,,,0.0,4.0,3.0,3.0,,4.0,0.0,4.0,3.0,4.0,4.0,3.0,5.0,3.0,3.0,1.0,0.0,3.0,,0.0,0.0,3.0,1.0,,3.0,5.0,5.0,5.0,0.0,1.0,5.0,4.0,0.0,3.0,0.0,3.0,3.0,3.0,3.0,5.0,,0.0,,,,0.0,0.0,3.0,3.0,7.0,3.0,5.0,1.0,4.0,7.0,1.0,3.0,,4.0,3.0,5.0,0.0,,4.0,,,4.0,0.0,0.0,3.0,3.0,1.0,0.0,4.0,4.0,4.0,3.0,,3.0,6.0,4.0,,1.0,5.0,,,1.0,1.0,4.0,3.0,4.0,5.0,0.0,0.0,3.0,1.0,3.0,5.0,0.0,3.0,0.0,,0.0,5.0,4.0,1.0,1.0,1.0,1.0,0.0,1.0,1.0,1.0,1.0,3.0,4.0,,,,6.0,5.0,4.0,,1.0,,1.0,4.0,4.0,1.0,5.0,3.0,3.0,3.0,1.0,3.0,0.0,1.0,6.0,4.0,4.0,3.0,4.0,4.0,4.0,,4.0,0.0,,3.0,1.0,3.0,0.0,1.0,1.0,1.0,3.0,0.0,0.0,1.0,1.0,0.0,3.0,,0.0,0.0,0.0,3.0,4.0,1.0,3.0,0.0,1.0,0.0,0.0,1.0,0.0,,5.0,4.0,1.0,4.0,0.0,3.0,3.0,4.0,4.0,,4.0,4.0,3.0,0.0,4.0,3.0,1.0,0.0,0.0,4.0,4.0,1.0,0.0,0.0,0.0,0.0,1.0,6.0,0.0,0.0,,3.0,1.0,0.0,0.0,1.0,1.0,3.0,,4.0,4.0,,0.0,3.0,,0.0,0.0,4.0,0.0,0.0,1.0,3.0,,4.0,3.0,4.0,,0.0,,3.0,4.0,,1.0,0.0,3.0,0.0,0.0,0.0,4.0,,4.0,,1.0,3.0,0.0,0.0,4.0,1.0,0.0,3.0,,0.0,4.0,0.0,3.0,1.0,3.0,3.0,4.0,0.0,1.0,0.0,3.0,0.0,0.0,1.0,0.0,3.0,0.0,3.0,0.0,0.0,1.0,0.0,0.0,1.0,0.0,0.0,0.0,0.0,0.0,0.0,0.0,0.0,0.0,0.0,0.0,0.0,167.59367222362965,CR,0.994220483398876
S44205,,3.0,3.0,3.0,,4.0,4.0,3.0,8.0,4.0,,7.0,4.0,6.0,6.0,4.0,4.0,4.0,4.0,8.0,3.0,8.0,9.0,8.0,0.0,9.0,6.0,4.0,7.0,4.0,4.0,7.0,4.0,0.0,3.0,4.0,4.0,3.0,7.0,9.0,4.0,6.0,9.0,4.0,8.0,0.0,4.0,0.0,4.0,6.0,0.0,4.0,3.0,4.0,8.0,,6.0,6.0,8.0,4.0,3.0,1.0,3.0,9.0,8.0,0.0,12.0,7.0,8.0,6.0,9.0,0.0,3.0,7.0,0.0,8.0,3.0,4.0,9.0,8.0,0.0,8.0,8.0,8.0,9.0,0.0,8.0,9.0,6.0,7.0,12.0,8.0,0.0,3.0,7.0,8.0,,7.0,3.0,8.0,0.0,8.0,0.0,8.0,4.0,3.0,8.0,8.0,0.0,0.0,3.0,4.0,3.0,4.0,9.0,3.0,8.0,7.0,0.0,10.0,3.0,,10.0,8.0,3.0,6.0,7.0,3.0,9.0,0.0,6.0,5.0,4.0,0.0,4.0,9.0,3.0,0.0,3.0,8.0,3.0,,3.0,0.0,10.0,4.0,3.0,8.0,3.0,6.0,5.0,4.0,3.0,8.0,3.0,5.0,3.0,3.0,3.0,7.0,0.0,4.0,3.0,3.0,0.0,3.0,0.0,4.0,4.0,0.0,3.0,3.0,3.0,3.0,3.0,9.0,0.0,8.0,0.0,4.0,3.0,0.0,3.0,3.0,3.0,0.0,0.0,7.0,3.0,3.0,3.0,3.0,4.0,9.0,7.0,0.0,4.0,3.0,4.0,3.0,3.0,3.0,3.0,4.0,7.0,4.0,8.0,3.0,4.0,4.0,0.0,3.0,3.0,8.0,0.0,4.0,0.0,3.0,,3.0,3.0,7.0,4.0,1.0,5.0,8.0,0.0,4.0,0.0,3.0,4.0,6.0,8.0,0.0,6.0,4.0,1.0,3.0,0.0,0.0,6.0,0.0,8.0,6.0,3.0,4.0,3.0,4.0,0.0,0.0,3.0,3.0,0.0,3.0,3.0,3.0,3.0,3.0,3.0,3.0,6.0,3.0,3.0,0.0,0.0,3.0,3.0,0.0,3.0,4.0,3.0,,4.0,0.0,,3.0,3.0,1.0,0.0,1.0,6.0,5.0,0.0,3.0,3.0,1.0,5.0,0.0,0.0,,0.0,0.0,3.0,0.0,0.0,3.0,5.0,3.0,,0.0,0.0,0.0,,0.0,,0.0,0.0,0.0,0.0,0.0,0.0,1.0,0.0,0.0,0.0,0.0,0.0,0.0,0.0,0.0,1.0,1.0,1.0,0.0,0.0,0.0,1.0,0.0,0.0,1.0,0.0,0.0,0.0,0.0,0.0,0.0,0.0,0.0,0.0,0.0,0.0,0.0,0.0,0.0,0.0,0.0,0.0,0.0,0.0,0.0,0.0,21.721148138386997,SD,0.2712677821774549
REF025,,,,,,9.0,3.0,6.0,2.0,4.0,,0.0,0.0,6.0,,4.0,9.0,4.0,4.0,2.0,3.0,2.0,0.0,4.0,0.0,0.0,,9.0,3.0,9.0,6.0,4.0,3.0,3.0,4.0,4.0,4.0,,4.0,5.0,,3.0,5.0,9.0,7.0,,0.0,0.0,,,,0.0,,0.0,1.0,,,1.0,3.0,0.0,,1.0,3.0,5.0,0.0,0.0,1.0,3.0,0.0,3.0,1.0,1.0,4.0,12.0,,2.0,4.0,0.0,1.0,1.0,0.0,0.0,0.0,9.0,2.0,3.0,0.0,5.0,,3.0,,1.0,0.0,0.0,0.0,9.0,,5.0,,4.0,,1.0,2.0,0.0,0.0,8.0,1.0,0.0,0.0,1.0,8.0,3.0,3.0,0.0,5.0,,0.0,5.0,,1.0,,,1.0,1.0,0.0,4.0,0.0,,,,1.0,1.0,0.0,,3.0,,0.0,0.0,3.0,8.0,,,0.0,3.0,1.0,3.0,0.0,0.0,3.0,6.0,6.0,3.0,3.0,8.0,3.0,6.0,0.0,,,1.0,1.0,3.0,0.0,5.0,3.0,3.0,3.0,3.0,3.0,3.0,,0.0,,,,,0.0,1.0,,,,3.0,3.0,0.0,3.0,0.0,0.0,5.0,3.0,3.0,0.0,,3.0,,5.0,,3.0,3.0,,3.0,,3.0,,4.0,5.0,3.0,,6.0,3.0,3.0,,3.0,0.0,2.0,3.0,3.0,0.0,,,5.0,0.0,5.0,4.0,3.0,3.0,,1.0,,1.0,3.0,3.0,3.0,4.0,0.0,1.0,,3.0,5.0,4.0,4.0,1.0,1.0,4.0,1.0,0.0,4.0,3.0,,0.0,0.0,3.0,0.0,1.0,1.0,3.0,3.0,3.0,0.0,0.0,3.0,6.0,1.0,3.0,1.0,0.0,3.0,0.0,1.0,3.0,1.0,3.0,,1.0,1.0,,0.0,3.0,1.0,2.0,0.0,1.0,0.0,0.0,3.0,3.0,1.0,1.0,0.0,,,0.0,0.0,0.0,1.0,1.0,3.0,0.0,0.0,,2.0,0.0,1.0,,1.0,,3.0,0.0,1.0,0.0,,0.0,0.0,0.0,0.0,1.0,1.0,0.0,,1.0,0.0,0.0,1.0,0.0,1.0,0.0,0.0,0.0,0.0,1.0,0.0,0.0,0.0,0.0,0.0,,0.0,0.0,0.0,0.0,1.0,0.0,0.0,0.0,0.0,0.0,0.0,0.0,0.0,0.0,0.0,0.0,152.0547194265182,PR,0.6882703534364787
S18674,3.0,8.0,5.0,8.0,3.0,8.0,6.0,5.0,6.0,8.0,3.0,3.0,6.0,4.0,8.0,8.0,8.0,8.0,8.0,6.0,3.0,6.0,0.0,6.0,0.0,4.0,7.0,8.0,7.0,8.0,8.0,7.0,6.0,0.0,0.0,8.0,8.0,5.0,7.0,0.0,15.0,4.0,0.0,8.0,8.0,15.0,8.0,4.0,,7.0,7.0,2.0,0.0,2.0,0.0,,8.0,10.0,4.0,6.0,8.0,7.0,4.0,11.0,9.0,0.0,10.0,7.0,8.0,4.0,4.0,0.0,5.0,3.0,8.0,6.0,5.0,6.0,4.0,3.0,4.0,8.0,8.0,8.0,6.0,0.0,8.0,11.0,7.0,7.0,,4.0,3.0,0.0,3.0,8.0,8.0,4.0,8.0,6.0,8.0,3.0,0.0,0.0,6.0,4.0,4.0,8.0,0.0,6.0,0.0,6.0,3.0,2.0,11.0,5.0,8.0,4.0,0.0,6.0,8.0,8.0,6.0,0.0,5.0,5.0,3.0,,4.0,,10.0,10.0,6.0,8.0,3.0,0.0,4.0,0.0,0.0,8.0,8.0,8.0,0.0,0.0,6.0,3.0,4.0,0.0,4.0,4.0,0.0,6.0,3.0,8.0,4.0,4.0,5.0,8.0,3.0,6.0,7.0,6.0,0.0,4.0,0.0,4.0,6.0,6.0,6.0,0.0,0.0,4.0,8.0,8.0,8.0,4.0,0.0,0.0,8.0,4.0,8.0,0.0,4.0,0.0,5.0,0.0,0.0,4.0,5.0,3.0,,,0.0,4.0,4.0,0.0,3.0,4.0,3.0,4.0,8.0,4.0,3.0,7.0,4.0,6.0,4.0,3.0,0.0,6.0,0.0,3.0,0.0,6.0,0.0,6.0,0.0,5.0,4.0,3.0,5.0,4.0,0.0,7.0,6.0,4.0,0.0,4.0,0.0,4.0,6.0,4.0,6.0,0.0,5.0,4.0,7.0,3.0,,,5.0,0.0,6.0,5.0,0.0,5.0,4.0,0.0,3.0,0.0,4.0,3.0,0.0,4.0,3.0,5.0,4.0,0.0,0.0,4.0,4.0,5.0,4.0,0.0,0.0,3.0,5.0,0.0,4.0,3.0,5.0,3.0,1.0,6.0,4.0,4.0,5.0,3.0,0.0,3.0,0.0,1.0,0.0,4.0,3.0,3.0,0.0,0.0,0.0,3.0,0.0,0.0,0.0,5.0,0.0,3.0,1.0,0.0,,0.0,0.0,0.0,3.0,0.0,3.0,0.0,0.0,0.0,0.0,0.0,0.0,0.0,0.0,0.0,0.0,0.0,0.0,0.0,0.0,0.0,0.0,0.0,0.0,0.0,0.0,0.0,0.0,0.0,0.0,0.0,0.0,2.0,0.0,0.0,0.0,0.0,0.0,0.0,0.0,0.0,0.0,0.0,0.0,0.0,0.0,0.0,0.0,0.0,0.0,0.0,0.0,165.20174887032923,CR,0.9737140765175804
S241417,1.0,1.0,3.0,1.0,1.0,5.0,4.0,19.0,,0.0,1.0,4.0,,4.0,3.0,0.0,5.0,0.0,0.0,,3.0,,10.0,4.0,0.0,7.0,4.0,5.0,5.0,5.0,5.0,5.0,4.0,3.0,7.0,5.0,0.0,19.0,5.0,5.0,,,5.0,5.0,3.0,,5.0,0.0,3.0,4.0,0.0,12.0,0.0,3.0,5.0,1.0,3.0,0.0,,,1.0,0.0,3.0,5.0,,0.0,,7.0,0.0,,,0.0,,4.0,1.0,,,1.0,,5.0,0.0,3.0,3.0,3.0,1.0,0.0,3.0,0.0,4.0,7.0,,2.0,3.0,0.0,4.0,3.0,1.0,3.0,1.0,4.0,1.0,5.0,1.0,0.0,,4.0,2.0,3.0,0.0,0.0,0.0,5.0,3.0,3.0,5.0,3.0,3.0,3.0,,1.0,1.0,0.0,1.0,2.0,2.0,,4.0,,3.0,,0.0,0.0,1.0,1.0,,3.0,4.0,,0.0,3.0,1.0,1.0,0.0,5.0,1.0,,4.0,0.0,3.0,4.0,3.0,5.0,3.0,3.0,4.0,3.0,2.0,5.0,3.0,3.0,1.0,4.0,0.0,0.0,4.0,3.0,4.0,5.0,4.0,0.0,0.0,4.0,5.0,1.0,1.0,3.0,0.0,1.0,1.0,3.0,5.0,3.0,4.0,4.0,,3.0,,6.0,4.0,3.0,,,2.0,3.0,3.0,1.0,,4.0,1.0,4.0,1.0,4.0,3.0,0.0,,4.0,,0.0,4.0,4.0,3.0,3.0,0.0,,4.0,5.0,2.0,3.0,3.0,3.0,2.0,6.0,1.0,3.0,4.0,,2.0,3.0,2.0,3.0,4.0,,4.0,3.0,0.0,3.0,3.0,3.0,1.0,1.0,0.0,0.0,4.0,0.0,4.0,1.0,3.0,1.0,0.0,5.0,3.0,3.0,0.0,4.0,3.0,4.0,3.0,2.0,0.0,3.0,4.0,2.0,3.0,0.0,0.0,3.0,2.0,0.0,3.0,0.0,4.0,1.0,1.0,1.0,3.0,1.0,4.0,0.0,0.0,0.0,0.0,1.0,0.0,3.0,3.0,0.0,0.0,0.0,1.0,1.0,0.0,0.0,0.0,0.0,0.0,3.0,0.0,3.0,1.0,0.0,0.0,0.0,1.0,0.0,1.0,0.0,0.0,0.0,0.0,1.0,5.0,0.0,1.0,0.0,0.0,1.0,0.0,0.0,0.0,0.0,0.0,0.0,0.0,0.0,0.0,0.0,3.0,0.0,0.0,3.0,0.0,0.0,0.0,3.0,0.0,0.0,0.0,0.0,0.0,0.0,0.0,0.0,0.0,0.0,0.0,0.0,0.0,0.0,0.0,0.0,0.0,149.36639629054957,PR,0.8362967394782448
REF002,,3.0,,3.0,,5.0,6.0,3.0,4.0,5.0,,3.0,5.0,5.0,,5.0,5.0,5.0,5.0,4.0,6.0,4.0,0.0,6.0,0.0,1.0,3.0,5.0,6.0,5.0,5.0,0.0,6.0,4.0,3.0,5.0,5.0,3.0,6.0,0.0,16.0,6.0,0.0,5.0,4.0,0.0,5.0,1.0,4.0,3.0,0.0,13.0,4.0,13.0,0.0,,,5.0,5.0,5.0,3.0,4.0,,6.0,4.0,0.0,6.0,3.0,4.0,6.0,0.0,0.0,3.0,3.0,3.0,4.0,3.0,5.0,0.0,5.0,0.0,4.0,4.0,4.0,5.0,6.0,4.0,6.0,3.0,3.0,5.0,3.0,4.0,0.0,3.0,4.0,3.0,4.0,3.0,6.0,3.0,5.0,0.0,4.0,5.0,4.0,3.0,4.0,3.0,0.0,0.0,0.0,6.0,,6.0,12.0,4.0,4.0,0.0,5.0,3.0,3.0,0.0,3.0,1.0,6.0,3.0,5.0,3.0,0.0,0.0,5.0,5.0,3.0,4.0,0.0,4.0,0.0,0.0,4.0,3.0,3.0,0.0,0.0,0.0,4.0,4.0,0.0,,5.0,4.0,6.0,6.0,4.0,4.0,4.0,0.0,3.0,5.0,0.0,0.0,4.0,3.0,3.0,0.0,,4.0,6.0,4.0,0.0,4.0,4.0,3.0,3.0,3.0,3.0,0.0,3.0,3.0,4.0,3.0,0.0,4.0,4.0,3.0,0.0,0.0,4.0,3.0,3.0,,5.0,3.0,0.0,4.0,0.0,4.0,4.0,4.0,4.0,3.0,4.0,3.0,3.0,4.0,6.0,5.0,3.0,4.0,6.0,0.0,6.0,3.0,4.0,0.0,6.0,0.0,6.0,,5.0,3.0,4.0,3.0,4.0,4.0,4.0,3.0,4.0,3.0,0.0,4.0,3.0,6.0,0.0,3.0,4.0,4.0,5.0,3.0,3.0,3.0,0.0,6.0,0.0,4.0,3.0,,4.0,0.0,0.0,0.0,5.0,0.0,4.0,3.0,3.0,,3.0,0.0,,5.0,3.0,0.0,0.0,0.0,3.0,3.0,0.0,6.0,,3.0,,0.0,0.0,,3.0,3.0,0.0,0.0,0.0,0.0,1.0,0.0,,3.0,0.0,0.0,0.0,0.0,,5.0,0.0,3.0,0.0,0.0,3.0,1.0,0.0,,0.0,0.0,0.0,,0.0,,0.0,0.0,0.0,0.0,0.0,0.0,0.0,0.0,0.0,0.0,0.0,0.0,0.0,0.0,0.0,0.0,0.0,0.0,0.0,0.0,0.0,0.0,0.0,0.0,0.0,0.0,0.0,0.0,0.0,0.0,0.0,0.0,0.0,0.0,0.0,0.0,0.0,0.0,0.0,0.0,0.0,0.0,0.0,0.0,0.0,0.0,163.99355946740815,CR,0.6757967570946011
S48041,66.0,3.0,,3.0,66.0,7.0,5.0,,3.0,7.0,5.0,0.0,3.0,3.0,5.0,7.0,7.0,7.0,0.0,3.0,3.0,3.0,0.0,4.0,0.0,0.0,5.0,7.0,6.0,7.0,7.0,4.0,5.0,3.0,,7.0,0.0,,4.0,6.0,2.0,4.0,6.0,7.0,,2.0,7.0,0.0,4.0,5.0,5.0,3.0,14.0,3.0,,,5.0,2.0,8.0,3.0,3.0,2.0,,6.0,,0.0,6.0,3.0,2.0,4.0,2.0,4.0,,7.0,3.0,3.0,,3.0,0.0,,0.0,,0.0,,3.0,5.0,0.0,6.0,5.0,3.0,,,0.0,5.0,0.0,,3.0,4.0,3.0,4.0,3.0,,3.0,1.0,3.0,3.0,,2.0,,2.0,3.0,5.0,3.0,3.0,6.0,,3.0,4.0,2.0,4.0,3.0,3.0,4.0,0.0,0.0,5.0,0.0,,3.0,,2.0,2.0,3.0,3.0,,3.0,,2.0,,,3.0,3.0,,5.0,4.0,,0.0,2.0,,1.0,1.0,,3.0,,,1.0,0.0,3.0,3.0,2.0,0.0,5.0,,,0.0,,1.0,5.0,5.0,1.0,0.0,,3.0,3.0,3.0,3.0,2.0,2.0,3.0,4.0,3.0,1.0,,0.0,3.0,0.0,0.0,4.0,,1.0,0.0,,3.0,3.0,4.0,3.0,,,3.0,,3.0,,,0.0,4.0,5.0,9.0,,5.0,5.0,4.0,3.0,,3.0,0.0,5.0,0.0,,3.0,3.0,,4.0,1.0,3.0,1.0,1.0,0.0,4.0,0.0,,5.0,,4.0,0.0,2.0,4.0,3.0,3.0,1.0,1.0,2.0,0.0,4.0,2.0,0.0,1.0,,3.0,0.0,0.0,,3.0,2.0,,1.0,,,,,,3.0,,,,,1.0,,0.0,,1.0,,7.0,5.0,4.0,3.0,,,,3.0,0.0,2.0,0.0,0.0,,3.0,,2.0,0.0,3.0,0.0,0.0,0.0,1.0,2.0,,1.0,0.0,0.0,,3.0,0.0,4.0,0.0,2.0,0.0,0.0,0.0,,0.0,3.0,0.0,0.0,0.0,0.0,0.0,0.0,0.0,0.0,0.0,0.0,0.0,2.0,0.0,0.0,0.0,0.0,0.0,0.0,0.0,0.0,0.0,0.0,0.0,0.0,0.0,0.0,0.0,0.0,0.0,0.0,0.0,0.0,0.0,0.0,0.0,0.0,0.0,0.0,0.0,0.0,0.0,101.86222353760752,PR,0.5373877681560716
REF014,,,,,,3.0,3.0,,4.0,3.0,,0.0,3.0,5.0,,3.0,3.0,3.0,3.0,4.0,4.0,4.0,0.0,4.0,0.0,5.0,,3.0,0.0,3.0,3.0,1.0,3.0,0.0,,3.0,3.0,,1.0,4.0,,0.0,4.0,3.0,,,3.0,0.0,3.0,,,4.0,5.0,4.0,,,,0.0,3.0,3.0,,0.0,,4.0,,0.0,3.0,4.0,0.0,0.0,3.0,0.0,5.0,6.0,,4.0,5.0,3.0,3.0,,1.0,0.0,,,4.0,3.0,0.0,4.0,,4.0,3.0,3.0,6.0,0.0,0.0,,,6.0,,4.0,,4.0,4.0,4.0,3.0,4.0,3.0,3.0,,0.0,4.0,0.0,4.0,4.0,4.0,,,6.0,,0.0,,,0.0,3.0,0.0,3.0,0.0,3.0,6.0,3.0,0.0,0.0,3.0,,5.0,0.0,0.0,0.0,,3.0,,,,0.0,0.0,5.0,4.0,0.0,,3.0,0.0,3.0,4.0,3.0,5.0,5.0,0.0,,1.0,2.0,,,,,0.0,,3.0,3.0,,0.0,5.0,0.0,,,,,0.0,0.0,,3.0,,0.0,0.0,3.0,6.0,0.0,0.0,6.0,4.0,,4.0,3.0,0.0,3.0,6.0,,5.0,5.0,,5.0,,5.0,3.0,3.0,3.0,3.0,3.0,3.0,0.0,3.0,0.0,4.0,5.0,4.0,0.0,3.0,0.0,,5.0,1.0,5.0,3.0,5.0,3.0,3.0,4.0,3.0,3.0,3.0,,,3.0,4.0,0.0,0.0,3.0,3.0,1.0,0.0,0.0,0.0,0.0,4.0,0.0,0.0,5.0,,,1.0,0.0,,1.0,0.0,3.0,,4.0,,5.0,5.0,,5.0,5.0,,0.0,0.0,,5.0,0.0,,0.0,4.0,,0.0,0.0,5.0,5.0,4.0,0.0,4.0,0.0,0.0,3.0,0.0,,4.0,4.0,0.0,0.0,,0.0,0.0,0.0,0.0,0.0,0.0,,3.0,0.0,,4.0,0.0,0.0,,0.0,0.0,0.0,0.0,4.0,0.0,,0.0,0.0,3.0,0.0,0.0,0.0,0.0,0.0,0.0,0.0,0.0,0.0,0.0,0.0,0.0,0.0,0.0,0.0,0.0,0.0,0.0,0.0,0.0,0.0,0.0,0.0,0.0,0.0,0.0,0.0,0.0,0.0,0.0,0.0,0.0,0.0,0.0,0.0,0.0,0.0,0.0,-2.263676784448984,PD,-0.207971282594449
S47904,,4.0,6.0,4.0,,7.0,10.0,8.0,3.0,7.0,,0.0,6.0,6.0,7.0,7.0,7.0,7.0,7.0,3.0,4.0,3.0,0.0,7.0,0.0,0.0,7.0,7.0,7.0,7.0,7.0,7.0,10.0,6.0,1.0,7.0,7.0,8.0,7.0,10.0,3.0,7.0,10.0,7.0,5.0,0.0,7.0,0.0,4.0,7.0,7.0,7.0,6.0,7.0,9.0,3.0,7.0,3.0,3.0,6.0,4.0,3.0,3.0,10.0,3.0,0.0,3.0,8.0,,7.0,3.0,0.0,3.0,3.0,4.0,3.0,3.0,6.0,3.0,9.0,0.0,5.0,0.0,5.0,3.0,10.0,0.0,10.0,7.0,8.0,6.0,3.0,7.0,8.0,3.0,5.0,4.0,7.0,4.0,7.0,4.0,9.0,3.0,3.0,6.0,8.0,3.0,,1.0,3.0,0.0,7.0,4.0,7.0,10.0,6.0,7.0,7.0,0.0,7.0,4.0,4.0,0.0,3.0,,7.0,0.0,6.0,3.0,6.0,0.0,0.0,6.0,4.0,6.0,0.0,0.0,0.0,8.0,5.0,4.0,4.0,8.0,7.0,0.0,6.0,0.0,0.0,3.0,6.0,7.0,7.0,4.0,5.0,3.0,7.0,,4.0,5.0,,,7.0,8.0,8.0,0.0,3.0,8.0,7.0,7.0,8.0,0.0,0.0,4.0,4.0,4.0,3.0,,5.0,4.0,4.0,4.0,8.0,3.0,0.0,3.0,0.0,3.0,7.0,4.0,8.0,4.0,6.0,4.0,3.0,7.0,3.0,6.0,3.0,3.0,3.0,4.0,3.0,,6.0,7.0,10.0,3.0,,8.0,10.0,4.0,4.0,3.0,3.0,0.0,7.0,,6.0,3.0,5.0,3.0,7.0,5.0,6.0,8.0,3.0,3.0,4.0,3.0,3.0,0.0,7.0,7.0,0.0,0.0,4.0,6.0,5.0,5.0,5.0,3.0,3.0,7.0,0.0,0.0,5.0,3.0,3.0,0.0,0.0,3.0,5.0,0.0,1.0,8.0,4.0,3.0,3.0,3.0,3.0,6.0,3.0,0.0,0.0,0.0,8.0,3.0,3.0,8.0,1.0,4.0,0.0,0.0,0.0,3.0,3.0,4.0,2.0,3.0,1.0,0.0,,0.0,3.0,4.0,2.0,0.0,4.0,3.0,0.0,0.0,0.0,0.0,0.0,0.0,8.0,0.0,0.0,3.0,3.0,0.0,0.0,0.0,0.0,0.0,0.0,0.0,0.0,0.0,3.0,0.0,1.0,,0.0,0.0,0.0,0.0,1.0,0.0,0.0,0.0,0.0,0.0,0.0,0.0,0.0,0.0,0.0,0.0,0.0,0.0,0.0,0.0,0.0,0.0,0.0,0.0,0.0,0.0,0.0,0.0,0.0,0.0,0.0,0.0,0.0,0.0,0.0,0.0,0.0,0.0,26.40277055826135,PD,0.7278866378727041
REF016,1.0,4.0,4.0,4.0,1.0,7.0,5.0,1.0,4.0,7.0,1.0,0.0,5.0,4.0,6.0,7.0,7.0,7.0,,0.0,3.0,5.0,0.0,4.0,0.0,0.0,6.0,7.0,5.0,3.0,3.0,5.0,5.0,1.0,1.0,7.0,,1.0,5.0,8.0,4.0,5.0,8.0,7.0,2.0,4.0,7.0,0.0,1.0,6.0,6.0,5.0,,5.0,1.0,1.0,6.0,,,,4.0,0.0,1.0,4.0,0.0,0.0,2.0,3.0,0.0,5.0,1.0,0.0,,4.0,4.0,5.0,,5.0,1.0,1.0,0.0,2.0,2.0,2.0,5.0,5.0,2.0,4.0,6.0,3.0,,1.0,0.0,0.0,0.0,2.0,4.0,0.0,4.0,4.0,4.0,1.0,5.0,,,,1.0,5.0,1.0,,,0.0,3.0,5.0,4.0,4.0,1.0,0.0,4.0,,4.0,4.0,,1.0,0.0,,0.0,,1.0,0.0,,,5.0,4.0,1.0,1.0,5.0,4.0,1.0,2.0,4.0,4.0,1.0,0.0,,7.0,0.0,3.0,1.0,4.0,1.0,1.0,3.0,2.0,1.0,1.0,0.0,4.0,0.0,4.0,1.0,5.0,1.0,1.0,5.0,11.0,5.0,5.0,5.0,5.0,,0.0,4.0,4.0,4.0,1.0,0.0,,4.0,11.0,4.0,5.0,0.0,4.0,1.0,2.0,,5.0,3.0,0.0,0.0,0.0,1.0,1.0,5.0,1.0,1.0,0.0,1.0,0.0,4.0,0.0,,4.0,,5.0,,,5.0,5.0,5.0,3.0,,5.0,5.0,5.0,0.0,4.0,1.0,,,,1.0,1.0,5.0,,1.0,5.0,1.0,1.0,5.0,7.0,4.0,0.0,,0.0,1.0,,1.0,1.0,,0.0,4.0,,0.0,1.0,0.0,1.0,0.0,0.0,1.0,,,4.0,5.0,3.0,0.0,,,5.0,4.0,,1.0,3.0,,5.0,,1.0,8.0,0.0,3.0,1.0,,,1.0,,3.0,3.0,5.0,0.0,,1.0,0.0,5.0,3.0,3.0,,0.0,1.0,1.0,0.0,,1.0,,1.0,5.0,1.0,0.0,1.0,0.0,1.0,1.0,1.0,,1.0,0.0,,1.0,0.0,1.0,0.0,0.0,0.0,0.0,0.0,,0.0,,0.0,0.0,0.0,0.0,0.0,0.0,1.0,,0.0,0.0,0.0,0.0,0.0,0.0,0.0,0.0,0.0,0.0,0.0,0.0,0.0,1.0,0.0,0.0,0.0,0.0,0.0,0.0,0.0,0.0,0.0,0.0,0.0,4.292068893652608,PD,0.609625544679087
REF041,3.0,,0.0,,3.0,6.0,,0.0,,18.0,6.0,3.0,,0.0,,8.0,7.0,8.0,0.0,,,,4.0,3.0,4.0,4.0,,6.0,,3.0,3.0,,,3.0,0.0,6.0,0.0,0.0,,,,,,0.0,4.0,,6.0,4.0,,,,6.0,,12.0,,0.0,,,,,,0.0,0.0,14.0,0.0,4.0,,,4.0,,,0.0,0.0,3.0,,,0.0,1.0,,,,4.0,4.0,4.0,,,4.0,,,,,,,,3.0,4.0,,3.0,,3.0,,0.0,,,5.0,,,4.0,0.0,,,,,,14.0,0.0,4.0,3.0,,,,,,,0.0,0.0,3.0,,0.0,,,,1.0,,,3.0,4.0,,0.0,4.0,,,0.0,,,,4.0,4.0,0.0,0.0,,0.0,,4.0,1.0,,0.0,,3.0,4.0,,,0.0,0.0,,0.0,,,,,,4.0,,,,3.0,4.0,,,,,,4.0,4.0,2.0,4.0,,3.0,,,,,2.0,3.0,3.0,1.0,,4.0,1.0,4.0,,4.0,0.0,,0.0,,,0.0,,,,,0.0,0.0,,0.0,0.0,0.0,0.0,0.0,0.0,3.0,,3.0,,,,,,0.0,,,3.0,4.0,,,3.0,3.0,,,,,3.0,,4.0,3.0,0.0,1.0,,1.0,0.0,0.0,,4.0,,,0.0,,0.0,0.0,0.0,,0.0,,0.0,,,,0.0,0.0,,0.0,,,3.0,0.0,,,,0.0,,,0.0,0.0,,,,,1.0,0.0,1.0,,,,,,,,0.0,,,,0.0,,0.0,,0.0,0.0,0.0,1.0,1.0,0.0,,,,,0.0,,0.0,,,0.0,0.0,0.0,,0.0,3.0,0.0,0.0,3.0,,0.0,,0.0,0.0,1.0,1.0,1.0,1.0,,1.0,0.0,0.0,0.0,0.0,0.0,0.0,0.0,0.0,0.0,0.0,138.45693908756778,CR,0.8658906962655399
S71335,1.0,3.0,3.0,1.0,1.0,6.0,3.0,3.0,,42.0,1.0,0.0,5.0,,4.0,27.0,6.0,6.0,9.0,,3.0,,0.0,6.0,0.0,0.0,4.0,6.0,5.0,6.0,6.0,5.0,3.0,3.0,3.0,6.0,3.0,3.0,5.0,5.0,,4.0,5.0,6.0,4.0,,6.0,0.0,3.0,4.0,4.0,6.0,1.0,6.0,,15.0,4.0,0.0,4.0,5.0,1.0,,3.0,5.0,5.0,0.0,7.0,3.0,0.0,4.0,4.0,3.0,,5.0,0.0,,,5.0,4.0,,5.0,0.0,4.0,4.0,,3.0,4.0,5.0,4.0,3.0,,12.0,3.0,1.0,0.0,4.0,3.0,3.0,1.0,6.0,1.0,,,4.0,5.0,6.0,5.0,0.0,3.0,,0.0,3.0,3.0,6.0,5.0,3.0,4.0,3.0,,4.0,0.0,3.0,4.0,4.0,1.0,3.0,0.0,,5.0,0.0,0.0,,5.0,0.0,,0.0,0.0,,0.0,0.0,1.0,3.0,0.0,3.0,4.0,,0.0,0.0,3.0,,,3.0,3.0,0.0,,,1.0,1.0,4.0,1.0,0.0,3.0,3.0,3.0,3.0,3.0,3.0,3.0,3.0,3.0,1.0,0.0,1.0,3.0,0.0,5.0,0.0,4.0,0.0,3.0,1.0,3.0,0.0,4.0,5.0,0.0,4.0,5.0,4.0,3.0,,,5.0,4.0,3.0,3.0,,0.0,3.0,0.0,1.0,0.0,5.0,3.0,3.0,3.0,4.0,5.0,3.0,3.0,3.0,3.0,,,3.0,3.0,1.0,3.0,,4.0,,5.0,0.0,3.0,3.0,4.0,0.0,3.0,0.0,3.0,3.0,4.0,6.0,0.0,0.0,3.0,3.0,4.0,,,3.0,0.0,6.0,0.0,0.0,3.0,3.0,3.0,3.0,2.0,3.0,4.0,,4.0,3.0,4.0,3.0,,,3.0,,,3.0,0.0,0.0,3.0,,0.0,3.0,,4.0,0.0,4.0,4.0,,,4.0,,,1.0,0.0,,0.0,3.0,3.0,,,0.0,3.0,0.0,0.0,0.0,,0.0,0.0,3.0,0.0,0.0,1.0,,0.0,0.0,0.0,,0.0,3.0,0.0,0.0,0.0,3.0,2.0,0.0,3.0,0.0,0.0,4.0,0.0,1.0,0.0,3.0,0.0,0.0,0.0,0.0,0.0,0.0,0.0,0.0,0.0,0.0,0.0,0.0,0.0,0.0,0.0,0.0,0.0,0.0,0.0,0.0,0.0,0.0,0.0,0.0,0.0,0.0,0.0,0.0,0.0,0.0,0.0,-0.141722948654764,PD,-0.0961374686120775
S72955,,3.0,3.0,3.0,,3.0,4.0,3.0,3.0,3.0,,0.0,3.0,3.0,4.0,3.0,3.0,3.0,3.0,3.0,3.0,3.0,0.0,3.0,0.0,0.0,4.0,3.0,4.0,3.0,3.0,1.0,4.0,1.0,3.0,3.0,3.0,3.0,4.0,3.0,3.0,4.0,3.0,3.0,3.0,3.0,3.0,0.0,3.0,4.0,4.0,4.0,0.0,4.0,0.0,,4.0,4.0,3.0,3.0,3.0,0.0,3.0,3.0,3.0,0.0,4.0,3.0,3.0,4.0,4.0,0.0,3.0,3.0,3.0,3.0,3.0,0.0,4.0,0.0,4.0,3.0,3.0,3.0,3.0,0.0,3.0,3.0,4.0,3.0,4.0,3.0,,0.0,0.0,3.0,3.0,3.0,3.0,3.0,3.0,3.0,3.0,3.0,3.0,4.0,3.0,3.0,3.0,0.0,4.0,0.0,3.0,4.0,3.0,3.0,3.0,3.0,3.0,3.0,3.0,3.0,3.0,3.0,4.0,4.0,0.0,0.0,3.0,0.0,0.0,3.0,3.0,3.0,3.0,0.0,3.0,0.0,3.0,3.0,3.0,3.0,3.0,0.0,0.0,3.0,0.0,0.0,3.0,3.0,4.0,4.0,3.0,3.0,3.0,4.0,0.0,3.0,3.0,3.0,,3.0,3.0,3.0,3.0,3.0,3.0,4.0,3.0,0.0,0.0,0.0,3.0,3.0,3.0,0.0,0.0,0.0,3.0,3.0,3.0,3.0,3.0,3.0,3.0,3.0,0.0,3.0,3.0,3.0,3.0,4.0,3.0,3.0,3.0,0.0,3.0,3.0,4.0,3.0,3.0,3.0,3.0,3.0,3.0,4.0,3.0,3.0,3.0,4.0,3.0,3.0,0.0,3.0,0.0,4.0,0.0,3.0,3.0,3.0,3.0,3.0,3.0,1.0,3.0,3.0,3.0,3.0,3.0,3.0,3.0,4.0,3.0,3.0,,3.0,1.0,3.0,3.0,3.0,,0.0,3.0,,0.0,3.0,3.0,3.0,2.0,0.0,3.0,3.0,0.0,3.0,3.0,3.0,3.0,3.0,0.0,3.0,3.0,3.0,3.0,0.0,0.0,3.0,3.0,0.0,3.0,1.0,3.0,,0.0,0.0,3.0,1.0,3.0,0.0,3.0,1.0,0.0,1.0,4.0,3.0,3.0,0.0,0.0,3.0,4.0,,0.0,0.0,3.0,0.0,0.0,3.0,0.0,0.0,,3.0,0.0,0.0,,0.0,0.0,0.0,0.0,0.0,0.0,4.0,0.0,1.0,0.0,0.0,0.0,0.0,0.0,0.0,0.0,0.0,3.0,0.0,1.0,0.0,0.0,0.0,0.0,0.0,0.0,0.0,0.0,0.0,0.0,0.0,0.0,0.0,0.0,0.0,0.0,0.0,0.0,0.0,0.0,0.0,0.0,0.0,0.0,0.0,0.0,0.0,0.0,4.0249754348322755,PD,0.6131097997181577
S73263,1.0,,3.0,,1.0,8.0,,3.0,3.0,1.0,1.0,,4.0,4.0,7.0,1.0,8.0,1.0,1.0,3.0,4.0,3.0,0.0,4.0,0.0,0.0,7.0,8.0,9.0,8.0,8.0,,,5.0,3.0,5.0,4.0,3.0,0.0,7.0,4.0,,7.0,8.0,1.0,4.0,1.0,0.0,1.0,7.0,7.0,8.0,5.0,11.0,,1.0,7.0,0.0,,4.0,,0.0,3.0,3.0,1.0,3.0,1.0,4.0,1.0,,,0.0,4.0,,0.0,3.0,4.0,4.0,0.0,,0.0,0.0,1.0,1.0,3.0,0.0,1.0,3.0,7.0,4.0,,1.0,1.0,5.0,,1.0,,5.0,,4.0,,,3.0,,4.0,5.0,1.0,1.0,3.0,0.0,0.0,0.0,4.0,5.0,3.0,3.0,1.0,5.0,4.0,0.0,,,0.0,1.0,3.0,1.0,,,3.0,,0.0,0.0,4.0,,4.0,0.0,0.0,4.0,3.0,1.0,,,3.0,0.0,0.0,4.0,0.0,1.0,3.0,4.0,4.0,5.0,4.0,1.0,0.0,4.0,3.0,,1.0,1.0,0.0,,3.0,3.0,,3.0,,,,,0.0,0.0,,,,3.0,1.0,0.0,,1.0,,0.0,3.0,0.0,1.0,1.0,,5.0,3.0,2.0,,,1.0,1.0,5.0,1.0,4.0,3.0,1.0,3.0,,3.0,8.0,3.0,1.0,,,0.0,,,1.0,4.0,4.0,3.0,,5.0,3.0,3.0,1.0,1.0,4.0,5.0,4.0,5.0,,,1.0,1.0,1.0,0.0,,5.0,4.0,0.0,0.0,1.0,5.0,1.0,4.0,4.0,0.0,0.0,4.0,0.0,0.0,4.0,0.0,1.0,0.0,4.0,0.0,1.0,0.0,3.0,2.0,3.0,3.0,4.0,4.0,3.0,4.0,4.0,3.0,,,2.0,4.0,0.0,3.0,0.0,3.0,1.0,0.0,0.0,1.0,4.0,3.0,,3.0,0.0,0.0,3.0,3.0,3.0,4.0,,0.0,0.0,1.0,1.0,0.0,0.0,4.0,0.0,,2.0,0.0,0.0,1.0,3.0,0.0,0.0,1.0,0.0,1.0,0.0,,,0.0,1.0,4.0,0.0,4.0,0.0,0.0,0.0,0.0,1.0,0.0,1.0,0.0,0.0,0.0,0.0,0.0,,0.0,0.0,0.0,0.0,0.0,0.0,0.0,0.0,0.0,0.0,0.0,0.0,0.0,0.0,0.0,0.0,0.0,0.0,0.0,0.0,0.0,0.0,0.0,0.0,0.0,151.5991582363607,CR,0.9926967736858372
S108045,1.0,3.0,103.0,1.0,1.0,8.0,,3.0,1.0,0.0,1.0,,,,9.0,0.0,8.0,5.0,0.0,1.0,4.0,1.0,4.0,3.0,4.0,4.0,9.0,8.0,10.0,8.0,4.0,10.0,,4.0,3.0,5.0,0.0,3.0,7.0,4.0,,1.0,4.0,8.0,1.0,,5.0,4.0,,9.0,9.0,2.0,,2.0,3.0,1.0,9.0,3.0,,,3.0,0.0,3.0,4.0,,4.0,,6.0,1.0,7.0,0.0,0.0,1.0,,3.0,1.0,1.0,,0.0,3.0,,1.0,1.0,1.0,1.0,,1.0,4.0,9.0,6.0,1.0,1.0,,,,1.0,3.0,1.0,3.0,3.0,3.0,3.0,1.0,,,1.0,1.0,1.0,3.0,3.0,1.0,,4.0,2.0,4.0,1.0,1.0,1.0,,3.0,3.0,3.0,3.0,1.0,0.0,,,1.0,1.0,1.0,3.0,3.0,,3.0,,1.0,1.0,,3.0,1.0,3.0,3.0,3.0,,3.0,,1.0,1.0,3.0,,,,4.0,1.0,1.0,,0.0,1.0,,1.0,,,3.0,3.0,,3.0,,,,,,1.0,1.0,3.0,3.0,1.0,1.0,3.0,3.0,,1.0,,1.0,1.0,,1.0,,1.0,,,,1.0,,1.0,1.0,1.0,,1.0,1.0,1.0,1.0,1.0,,,1.0,,,,,,,4.0,1.0,1.0,,,0.0,1.0,1.0,,1.0,1.0,,4.0,,,1.0,,1.0,3.0,,1.0,3.0,1.0,0.0,,4.0,,,,3.0,,3.0,0.0,1.0,1.0,3.0,1.0,,1.0,3.0,,3.0,1.0,,,3.0,1.0,1.0,3.0,,1.0,3.0,,,,1.0,0.0,3.0,0.0,,1.0,0.0,3.0,1.0,1.0,,,1.0,0.0,3.0,1.0,0.0,3.0,4.0,,3.0,,1.0,1.0,,,,3.0,3.0,,1.0,0.0,1.0,1.0,1.0,,1.0,3.0,1.0,,,3.0,0.0,1.0,1.0,0.0,,,,0.0,0.0,,0.0,,,0.0,0.0,0.0,1.0,,0.0,0.0,0.0,0.0,,0.0,,0.0,0.0,1.0,1.0,1.0,1.0,0.0,1.0,0.0,0.0,0.0,0.0,0.0,0.0,0.0,0.0,0.0,0.0,12.53073269608354,PD,0.8471737742423746
S20710,5.0,6.0,6.0,7.0,5.0,12.0,8.0,5.0,6.0,12.0,5.0,0.0,4.0,6.0,4.0,12.0,12.0,12.0,12.0,6.0,3.0,6.0,0.0,26.0,0.0,3.0,4.0,12.0,5.0,12.0,12.0,5.0,8.0,0.0,5.0,12.0,12.0,5.0,5.0,0.0,6.0,5.0,0.0,12.0,7.0,6.0,12.0,3.0,3.0,4.0,0.0,4.0,0.0,4.0,6.0,4.0,4.0,8.0,5.0,4.0,7.0,7.0,4.0,9.0,8.0,0.0,8.0,11.0,8.0,5.0,4.0,0.0,4.0,7.0,7.0,6.0,4.0,4.0,4.0,6.0,8.0,7.0,7.0,7.0,7.0,0.0,7.0,9.0,4.0,11.0,7.0,6.0,4.0,7.0,6.0,7.0,7.0,5.0,7.0,10.0,7.0,6.0,0.0,6.0,4.0,7.0,6.0,8.0,5.0,0.0,0.0,7.0,3.0,4.0,9.0,6.0,7.0,5.0,6.0,1.0,6.0,6.0,1.0,0.0,5.0,5.0,0.0,0.0,6.0,0.0,0.0,1.0,4.0,6.0,10.0,0.0,7.0,0.0,0.0,7.0,7.0,7.0,0.0,7.0,1.0,10.0,7.0,0.0,4.0,6.0,0.0,7.0,3.0,7.0,7.0,8.0,0.0,7.0,3.0,6.0,5.0,6.0,5.0,5.0,0.0,4.0,7.0,7.0,6.0,0.0,0.0,7.0,7.0,6.0,6.0,6.0,0.0,1.0,0.0,4.0,7.0,0.0,7.0,7.0,0.0,0.0,0.0,5.0,3.0,5.0,7.0,7.0,7.0,5.0,5.0,0.0,4.0,7.0,,7.0,7.0,7.0,3.0,5.0,5.0,8.0,6.0,3.0,0.0,8.0,0.0,3.0,0.0,6.0,0.0,7.0,0.0,6.0,5.0,3.0,4.0,5.0,8.0,3.0,7.0,6.0,5.0,4.0,0.0,4.0,6.0,5.0,6.0,0.0,1.0,4.0,3.0,3.0,8.0,8.0,1.0,0.0,0.0,1.0,7.0,8.0,0.0,0.0,4.0,0.0,0.0,3.0,0.0,7.0,5.0,3.0,4.0,0.0,0.0,4.0,6.0,4.0,0.0,0.0,0.0,5.0,4.0,4.0,4.0,3.0,3.0,5.0,1.0,1.0,5.0,3.0,3.0,,0.0,3.0,0.0,,0.0,4.0,3.0,,1.0,0.0,0.0,5.0,4.0,0.0,0.0,1.0,0.0,5.0,,3.0,4.0,0.0,0.0,0.0,5.0,0.0,5.0,0.0,0.0,0.0,0.0,0.0,0.0,0.0,1.0,0.0,0.0,1.0,0.0,0.0,0.0,4.0,3.0,0.0,0.0,0.0,0.0,0.0,0.0,4.0,0.0,0.0,3.0,4.0,0.0,0.0,0.0,0.0,0.0,0.0,0.0,0.0,0.0,0.0,0.0,0.0,0.0,0.0,0.0,0.0,0.0,0.0,0.0,86.39148469295338,SD,0.5763331935226358
S48602,,4.0,3.0,4.0,,3.0,5.0,3.0,4.0,3.0,,5.0,4.0,3.0,3.0,3.0,10.0,3.0,3.0,4.0,5.0,4.0,0.0,7.0,0.0,0.0,3.0,3.0,4.0,10.0,10.0,0.0,5.0,3.0,3.0,3.0,3.0,3.0,4.0,0.0,3.0,3.0,0.0,3.0,5.0,3.0,3.0,0.0,3.0,3.0,0.0,6.0,0.0,6.0,0.0,,0.0,7.0,3.0,4.0,4.0,6.0,3.0,0.0,5.0,0.0,8.0,5.0,6.0,3.0,7.0,0.0,3.0,5.0,4.0,4.0,3.0,4.0,7.0,3.0,3.0,5.0,0.0,5.0,4.0,0.0,5.0,0.0,3.0,5.0,5.0,7.0,0.0,4.0,5.0,5.0,4.0,3.0,4.0,7.0,4.0,3.0,0.0,0.0,4.0,0.0,7.0,6.0,3.0,0.0,0.0,0.0,5.0,6.0,7.0,3.0,6.0,3.0,3.0,7.0,4.0,4.0,0.0,7.0,,3.0,5.0,5.0,3.0,5.0,7.0,3.0,4.0,4.0,3.0,0.0,3.0,0.0,0.0,5.0,4.0,4.0,0.0,0.0,0.0,3.0,3.0,0.0,3.0,3.0,0.0,5.0,5.0,5.0,3.0,4.0,,4.0,6.0,4.0,6.0,5.0,0.0,3.0,5.0,3.0,5.0,5.0,5.0,0.0,0.0,3.0,4.0,4.0,4.0,3.0,0.0,5.0,4.0,3.0,4.0,3.0,3.0,3.0,3.0,0.0,0.0,3.0,5.0,3.0,3.0,5.0,3.0,3.0,3.0,0.0,3.0,3.0,3.0,3.0,4.0,3.0,5.0,3.0,3.0,5.0,3.0,5.0,5.0,5.0,0.0,5.0,0.0,4.0,0.0,5.0,0.0,3.0,3.0,6.0,0.0,3.0,0.0,3.0,5.0,3.0,0.0,3.0,0.0,3.0,5.0,3.0,7.0,0.0,5.0,3.0,3.0,6.0,,,5.0,0.0,7.0,0.0,3.0,3.0,0.0,0.0,3.0,0.0,0.0,6.0,0.0,3.0,3.0,5.0,3.0,0.0,0.0,0.0,3.0,3.0,0.0,0.0,0.0,3.0,3.0,0.0,3.0,3.0,5.0,0.0,0.0,0.0,3.0,0.0,5.0,1.0,0.0,0.0,0.0,0.0,0.0,3.0,5.0,1.0,3.0,0.0,0.0,,4.0,3.0,0.0,0.0,0.0,3.0,0.0,0.0,,0.0,0.0,0.0,0.0,0.0,0.0,0.0,0.0,0.0,0.0,0.0,0.0,0.0,0.0,0.0,0.0,0.0,0.0,0.0,0.0,0.0,0.0,0.0,0.0,0.0,0.0,0.0,0.0,0.0,0.0,0.0,0.0,0.0,0.0,0.0,0.0,0.0,0.0,0.0,0.0,0.0,0.0,0.0,0.0,0.0,0.0,0.0,0.0,0.0,0.0,0.0,0.0,156.64681617898992,CR,0.8290805744171381
REF003,1.0,9.0,1.0,7.0,1.0,3.0,3.0,5.0,3.0,3.0,1.0,0.0,5.0,4.0,3.0,3.0,3.0,3.0,3.0,3.0,3.0,3.0,0.0,6.0,0.0,0.0,3.0,3.0,3.0,3.0,3.0,3.0,3.0,0.0,5.0,3.0,3.0,5.0,3.0,5.0,5.0,3.0,5.0,3.0,1.0,5.0,3.0,0.0,3.0,3.0,0.0,5.0,,5.0,3.0,1.0,3.0,3.0,3.0,5.0,7.0,0.0,5.0,5.0,1.0,0.0,3.0,,1.0,3.0,,0.0,,8.0,7.0,3.0,,5.0,,3.0,0.0,1.0,1.0,1.0,3.0,3.0,1.0,5.0,3.0,,3.0,6.0,3.0,0.0,0.0,1.0,0.0,11.0,7.0,6.0,7.0,3.0,0.0,0.0,5.0,3.0,6.0,1.0,5.0,0.0,3.0,3.0,3.0,5.0,5.0,1.0,1.0,11.0,5.0,1.0,11.0,5.0,1.0,1.0,,4.0,0.0,3.0,,3.0,3.0,3.0,5.0,0.0,3.0,0.0,3.0,5.0,5.0,1.0,7.0,5.0,5.0,3.0,1.0,3.0,3.0,0.0,5.0,4.0,0.0,3.0,3.0,1.0,3.0,3.0,0.0,7.0,3.0,1.0,2.0,3.0,5.0,5.0,3.0,5.0,3.0,3.0,3.0,0.0,,3.0,7.0,4.0,0.0,,1.0,0.0,0.0,3.0,7.0,0.0,3.0,3.0,,0.0,0.0,11.0,,0.0,3.0,3.0,,1.0,11.0,,3.0,3.0,,3.0,7.0,3.0,3.0,0.0,5.0,3.0,3.0,3.0,3.0,3.0,0.0,3.0,,3.0,3.0,3.0,0.0,1.0,1.0,3.0,,5.0,2.0,3.0,3.0,3.0,1.0,3.0,0.0,5.0,3.0,3.0,6.0,0.0,1.0,3.0,3.0,3.0,2.0,2.0,1.0,0.0,6.0,0.0,3.0,2.0,5.0,,0.0,0.0,5.0,3.0,0.0,3.0,0.0,,5.0,,,5.0,4.0,,5.0,0.0,0.0,3.0,,0.0,5.0,0.0,,1.0,0.0,1.0,1.0,0.0,,0.0,0.0,1.0,0.0,1.0,0.0,5.0,3.0,,0.0,0.0,,0.0,5.0,0.0,2.0,0.0,0.0,3.0,1.0,0.0,1.0,0.0,0.0,0.0,1.0,0.0,0.0,0.0,0.0,0.0,0.0,,0.0,0.0,0.0,0.0,0.0,0.0,0.0,0.0,0.0,0.0,0.0,0.0,0.0,0.0,0.0,0.0,0.0,0.0,0.0,0.0,0.0,0.0,0.0,0.0,0.0,0.0,0.0,0.0,0.0,0.0,0.0,0.0,0.0,0.0,0.0,0.0,0.0,0.0,0.0,0.0,0.0,21.68060690040333,SD,0.1980044530771607
REF019,1.0,3.0,4.0,3.0,1.0,6.0,61.0,6.0,3.0,3.0,1.0,4.0,1.0,5.0,6.0,3.0,3.0,3.0,3.0,3.0,4.0,3.0,9.0,6.0,0.0,6.0,6.0,6.0,6.0,3.0,3.0,6.0,5.0,8.0,4.0,3.0,3.0,6.0,6.0,5.0,4.0,3.0,5.0,3.0,7.0,4.0,3.0,0.0,5.0,6.0,6.0,1.0,3.0,1.0,0.0,1.0,6.0,3.0,6.0,1.0,3.0,0.0,3.0,5.0,1.0,0.0,6.0,4.0,0.0,3.0,5.0,0.0,,4.0,3.0,3.0,,1.0,0.0,3.0,0.0,7.0,7.0,7.0,3.0,0.0,7.0,5.0,6.0,4.0,2.0,,3.0,3.0,4.0,7.0,3.0,5.0,3.0,6.0,3.0,3.0,3.0,6.0,1.0,7.0,,8.0,4.0,3.0,7.0,3.0,4.0,1.0,5.0,4.0,7.0,5.0,4.0,3.0,3.0,3.0,3.0,,1.0,3.0,4.0,2.0,5.0,2.0,3.0,3.0,1.0,3.0,6.0,0.0,7.0,4.0,6.0,7.0,3.0,3.0,6.0,3.0,3.0,6.0,0.0,0.0,3.0,9.0,4.0,3.0,4.0,7.0,6.0,4.0,1.0,3.0,1.0,7.0,0.0,5.0,6.0,6.0,5.0,4.0,5.0,3.0,5.0,5.0,3.0,0.0,3.0,3.0,3.0,5.0,0.0,3.0,3.0,6.0,3.0,5.0,0.0,0.0,6.0,0.0,0.0,5.0,3.0,0.0,1.0,2.0,5.0,6.0,5.0,,0.0,0.0,,0.0,3.0,8.0,,5.0,0.0,5.0,6.0,,5.0,8.0,0.0,4.0,,3.0,5.0,3.0,1.0,4.0,1.0,1.0,,5.0,4.0,8.0,5.0,6.0,,6.0,,0.0,5.0,3.0,6.0,0.0,3.0,1.0,8.0,1.0,4.0,4.0,3.0,0.0,6.0,3.0,0.0,4.0,0.0,,0.0,1.0,0.0,1.0,3.0,5.0,0.0,3.0,4.0,,,3.0,5.0,,0.0,3.0,0.0,5.0,,0.0,6.0,0.0,3.0,1.0,3.0,3.0,1.0,,3.0,3.0,0.0,,3.0,4.0,1.0,3.0,4.0,3.0,3.0,0.0,,1.0,1.0,0.0,4.0,3.0,0.0,5.0,0.0,0.0,1.0,0.0,0.0,0.0,1.0,3.0,1.0,0.0,0.0,0.0,1.0,,1.0,,,0.0,0.0,3.0,0.0,0.0,0.0,0.0,0.0,0.0,0.0,0.0,0.0,0.0,0.0,1.0,0.0,0.0,0.0,1.0,0.0,0.0,0.0,1.0,0.0,0.0,1.0,0.0,0.0,0.0,0.0,0.0,0.0,0.0,0.0,0.0,0.0,0.0,0.0,51.910589578763165,SD,0.6671104395607236
S73230,2.0,4.0,3.0,4.0,2.0,10.0,,4.0,3.0,3.0,2.0,3.0,3.0,3.0,5.0,3.0,10.0,3.0,3.0,3.0,3.0,3.0,0.0,4.0,0.0,5.0,5.0,10.0,5.0,10.0,10.0,,,4.0,4.0,3.0,3.0,4.0,0.0,3.0,5.0,,3.0,3.0,5.0,5.0,3.0,0.0,5.0,5.0,5.0,4.0,1.0,4.0,0.0,2.0,5.0,3.0,8.0,3.0,4.0,3.0,4.0,0.0,5.0,0.0,3.0,5.0,4.0,,,3.0,3.0,3.0,4.0,3.0,3.0,3.0,,5.0,4.0,5.0,5.0,5.0,3.0,0.0,5.0,5.0,5.0,5.0,,,1.0,1.0,3.0,5.0,4.0,5.0,4.0,4.0,4.0,5.0,3.0,0.0,3.0,,,4.0,4.0,5.0,0.0,,3.0,4.0,3.0,3.0,5.0,5.0,5.0,5.0,4.0,4.0,5.0,3.0,,,3.0,,2.0,,3.0,4.0,3.0,4.0,3.0,2.0,,0.0,4.0,5.0,4.0,4.0,4.0,,0.0,3.0,0.0,4.0,4.0,3.0,1.0,,3.0,5.0,,1.0,,4.0,3.0,4.0,1.0,,4.0,4.0,0.0,4.0,,,,0.0,1.0,,4.0,4.0,4.0,2.0,4.0,4.0,4.0,5.0,4.0,0.0,,,0.0,5.0,0.0,5.0,1.0,0.0,1.0,,3.0,2.0,5.0,1.0,3.0,,1.0,,4.0,,5.0,4.0,5.0,,8.0,5.0,,,5.0,3.0,3.0,3.0,0.0,,,3.0,2.0,3.0,3.0,5.0,1.0,4.0,,9.0,0.0,5.0,0.0,4.0,,,4.0,5.0,0.0,5.0,4.0,3.0,1.0,1.0,3.0,0.0,4.0,0.0,0.0,1.0,4.0,1.0,1.0,0.0,4.0,3.0,0.0,,,1.0,4.0,3.0,3.0,4.0,3.0,3.0,4.0,5.0,0.0,,3.0,0.0,4.0,,1.0,2.0,0.0,0.0,2.0,3.0,1.0,5.0,3.0,0.0,3.0,3.0,0.0,4.0,3.0,5.0,0.0,0.0,1.0,2.0,0.0,0.0,1.0,0.0,0.0,,0.0,0.0,2.0,3.0,0.0,0.0,2.0,0.0,2.0,0.0,0.0,0.0,0.0,1.0,0.0,0.0,1.0,0.0,0.0,0.0,0.0,1.0,0.0,1.0,3.0,3.0,0.0,0.0,0.0,0.0,0.0,0.0,3.0,0.0,0.0,0.0,1.0,0.0,0.0,0.0,0.0,0.0,0.0,0.0,0.0,0.0,0.0,0.0,0.0,0.0,0.0,0.0,0.0,0.0,0.0,167.35367625524216,CR,0.9919346440080063
S66684,3.0,7.0,4.0,7.0,3.0,6.0,5.0,4.0,3.0,6.0,3.0,0.0,7.0,7.0,5.0,6.0,6.0,6.0,6.0,3.0,5.0,3.0,0.0,9.0,0.0,10.0,9.0,6.0,9.0,6.0,6.0,9.0,5.0,0.0,0.0,6.0,6.0,4.0,9.0,0.0,6.0,5.0,7.0,6.0,3.0,0.0,6.0,0.0,6.0,9.0,0.0,8.0,0.0,8.0,0.0,3.0,5.0,8.0,5.0,7.0,7.0,8.0,4.0,7.0,2.0,0.0,6.0,4.0,4.0,5.0,3.0,0.0,5.0,9.0,7.0,3.0,5.0,0.0,3.0,5.0,6.0,3.0,1.0,0.0,8.0,0.0,3.0,7.0,9.0,4.0,5.0,6.0,8.0,7.0,5.0,3.0,0.0,6.0,7.0,9.0,0.0,5.0,8.0,6.0,7.0,0.0,6.0,4.0,0.0,6.0,0.0,5.0,5.0,8.0,7.0,4.0,1.0,6.0,0.0,6.0,7.0,0.0,0.0,5.0,,5.0,0.0,5.0,8.0,5.0,0.0,2.0,7.0,0.0,6.0,0.0,4.0,0.0,0.0,3.0,7.0,6.0,0.0,0.0,0.0,6.0,0.0,0.0,4.0,7.0,0.0,5.0,5.0,3.0,5.0,8.0,,7.0,3.0,3.0,0.0,6.0,0.0,8.0,6.0,5.0,0.0,5.0,6.0,0.0,0.0,0.0,7.0,7.0,7.0,8.0,0.0,0.0,0.0,3.0,7.0,0.0,0.0,0.0,0.0,0.0,6.0,6.0,4.0,6.0,6.0,5.0,4.0,4.0,6.0,0.0,6.0,5.0,3.0,0.0,7.0,5.0,5.0,7.0,6.0,5.0,6.0,5.0,6.0,5.0,0.0,5.0,4.0,3.0,0.0,5.0,,4.0,4.0,3.0,4.0,6.0,6.0,4.0,5.0,6.0,0.0,0.0,0.0,5.0,6.0,5.0,9.0,0.0,1.0,0.0,4.0,3.0,0.0,6.0,1.0,0.0,3.0,1.0,0.0,6.0,0.0,0.0,,1.0,5.0,3.0,0.0,3.0,6.0,4.0,5.0,4.0,0.0,4.0,7.0,4.0,0.0,0.0,0.0,6.0,4.0,3.0,4.0,3.0,4.0,0.0,0.0,0.0,4.0,3.0,4.0,3.0,0.0,1.0,0.0,0.0,0.0,4.0,5.0,3.0,2.0,0.0,0.0,3.0,0.0,0.0,0.0,0.0,0.0,6.0,0.0,5.0,3.0,0.0,0.0,0.0,0.0,0.0,0.0,0.0,0.0,0.0,,0.0,1.0,0.0,,0.0,0.0,0.0,0.0,0.0,0.0,0.0,,0.0,0.0,0.0,0.0,0.0,4.0,0.0,0.0,0.0,0.0,0.0,0.0,0.0,0.0,0.0,0.0,0.0,1.0,0.0,0.0,0.0,0.0,0.0,0.0,0.0,0.0,0.0,0.0,0.0,0.0,159.70483710027884,PR,0.7993166822451157
S100804,1.0,5.0,,5.0,1.0,72.0,3.0,5.0,,12.0,1.0,,,,,8.0,15.0,12.0,0.0,,25.0,,5.0,1.0,5.0,5.0,,19.0,0.0,13.0,0.0,,3.0,,7.0,10.0,0.0,5.0,,5.0,,,5.0,4.0,4.0,,10.0,5.0,,0.0,,,,,5.0,1.0,0.0,,,,5.0,0.0,12.0,5.0,0.0,5.0,,0.0,4.0,,,2.0,,,5.0,,,1.0,,5.0,,4.0,4.0,4.0,,3.0,4.0,5.0,0.0,,,,,,,4.0,5.0,0.0,5.0,1.0,5.0,5.0,,,,,,4.0,5.0,,,3.0,3.0,0.0,5.0,,4.0,0.0,,1.0,1.0,5.0,1.0,,0.0,4.0,,,0.0,,,,1.0,5.0,,,0.0,,5.0,4.0,5.0,5.0,5.0,3.0,1.0,,,4.0,12.0,,,3.0,3.0,4.0,0.0,,0.0,5.0,10.0,4.0,0.0,3.0,5.0,5.0,3.0,1.0,3.0,3.0,3.0,3.0,,0.0,1.0,5.0,5.0,0.0,4.0,3.0,5.0,,5.0,3.0,,,3.0,4.0,,1.0,,3.0,,,3.0,,4.0,12.0,,,,,5.0,,1.0,4.0,4.0,3.0,,3.0,3.0,3.0,,3.0,,,3.0,3.0,0.0,,0.0,,0.0,4.0,,,3.0,,,,,4.0,3.0,,4.0,4.0,3.0,,,0.0,,,,0.0,4.0,3.0,,4.0,3.0,,,,4.0,,,0.0,3.0,,3.0,,3.0,4.0,,,4.0,4.0,,3.0,0.0,,5.0,0.0,,1.0,0.0,1.0,,,,4.0,,0.0,,1.0,0.0,4.0,3.0,4.0,,,,1.0,0.0,4.0,,3.0,5.0,3.0,1.0,0.0,4.0,,1.0,,1.0,,1.0,3.0,,5.0,0.0,,0.0,0.0,,4.0,0.0,0.0,0.0,,2.0,,,0.0,0.0,0.0,1.0,,0.0,0.0,0.0,0.0,,0.0,,0.0,0.0,1.0,0.0,0.0,0.0,,0.0,0.0,0.0,0.0,0.0,0.0,0.0,0.0,0.0,0.0,0.0,37.37233972203191,SD,0.1887794035656067
REF063,4.0,,3.0,,4.0,1.0,3.0,,,4.0,4.0,5.0,5.0,4.0,3.0,1.0,4.0,4.0,1.0,,,,8.0,1.0,8.0,8.0,3.0,1.0,3.0,4.0,4.0,3.0,3.0,,,4.0,1.0,,3.0,8.0,3.0,3.0,8.0,1.0,4.0,3.0,4.0,8.0,1.0,3.0,3.0,4.0,,4.0,3.0,4.0,3.0,3.0,3.0,5.0,,0.0,,8.0,3.0,8.0,3.0,3.0,4.0,3.0,3.0,0.0,,5.0,,,,5.0,0.0,3.0,,4.0,4.0,4.0,,3.0,4.0,8.0,3.0,3.0,,3.0,,,5.0,4.0,,0.0,,1.0,,3.0,,3.0,5.0,1.0,3.0,4.0,,3.0,1.0,3.0,,4.0,8.0,1.0,4.0,0.0,3.0,3.0,,,3.0,3.0,3.0,1.0,5.0,,4.0,,3.0,3.0,5.0,,,4.0,1.0,3.0,,4.0,,,,3.0,3.0,,1.0,4.0,,4.0,,3.0,,4.0,0.0,,3.0,,,4.0,3.0,3.0,,,3.0,,3.0,3.0,3.0,3.0,,1.0,,,,4.0,4.0,3.0,,1.0,,3.0,1.0,1.0,1.0,4.0,3.0,8.0,3.0,3.0,,,1.0,4.0,8.0,1.0,,1.0,1.0,1.0,,1.0,1.0,,1.0,3.0,3.0,1.0,3.0,3.0,1.0,,,,3.0,3.0,3.0,7.0,4.0,0.0,,8.0,,,3.0,3.0,3.0,1.0,3.0,,3.0,3.0,8.0,4.0,3.0,1.0,,0.0,,,3.0,3.0,3.0,3.0,1.0,1.0,,1.0,,0.0,,0.0,3.0,1.0,3.0,3.0,,,,,4.0,,,,3.0,3.0,,0.0,,0.0,3.0,4.0,3.0,3.0,4.0,,3.0,,,3.0,3.0,,3.0,,,,3.0,,1.0,4.0,0.0,,,3.0,3.0,3.0,,0.0,,,,3.0,4.0,3.0,4.0,3.0,3.0,3.0,3.0,1.0,0.0,3.0,,,3.0,3.0,3.0,,0.0,,,0.0,3.0,0.0,,3.0,0.0,0.0,0.0,0.0,,0.0,,0.0,0.0,0.0,0.0,0.0,0.0,0.0,0.0,0.0,0.0,0.0,0.0,0.0,0.0,0.0,0.0,0.0,0.0,171.66957099793447,PR,0.9922193247246852
S28077,,1.0,4.0,1.0,,7.0,6.0,3.0,5.0,7.0,,0.0,4.0,5.0,5.0,7.0,7.0,7.0,7.0,5.0,3.0,5.0,0.0,6.0,0.0,0.0,5.0,7.0,7.0,7.0,7.0,8.0,6.0,0.0,0.0,7.0,7.0,3.0,8.0,0.0,4.0,10.0,0.0,7.0,6.0,0.0,7.0,0.0,5.0,5.0,0.0,5.0,3.0,5.0,5.0,,5.0,8.0,4.0,4.0,1.0,7.0,3.0,6.0,6.0,0.0,7.0,7.0,5.0,10.0,7.0,0.0,,9.0,1.0,5.0,15.0,4.0,7.0,5.0,3.0,6.0,6.0,6.0,4.0,0.0,6.0,6.0,5.0,7.0,6.0,6.0,1.0,0.0,0.0,6.0,0.0,5.0,1.0,6.0,1.0,5.0,0.0,5.0,4.0,4.0,6.0,5.0,0.0,8.0,4.0,3.0,3.0,5.0,6.0,4.0,6.0,5.0,0.0,3.0,1.0,0.0,3.0,6.0,3.0,6.0,0.0,6.0,5.0,6.0,0.0,3.0,4.0,1.0,5.0,0.0,0.0,0.0,0.0,6.0,1.0,0.0,0.0,0.0,0.0,5.0,4.0,0.0,3.0,5.0,4.0,3.0,3.0,6.0,4.0,4.0,3.0,1.0,3.0,5.0,7.0,6.0,0.0,0.0,6.0,3.0,6.0,3.0,6.0,0.0,3.0,0.0,1.0,1.0,1.0,5.0,5.0,6.0,1.0,4.0,1.0,0.0,4.0,3.0,0.0,0.0,5.0,5.0,3.0,,,6.0,3.0,6.0,5.0,0.0,5.0,4.0,5.0,4.0,1.0,4.0,,4.0,5.0,6.0,5.0,,6.0,6.0,0.0,3.0,1.0,5.0,0.0,3.0,0.0,4.0,6.0,3.0,1.0,5.0,0.0,3.0,6.0,5.0,0.0,4.0,0.0,3.0,6.0,5.0,6.0,0.0,6.0,4.0,3.0,3.0,,,6.0,7.0,6.0,6.0,0.0,6.0,3.0,0.0,3.0,0.0,3.0,3.0,8.0,3.0,,3.0,3.0,1.0,1.0,3.0,5.0,1.0,3.0,0.0,4.0,,1.0,0.0,3.0,4.0,3.0,,0.0,0.0,6.0,1.0,3.0,1.0,0.0,1.0,0.0,0.0,0.0,3.0,3.0,1.0,3.0,0.0,0.0,,4.0,0.0,,0.0,5.0,,0.0,0.0,,0.0,0.0,0.0,,0.0,0.0,0.0,4.0,0.0,0.0,0.0,0.0,0.0,0.0,0.0,0.0,0.0,0.0,0.0,0.0,1.0,0.0,0.0,0.0,5.0,0.0,0.0,0.0,4.0,0.0,0.0,0.0,0.0,0.0,0.0,0.0,0.0,0.0,0.0,0.0,0.0,0.0,0.0,0.0,0.0,0.0,0.0,0.0,0.0,0.0,0.0,0.0,154.33073867538005,PR,0.7978875088193076
REF057,,,,,,,,,0.0,,,0.0,,,,,,,,0.0,,,,,,,,,,,,,,,,,,,,,,,,,4.0,,,,,,,,,,0.0,,,,,,,0.0,0.0,,1.0,,,,1.0,,,2.0,0.0,4.0,,0.0,0.0,,0.0,0.0,,4.0,4.0,4.0,,,1.0,,,,,,,,0.0,4.0,,,,,,0.0,,,,,0.0,1.0,,,,,,,,,4.0,,,,,,,,,0.0,0.0,,,,,,,,,,,,,4.0,,,,,,,,1.0,0.0,,,,,4.0,0.0,,,,,0.0,,,,,,0.0,,,,,,,,,,,1.0,,,,,,,,,1.0,,,,,,,,,,,,,,,,,,,0.0,,,0.0,,,,,0.0,0.0,,,,,,,0.0,0.0,,,,,,,,0.0,,,,1.0,,,,,,,,,,,,0.0,0.0,,,0.0,0.0,,,,,,0.0,0.0,0.0,0.0,,0.0,0.0,,0.0,,0.0,0.0,,0.0,,,,,,0.0,,,,,,,,0.0,,,,,,,0.0,,,,0.0,,,0.0,,,,,,,,,0.0,0.0,,,0.0,,,,,,,,2.0,,,0.0,,0.0,,0.0,0.0,0.0,2.0,0.0,,0.0,,0.0,0.0,0.0,0.0,0.0,0.0,0.0,0.0,,0.0,,,,,0.0,0.0,0.0,0.0,-6.414002808370369,PD,-1.1167088271279324
S44441,3.0,3.0,,,3.0,7.0,22.0,3.0,3.0,7.0,3.0,0.0,3.0,4.0,,7.0,7.0,7.0,7.0,3.0,4.0,3.0,0.0,6.0,0.0,0.0,6.0,7.0,7.0,7.0,7.0,0.0,22.0,0.0,3.0,7.0,7.0,3.0,7.0,0.0,4.0,6.0,0.0,7.0,,4.0,7.0,0.0,4.0,6.0,0.0,5.0,,5.0,0.0,3.0,,6.0,3.0,3.0,,5.0,,6.0,,0.0,7.0,,,6.0,4.0,0.0,,4.0,0.0,3.0,,3.0,4.0,,5.0,,,,,0.0,0.0,6.0,6.0,,,4.0,4.0,0.0,0.0,,3.0,4.0,,6.0,,,,0.0,3.0,4.0,4.0,,3.0,6.0,0.0,3.0,4.0,5.0,6.0,,,4.0,4.0,6.0,3.0,3.0,6.0,4.0,1.0,9.0,0.0,,4.0,,0.0,1.0,3.0,0.0,4.0,0.0,3.0,0.0,0.0,,,3.0,0.0,0.0,0.0,4.0,4.0,0.0,,4.0,0.0,3.0,4.0,,3.0,5.0,1.0,,,1.0,0.0,10.0,3.0,3.0,0.0,3.0,0.0,3.0,10.0,0.0,,0.0,,3.0,3.0,4.0,0.0,0.0,0.0,5.0,,0.0,3.0,0.0,0.0,0.0,0.0,4.0,4.0,3.0,3.0,,0.0,3.0,4.0,0.0,4.0,3.0,5.0,3.0,,3.0,,0.0,4.0,3.0,3.0,,0.0,3.0,0.0,4.0,,3.0,0.0,3.0,1.0,,3.0,,,4.0,4.0,4.0,3.0,3.0,4.0,5.0,4.0,3.0,10.0,6.0,6.0,0.0,0.0,5.0,4.0,,0.0,4.0,0.0,0.0,6.0,0.0,0.0,4.0,0.0,4.0,3.0,0.0,0.0,,0.0,3.0,3.0,4.0,3.0,,0.0,0.0,4.0,,0.0,0.0,0.0,3.0,,4.0,,,4.0,3.0,0.0,0.0,3.0,2.0,4.0,0.0,0.0,1.0,0.0,0.0,0.0,,4.0,,1.0,3.0,0.0,3.0,3.0,0.0,0.0,0.0,0.0,3.0,0.0,0.0,3.0,0.0,0.0,0.0,3.0,1.0,3.0,0.0,0.0,0.0,0.0,0.0,0.0,0.0,0.0,0.0,0.0,0.0,0.0,0.0,0.0,0.0,1.0,0.0,0.0,0.0,0.0,0.0,0.0,3.0,0.0,0.0,1.0,0.0,0.0,0.0,0.0,0.0,0.0,0.0,0.0,0.0,0.0,0.0,0.0,0.0,0.0,0.0,0.0,0.0,0.0,0.0,0.0,1.2928107891643168,SD,-0.4276141782901241
S69196,,3.0,3.0,82.0,,8.0,,3.0,,,,3.0,3.0,6.0,3.0,,8.0,,,,3.0,,0.0,5.0,0.0,0.0,3.0,8.0,3.0,8.0,8.0,3.0,,1.0,3.0,,5.0,3.0,3.0,6.0,6.0,3.0,6.0,8.0,4.0,6.0,,0.0,5.0,3.0,3.0,3.0,7.0,3.0,0.0,,3.0,,3.0,3.0,15.0,,3.0,6.0,1.0,0.0,,5.0,0.0,3.0,0.0,5.0,3.0,3.0,0.0,,3.0,3.0,0.0,5.0,3.0,0.0,0.0,1.0,1.0,0.0,2.0,6.0,3.0,5.0,,2.0,0.0,7.0,3.0,1.0,0.0,3.0,2.0,5.0,2.0,5.0,1.0,3.0,3.0,2.0,2.0,3.0,3.0,,2.0,3.0,3.0,3.0,6.0,3.0,1.0,3.0,6.0,,3.0,0.0,,2.0,,3.0,3.0,,3.0,,,,3.0,0.0,3.0,3.0,2.0,6.0,3.0,4.0,2.0,0.0,3.0,3.0,,3.0,2.0,0.0,3.0,6.0,1.0,3.0,3.0,4.0,2.0,1.0,,1.0,4.0,2.0,,,3.0,3.0,,3.0,,3.0,,,7.0,2.0,1.0,0.0,3.0,3.0,0.0,,0.0,5.0,1.0,,2.0,2.0,1.0,0.0,3.0,3.0,1.0,,0.0,,3.0,3.0,3.0,0.0,3.0,2.0,0.0,2.0,4.0,2.0,3.0,5.0,3.0,,3.0,3.0,,,5.0,3.0,3.0,,,3.0,,3.0,3.0,4.0,3.0,3.0,1.0,1.0,,3.0,2.0,5.0,2.0,3.0,,3.0,5.0,0.0,,5.0,1.0,4.0,1.0,1.0,,,5.0,,2.0,1.0,3.0,0.0,3.0,0.0,3.0,4.0,,2.0,,1.0,3.0,3.0,3.0,3.0,6.0,3.0,3.0,3.0,0.0,,3.0,0.0,3.0,,1.0,,,,3.0,3.0,1.0,3.0,1.0,0.0,,3.0,,3.0,3.0,3.0,,0.0,0.0,3.0,0.0,4.0,1.0,,0.0,,3.0,0.0,1.0,,0.0,,,,3.0,0.0,0.0,0.0,0.0,0.0,0.0,0.0,4.0,0.0,,,0.0,,0.0,0.0,0.0,,0.0,0.0,3.0,0.0,0.0,0.0,0.0,0.0,0.0,0.0,0.0,0.0,0.0,0.0,0.0,0.0,0.0,0.0,0.0,0.0,0.0,0.0,0.0,0.0,0.0,0.0,0.0,0.0,0.0,165.3180282847895,PR,0.8735820153650371
