"batch.name","slope.control","slope.treatment","angle","max_time"
"100534.PACLITAXEL",82.1067022980416,78.9220064300623,3.18469586797927,14
"100672.PACLITAXEL",78.560789522907,75.6115083536203,2.94928116928671,14
"100804.PACLITAXEL",74.0601763243058,83.2074958582762,-9.14731953397046,14
"108045.PACLITAXEL",88.8308765979715,85.1567116657594,3.67416493221211,14
"108099.PACLITAXEL",43.2148123312925,55.7748046787227,-12.5599923474302,14
"16720.PACLITAXEL",83.3700761972461,80.6020254110834,2.76805078616268,14
"17518.PACLITAXEL",88.8149545086444,44.1945996766836,44.6203548319608,14
"18674.PACLITAXEL",85.3655313835898,-45.2314572143088,130.596988597899,14
"20710.PACLITAXEL",58.2197830568228,-49.9475548643061,108.167337921129,14
"241417.PACLITAXEL",84.6911691411284,-70.7078910527081,155.399060193837,14
"28077.PACLITAXEL",78.9448743591493,-79.7708698024342,158.715744161584,14
"28992.PACLITAXEL",89.3081182220242,84.5803973052361,4.72772091678812,14
"38807.PACLITAXEL",75.308182304793,-80.7468356546286,156.055017959422,14
"44205.PACLITAXEL",68.9571957325379,61.9953946969669,6.96180103557103,14
"44441.PACLITAXEL",64.8900775384707,-76.1894183964795,141.07949593495,14
"44721.PACLITAXEL",73.0509888509233,-68.7177382786504,141.768727129574,14
"47904.PACLITAXEL",84.2412683377957,70.1563538052663,14.0849145325294,14
"48041.PACLITAXEL",62.6409523565042,-73.3472411545077,135.988193511012,14
"48342.PACLITAXEL",88.4915870333141,78.6626119886417,9.82897504467239,14
"48602.PACLITAXEL",81.9179621342188,-82.5935480812907,164.511510215509,14
"53782.PACLITAXEL",82.8845273834595,79.5315798862937,3.35294749716576,14
"65465.PACLITAXEL",81.5478594723386,-73.9836974408496,155.531556913188,14
"66292.PACLITAXEL",84.4331436635043,88.5765583170297,-4.14341465352545,14
"66684.PACLITAXEL",45.0383260634584,-84.6349135414076,129.673239604866,14
"66817.PACLITAXEL",70.0482155567258,87.1895800654599,-17.1413645087341,14
"67455.PACLITAXEL",-78.7391665680106,-72.1124262112649,-6.6267403567457,14
"67725.PACLITAXEL",87.7937721258679,87.2329213575049,0.560850768362997,14
"67990.PACLITAXEL",81.2344673207185,40.0965017863482,41.1379655343703,14
"69196.PACLITAXEL",82.1598174184036,-35.1397820718612,117.299599490265,14
"70620.PACLITAXEL",78.6383681406964,-74.4554876619704,153.093855802667,14
"71208.PACLITAXEL",58.9100618354908,-70.5154832205133,129.425545056004,14
"71335.PACLITAXEL",84.7324276365354,75.2087440252088,9.5236836113266,14
"72877.PACLITAXEL",75.1635872681363,-66.9287358363951,142.092323104531,14
"72955.PACLITAXEL",88.209934659133,79.8204554416897,8.38947921744332,14
"73230.PACLITAXEL",83.1361647208895,-84.0843475549209,167.22051227581,14
"73263.PACLITAXEL",86.1512204798132,-71.2352936499136,157.386514129727,14
"73471.PACLITAXEL",85.2608259653327,-4.8947065583295,90.1555325236622,14
"85277.PACLITAXEL",87.0982061454523,54.7522868907049,32.3459192547474,14
"95412.PACLITAXEL",87.0634257180872,-68.4305941714795,155.494019889567,14
"BPTO95.PACLITAXEL",71.2301566502543,52.3774999205533,18.852656729701,14
"BXTO64.PACLITAXEL",87.0745852272118,79.482344987395,7.59224023981675,14
"DCPTOB19.PACLITAXEL",66.4771056257604,-68.8625800664322,135.339685692193,14
"INSB014.PACLITAXEL",88.6085509731911,84.9118654738492,3.69668549934194,14
"INSB019.PACLITAXEL",83.8832877358997,83.6077166115628,0.275571124336906,14
"NOTCH01.PACLITAXEL",88.2443163275958,86.8403560137584,1.40396031383743,14
"NOTCH06.PACLITAXEL",86.9892239804506,49.1016041650474,37.8876198154032,14
"NOTCH10.PACLITAXEL",80.270770010198,-74.1431404529038,154.413910463102,14
"NOTCH18.PACLITAXEL",74.9357211285966,-81.7656832757882,156.701404404385,14
"NOTCHB01.PACLITAXEL",83.0564696519746,-52.7412466622612,135.797716314236,14
"NOTCHB02.PACLITAXEL",-6.52172173239433,-22.536462971648,16.0147412392536,14
"NOTCHB03.PACLITAXEL",83.7125517947014,-74.7352825513767,158.447834346078,14
"REF001.PACLITAXEL",82.5299801411181,31.3052993701848,51.2246807709332,14
"REF002.PACLITAXEL",83.3468088806423,-77.4919822017712,160.838791082414,14
"REF003.PACLITAXEL",-23.0700212895429,-67.3741111426499,44.304089853107,14
"REF004.PACLITAXEL",87.4432452207585,83.3705421661982,4.07270305456034,14
"REF005.PACLITAXEL",85.5532096711815,-77.1089553798872,162.662165051069,14
"REF006.PACLITAXEL",84.7599050883308,39.6850352491122,45.0748698392186,14
"REF007.PACLITAXEL",83.2546602893298,-74.938652916011,158.193313205341,14
"REF009.PACLITAXEL",74.3986952748714,-68.322827562116,142.721522836987,14
"REF013.PACLITAXEL",87.0058552442906,-85.2240627031089,172.2299179474,14
"REF014.PACLITAXEL",76.0201512511566,80.3153733393876,-4.29522208823101,14
"REF016.PACLITAXEL",87.6225701687278,80.8512264431059,6.77134372562192,14
"REF019.PACLITAXEL",86.8749930675064,70.2812923259172,16.5937007415891,14
"REF022.PACLITAXEL",83.9038168882871,-62.1053412686183,146.009158156905,14
"REF023.PACLITAXEL",82.7246585094013,-88.5388617445418,171.263520253943,14
"REF024.PACLITAXEL",57.7558257465362,-80.3196460311584,138.075471777695,14
"REF025.PACLITAXEL",68.0869429309238,74.922499143949,-6.83555621302516,14
"REF034.PACLITAXEL",65.6352268504246,-33.0572283103613,98.6924551607859,14
"REF035.PACLITAXEL",87.5140790020988,-46.3167389472039,133.830817949303,14
"REF036.PACLITAXEL",87.7924510952363,-82.6665813937776,170.459032489014,14
"REF037.PACLITAXEL",NA,NA,NA,14
"REF041.PACLITAXEL",-48.1105187714668,-67.5108845799085,19.4003658084417,14
"REF043.PACLITAXEL",88.1885694125477,-73.9706087050714,162.159178117619,14
"REF044.PACLITAXEL",88.8438922377553,86.5765286134703,2.26736362428501,14
"REF047.PACLITAXEL",87.4084010818071,86.6172303367409,0.791170745066196,14
"REF048.PACLITAXEL",88.5577140668436,88.7441935923342,-0.18647952549054,14
"REF052.PACLITAXEL",84.5509464996941,82.9570700046635,1.59387649503066,14
"REF057.PACLITAXEL",86.4258826799944,85.5751135901018,0.850769089892623,14
"REF063.PACLITAXEL",88.6590917784655,86.225059764939,2.4340320135265,14
"REFOV042.PACLITAXEL",77.7081568597157,-52.4744759615866,130.182632821302,14
"100534.PACLITAXEL",82.1067022980416,78.9220064300623,3.18469586797927,21
"100672.PACLITAXEL",79.9960782968794,-17.3546552746598,97.3507335715393,21
"100804.PACLITAXEL",73.7413783317368,72.5918856386387,1.14949269309807,21
"108045.PACLITAXEL",88.5554545238532,82.6819858322063,5.87346869164693,21
"108099.PACLITAXEL",43.2148123312925,56.3572310374242,-13.1424187061317,21
"16720.PACLITAXEL",82.3867641818657,78.6209788878826,3.76578529398313,21
"17518.PACLITAXEL",88.8647796054583,-66.7050083624027,155.569787967861,21
"18674.PACLITAXEL",85.0704599724679,-75.0152910165628,160.085750989031,21
"20710.PACLITAXEL",64.9849647541372,-18.3564854183124,83.3414501724496,21
"241417.PACLITAXEL",84.7921431428679,-68.9027437875119,153.69488693038,21
"28077.PACLITAXEL",77.3091416728276,-78.1689023734067,155.478044046234,21
"28992.PACLITAXEL",89.3108465413685,87.5629966688469,1.74784987252156,21
"38807.PACLITAXEL",75.5011200748124,-79.6183367830112,155.119456857824,21
"44205.PACLITAXEL",73.3841016343912,39.71749680982,33.6666048245712,21
"44441.PACLITAXEL",73.8818749430406,-51.6934599914783,125.575334934519,21
"44721.PACLITAXEL",64.2180748135953,-75.4833055510954,139.701380364691,21
"47904.PACLITAXEL",85.2323967415072,71.4777991469573,13.7545975945499,21
"48041.PACLITAXEL",62.2578831038339,-60.2500887008898,122.507971804724,21
"48342.PACLITAXEL",88.5701400221086,82.8520792351272,5.71806078698135,21
"48602.PACLITAXEL",81.3667110925675,-81.5571805811696,162.923891673737,21
"53782.PACLITAXEL",81.0049087004239,61.8771295917672,19.1277791086567,21
"65465.PACLITAXEL",83.3862533859891,-75.9677184798883,159.353971865877,21
"66292.PACLITAXEL",86.9533780539761,88.671667710622,-1.71828965664595,21
"66684.PACLITAXEL",69.8661054964079,-82.5227213770211,152.388826873429,21
"66817.PACLITAXEL",70.5026415368495,81.0118093746617,-10.5091678378123,21
"67455.PACLITAXEL",-58.3775412541238,-74.1570475758437,15.77950632172,21
"67725.PACLITAXEL",88.1640009387199,84.8940918400881,3.26990909863177,21
"67990.PACLITAXEL",81.6477181966211,-65.3923122924629,147.040030489084,21
"69196.PACLITAXEL",82.599103392446,-78.6005709193518,161.199674311798,21
"70620.PACLITAXEL",80.7031158046921,-65.7078325218756,146.410948326568,21
"71208.PACLITAXEL",43.9589440719238,-72.4922838287538,116.451227900678,21
"71335.PACLITAXEL",85.7267841704386,69.3179818487058,16.4088023217328,21
"72877.PACLITAXEL",71.1861137988529,-63.3063826302203,134.492496429073,21
"72955.PACLITAXEL",88.6721344778849,79.6191302317673,9.05300424611761,21
"73230.PACLITAXEL",83.4038706894073,-83.4073798569443,166.811250546352,21
"73263.PACLITAXEL",83.347287606727,-80.8109351817287,164.158222788456,21
"73471.PACLITAXEL",85.7970385436354,36.0963535258853,49.70068501775,21
"85277.PACLITAXEL",86.851618947251,31.3421754749356,55.5094434723154,21
"95412.PACLITAXEL",85.991455653329,-77.2192662997438,163.210721953073,21
"BPTO95.PACLITAXEL",73.182456230363,-42.8286713387805,116.011127569143,21
"BXTO64.PACLITAXEL",86.7649492717399,70.730700516084,16.0342487556558,21
"DCPTOB19.PACLITAXEL",66.7487927966882,-54.1041651910394,120.852957987728,21
"INSB014.PACLITAXEL",88.6334182850757,85.2311421521437,3.40227613293199,21
"INSB019.PACLITAXEL",83.83395939087,83.8415874802161,-0.00762808934614156,21
"NOTCH01.PACLITAXEL",86.6927632109562,88.3852333646246,-1.69247015366834,21
"NOTCH06.PACLITAXEL",86.76212352562,-0.735045213675271,87.4971687392953,21
"NOTCH10.PACLITAXEL",81.1492511650848,-76.3043972944695,157.453648459554,21
"NOTCH18.PACLITAXEL",83.5963320208984,-82.6655893344523,166.261921355351,21
"NOTCHB01.PACLITAXEL",84.2865425883046,-23.3399049341612,107.626447522466,21
"NOTCHB02.PACLITAXEL",50.6607147427514,23.2714506196211,27.3892641231302,21
"NOTCHB03.PACLITAXEL",83.4447829427727,-67.5494557079404,150.994238650713,21
"REF001.PACLITAXEL",83.7610566998981,65.3400139570289,18.4210427428692,21
"REF002.PACLITAXEL",83.4255718620034,-77.6679258909874,161.093497752991,21
"REF003.PACLITAXEL",9.49800531310144,-49.2616434386391,58.7596487517405,21
"REF004.PACLITAXEL",87.5726029966547,84.6875232311951,2.88507976545952,21
"REF005.PACLITAXEL",85.8946858436026,-72.9634957234617,158.858181567064,21
"REF006.PACLITAXEL",82.8183393815524,48.8772365355559,33.9411028459965,21
"REF007.PACLITAXEL",84.1577780336525,-80.156994368455,164.314772402108,21
"REF009.PACLITAXEL",76.1166725518851,-72.3415142891122,148.458186840997,21
"REF013.PACLITAXEL",87.5075988015442,-84.9719997957662,172.47959859731,21
"REF014.PACLITAXEL",76.0201512511566,80.3153733393876,-4.29522208823101,21
"REF016.PACLITAXEL",87.7256430039145,81.3056647167554,6.41997828715908,21
"REF019.PACLITAXEL",86.2775778950977,62.5165108411233,23.7610670539744,21
"REF022.PACLITAXEL",83.2689327922946,-74.9935639328247,158.262496725119,21
"REF023.PACLITAXEL",82.9434843934491,-88.0578043196935,171.001288713143,21
"REF024.PACLITAXEL",63.7064910121845,-67.7745537250482,131.481044737233,21
"REF025.PACLITAXEL",68.0869429309238,74.922499143949,-6.83555621302516,21
"REF034.PACLITAXEL",65.9557806553842,63.0773751458523,2.87840550953197,21
"REF035.PACLITAXEL",87.3133475268855,64.6411520046045,22.6721955222809,21
"REF036.PACLITAXEL",87.7346743815519,-83.0340088446458,170.768683226198,21
"REF037.PACLITAXEL",NA,NA,NA,21
"REF041.PACLITAXEL",39.6150678205323,-67.7116425667976,107.32671038733,21
"REF043.PACLITAXEL",87.9419905240696,-77.3112510907696,165.253241614839,21
"REF044.PACLITAXEL",88.6394264415584,85.7651870334485,2.87423940810984,21
"REF047.PACLITAXEL",87.3638079889993,84.8353463104687,2.52846167853059,21
"REF048.PACLITAXEL",88.7010180692262,88.8221679920086,-0.121149922782394,21
"REF052.PACLITAXEL",83.9142352963117,79.9178335164674,3.99640177984422,21
"REF057.PACLITAXEL",85.3906485470855,85.8222677631627,-0.431619216077138,21
"REF063.PACLITAXEL",88.9974508528302,76.7882248120963,12.2092260407339,21
"REFOV042.PACLITAXEL",80.4600346162362,-54.1186174349834,134.57865205122,21
"100534.PACLITAXEL",82.6891693078785,75.5344394796496,7.15472982822895,28
"100672.PACLITAXEL",79.9960782968794,-17.3546552746598,97.3507335715393,28
"100804.PACLITAXEL",74.8996304030395,66.4021066969062,8.49752370613325,28
"108045.PACLITAXEL",88.5817222858206,79.0777234723463,9.50399881347425,28
"108099.PACLITAXEL",67.1507303170025,56.743862214456,10.4068681025464,28
"16720.PACLITAXEL",83.24079409773,80.2980866021762,2.94270749555388,28
"17518.PACLITAXEL",88.3863638247424,-54.5898197193387,142.976183544081,28
"18674.PACLITAXEL",85.0008780154022,-76.6037028806622,161.604580896064,28
"20710.PACLITAXEL",68.801129292403,-27.3196830628476,96.1208123552506,28
"241417.PACLITAXEL",83.1399507543333,-67.5270278605215,150.666978614855,28
"28077.PACLITAXEL",77.5010266384498,-77.5516651259824,155.052691764432,28
"28992.PACLITAXEL",89.3108465413685,87.5629966688469,1.74784987252156,28
"38807.PACLITAXEL",76.0270198967222,-78.8306877560809,154.857707652803,28
"44205.PACLITAXEL",74.0702133437091,50.7839438563628,23.2862694873463,28
"44441.PACLITAXEL",80.9925552038135,72.9791701105243,8.0133850932892,28
"44721.PACLITAXEL",65.0914256392794,-73.9236185970079,139.015044236287,28
"47904.PACLITAXEL",85.6337514226316,66.8017383759885,18.8320130466431,28
"48041.PACLITAXEL",69.8613778361545,-55.3384910151695,125.199868851324,28
"48342.PACLITAXEL",88.5522052695314,85.4529665983312,3.09923867120023,28
"48602.PACLITAXEL",80.395583367185,-80.7133558127491,161.108939179934,28
"53782.PACLITAXEL",81.0049087004239,61.8771295917672,19.1277791086567,28
"65465.PACLITAXEL",84.098115300703,-70.627472440357,154.72558774106,28
"66292.PACLITAXEL",87.7484541650173,88.8488610697745,-1.10040690475719,28
"66684.PACLITAXEL",74.521441723016,-80.0039015499793,154.525343272995,28
"66817.PACLITAXEL",70.8022968921799,62.9473452692669,7.85495162291296,28
"67455.PACLITAXEL",22.1764952309114,-73.015819715372,95.1923149462834,28
"67725.PACLITAXEL",88.3021781349538,84.0661304008761,4.23604773407772,28
"67990.PACLITAXEL",82.0447602618335,-76.6812970965682,158.726057358402,28
"69196.PACLITAXEL",82.599103392446,-78.6005709193518,161.199674311798,28
"70620.PACLITAXEL",81.300248768784,-62.7103956312038,144.010644399988,28
"71208.PACLITAXEL",42.795274657953,-69.2797723339771,112.07504699193,28
"71335.PACLITAXEL",85.8506315566433,51.5751193528668,34.2755122037765,28
"72877.PACLITAXEL",74.4063674485803,-49.9205558300219,124.326923278602,28
"72955.PACLITAXEL",88.6551736218216,79.2948086642675,9.36036495755414,28
"73230.PACLITAXEL",83.6781285183175,-82.7791842658002,166.457312784118,28
"73263.PACLITAXEL",82.331449919449,-80.9585250519907,163.28997497144,28
"73471.PACLITAXEL",86.0056927382644,59.9675270304714,26.038165707793,28
"85277.PACLITAXEL",86.1827988755544,-34.4336143414221,120.616413216976,28
"95412.PACLITAXEL",85.991455653329,-77.2192662997438,163.210721953073,28
"BPTO95.PACLITAXEL",71.4428772272121,-45.8389967500178,117.28187397723,28
"BXTO64.PACLITAXEL",86.6842758889226,68.1146924172297,18.5695834716929,28
"DCPTOB19.PACLITAXEL",66.4138222036547,-57.8349726606429,124.248794864298,28
"INSB014.PACLITAXEL",88.6609708344977,85.0924253084652,3.56854552603245,28
"INSB019.PACLITAXEL",84.250032489312,84.5482777702495,-0.298245280937493,28
"NOTCH01.PACLITAXEL",86.1852321534673,87.6575298633422,-1.47229770987485,28
"NOTCH06.PACLITAXEL",86.9863586705639,-19.5938628619656,106.58022153253,28
"NOTCH10.PACLITAXEL",82.1446607987764,-75.4318500939192,157.576510892696,28
"NOTCH18.PACLITAXEL",84.0862487507788,-81.603921088761,165.69016983954,28
"NOTCHB01.PACLITAXEL",84.1359220442487,3.88402575997264,80.2518962842761,28
"NOTCHB02.PACLITAXEL",59.255195014198,37.6492319882391,21.6059630259589,28
"NOTCHB03.PACLITAXEL",83.8876159610028,-59.4114536773405,143.299069638343,28
"REF001.PACLITAXEL",83.4858122526562,-1.75117086359475,85.2369831162509,28
"REF002.PACLITAXEL",83.813748772607,-79.0952984264974,162.909047199104,28
"REF003.PACLITAXEL",14.128157450325,-42.5543946878271,56.6825521381521,28
"REF004.PACLITAXEL",87.5327817659603,84.0719797505619,3.46080201539836,28
"REF005.PACLITAXEL",86.4687919459674,-64.4316195486479,150.900411494615,28
"REF006.PACLITAXEL",82.8140843889637,10.0870130725715,72.7270713163922,28
"REF007.PACLITAXEL",84.6438466059049,-80.452213200329,165.096059806234,28
"REF009.PACLITAXEL",78.0267082783633,-70.9819548832128,149.008663161576,28
"REF013.PACLITAXEL",87.7750467383074,-84.7266895933523,172.50173633166,28
"REF014.PACLITAXEL",76.1724248298575,79.5574078676451,-3.38498303778762,28
"REF016.PACLITAXEL",87.9369032920717,83.5214308830834,4.41547240898834,28
"REF019.PACLITAXEL",85.8277848045348,52.6292011966604,33.1985836078745,28
"REF022.PACLITAXEL",83.2795413223875,-75.737881973711,159.017423296099,28
"REF023.PACLITAXEL",82.9685829414813,-87.527447790633,170.496030732114,28
"REF024.PACLITAXEL",64.5003585280227,-63.5105099272031,128.010868455226,28
"REF025.PACLITAXEL",74.3146796747059,-4.09090901065256,78.4055886853585,28
"REF034.PACLITAXEL",65.9557806553842,-4.70174153280629,70.6575221881905,28
"REF035.PACLITAXEL",87.3859752667622,70.2436957823704,17.1422794843918,28
"REF036.PACLITAXEL",86.145149043537,-82.8470654312143,168.992214474751,28
"REF037.PACLITAXEL",86.6213542288328,86.6887876524955,-0.0674334236627487,28
"REF041.PACLITAXEL",52.2829592524836,-70.0125398209555,122.295499073439,28
"REF043.PACLITAXEL",87.7663988996274,-77.9404713191318,165.706870218759,28
"REF044.PACLITAXEL",88.3705466544871,83.7519523726636,4.61859428182343,28
"REF047.PACLITAXEL",87.2964362136449,78.3402752471516,8.95616096649333,28
"REF048.PACLITAXEL",88.5717454426535,88.7280434897917,-0.156298047138293,28
"REF052.PACLITAXEL",84.0349432677783,58.7416438208834,25.2932994468948,28
"REF057.PACLITAXEL",83.2579379730444,86.9859952869513,-3.72805731390682,28
"REF063.PACLITAXEL",88.9600856827562,-37.3094798355079,126.269565518264,28
"REFOV042.PACLITAXEL",83.0861245177888,-62.7703536664167,145.856478184206,28
"100534.PACLITAXEL",83.2566794473098,75.9348836721764,7.32179577513334,35
"100672.PACLITAXEL",79.9960782968794,-17.3546552746598,97.3507335715393,35
"100804.PACLITAXEL",76.461320590872,66.4021066969062,10.0592138939658,35
"108045.PACLITAXEL",88.7000969293391,78.9193939178815,9.78070301145763,35
"108099.PACLITAXEL",70.5288296593231,49.2294030699015,21.2994265894216,35
"16720.PACLITAXEL",83.2711292021335,80.4939858683948,2.77714333373865,35
"17518.PACLITAXEL",88.2911760046838,-54.5898197193387,142.880995724023,35
"18674.PACLITAXEL",85.1654257191622,-76.9322947101332,162.097720429295,35
"20710.PACLITAXEL",68.8033995367725,-18.7961549863772,87.5995545231498,35
"241417.PACLITAXEL",82.3099701649545,-67.3798292320889,149.689799397043,35
"28077.PACLITAXEL",79.4060493571791,-75.93627132036,155.342320677539,35
"28992.PACLITAXEL",89.3108465413685,87.5629966688469,1.74784987252156,35
"38807.PACLITAXEL",76.2038453882943,-78.0102660662145,154.214111454509,35
"44205.PACLITAXEL",74.5574853528421,45.8778606973957,28.6796246554465,35
"44441.PACLITAXEL",81.1525239976452,70.1408317269035,11.0116922707416,35
"44721.PACLITAXEL",66.0371843771952,-69.4935362825064,135.530720659702,35
"47904.PACLITAXEL",86.0602715009907,59.1176148856052,26.9426566153855,35
"48041.PACLITAXEL",71.6674919964036,-48.698085252148,120.365577248552,35
"48342.PACLITAXEL",88.5522052695314,85.4529665983312,3.09923867120023,35
"48602.PACLITAXEL",79.0717460985679,-79.8808726836018,158.95261878217,35
"53782.PACLITAXEL",78.3499764032539,-0.345066885344369,78.6950432885983,35
"65465.PACLITAXEL",84.4803973266289,-69.2347048711753,153.715102197804,35
"66292.PACLITAXEL",87.7484541650173,88.8488610697745,-1.10040690475719,35
"66684.PACLITAXEL",73.9098809655118,-78.3859541046939,152.295835070206,35
"66817.PACLITAXEL",71.264838581102,1.98188052434728,69.2829580567548,35
"67455.PACLITAXEL",22.1764952309114,-73.015819715372,95.1923149462834,35
"67725.PACLITAXEL",88.2064010831346,83.2237035976677,4.9826974854669,35
"67990.PACLITAXEL",83.1276524523377,-77.712849708912,160.84050216125,35
"69196.PACLITAXEL",82.4846290058944,-80.1142992084314,162.598928214326,35
"70620.PACLITAXEL",81.9646881140619,-59.4681886140337,141.432876728096,35
"71208.PACLITAXEL",51.5758895970517,-68.8712526257137,120.447142222765,35
"71335.PACLITAXEL",86.2067189420895,37.4506431926727,48.7560757494168,35
"72877.PACLITAXEL",71.3496723965848,-57.337856407719,128.687528804304,35
"72955.PACLITAXEL",88.6551736218216,79.2948086642675,9.36036495755414,35
"73230.PACLITAXEL",84.1289997163131,-81.588184307733,165.717184024046,35
"73263.PACLITAXEL",82.6093343141246,-79.950486145362,162.559820459487,35
"73471.PACLITAXEL",85.8996477073778,67.8992805423586,18.0003671650192,35
"85277.PACLITAXEL",85.5794016184635,-50.1365662161476,135.715967834611,35
"95412.PACLITAXEL",85.991455653329,-77.2192662997438,163.210721953073,35
"BPTO95.PACLITAXEL",71.0243133274188,-29.9179999528427,100.942313280261,35
"BXTO64.PACLITAXEL",86.6842758889226,68.1146924172297,18.5695834716929,35
"DCPTOB19.PACLITAXEL",64.9866646258412,-59.1775873895958,124.164252015437,35
"INSB014.PACLITAXEL",88.5272481905264,84.1472328723367,4.38001531818973,35
"INSB019.PACLITAXEL",84.250032489312,84.5482777702495,-0.298245280937493,35
"NOTCH01.PACLITAXEL",84.8057068288068,87.8921452854439,-3.08643845663705,35
"NOTCH06.PACLITAXEL",86.8902278934376,-31.3094265896263,118.199654483064,35
"NOTCH10.PACLITAXEL",82.6641523559787,-74.7188544813631,157.383006837342,35
"NOTCH18.PACLITAXEL",84.8434546754829,-80.2852526660862,165.128707341569,35
"NOTCHB01.PACLITAXEL",84.3978576885285,15.401870673396,68.9959870151326,35
"NOTCHB02.PACLITAXEL",65.4756737737842,49.3996832056048,16.0759905681794,35
"NOTCHB03.PACLITAXEL",84.3517740940838,-40.9328710740485,125.284645168132,35
"REF001.PACLITAXEL",83.3518337603814,-30.76275285022,114.114586610601,35
"REF002.PACLITAXEL",83.70889532386,-78.5662273458542,162.275122669714,35
"REF003.PACLITAXEL",5.51116188015871,-35.3542383328724,40.8654002130312,35
"REF004.PACLITAXEL",87.5290315990261,83.1270386240381,4.40199297498796,35
"REF005.PACLITAXEL",86.7504373126672,-59.1725723171397,145.923009629807,35
"REF006.PACLITAXEL",82.8881867756919,-0.848151262563025,83.7363380382549,35
"REF007.PACLITAXEL",84.7633836012837,-80.1464829090086,164.909866510292,35
"REF009.PACLITAXEL",80.1518615264704,-68.2822029614912,148.434064487962,35
"REF013.PACLITAXEL",88.0297626208923,-83.966169554722,171.995932175614,35
"REF014.PACLITAXEL",76.1724248298575,79.5574078676451,-3.38498303778762,35
"REF016.PACLITAXEL",87.6977002020936,85.0555541009948,2.64214610109877,35
"REF019.PACLITAXEL",85.8091415454561,49.9599259407101,35.8492156047459,35
"REF022.PACLITAXEL",83.0245120865422,-75.1776646632596,158.202176749802,35
"REF023.PACLITAXEL",82.9815097823059,-86.9299918994391,169.911501681745,35
"REF024.PACLITAXEL",62.4674886041051,-55.625972760707,118.093461364812,35
"REF025.PACLITAXEL",76.3702321688151,-57.5601353182494,133.930367487065,35
"REF034.PACLITAXEL",65.9557806553842,-4.70174153280629,70.6575221881905,35
"REF035.PACLITAXEL",87.3574781582478,68.9958713828087,18.361606775439,35
"REF036.PACLITAXEL",85.1702122827757,-82.153146436743,167.323358719519,35
"REF037.PACLITAXEL",88.620149950608,87.1505894220706,1.46956052853739,35
"REF041.PACLITAXEL",52.2829592524836,-70.9560967444535,123.239055996937,35
"REF043.PACLITAXEL",87.7663988996274,-77.5484991680874,165.314898067715,35
"REF044.PACLITAXEL",88.3286696265235,78.606298452082,9.72237117444142,35
"REF047.PACLITAXEL",87.174095737753,54.7844596820133,32.3896360557396,35
"REF048.PACLITAXEL",88.5717454426535,88.7280434897917,-0.156298047138293,35
"REF052.PACLITAXEL",84.0007689063652,65.4503065006941,18.5504624056711,35
"REF057.PACLITAXEL",82.407668122694,86.7548270569909,-4.34715893429694,35
"REF063.PACLITAXEL",88.9600856827562,-37.3094798355079,126.269565518264,35
"REFOV042.PACLITAXEL",82.8678897359838,-65.6228869141912,148.490776650175,35
"100534.PACLITAXEL",83.6881141711717,79.4313329054482,4.2567812657235,42
"100672.PACLITAXEL",80.3604400660253,-72.6395651912993,153.000005257325,42
"100804.PACLITAXEL",77.3198143165651,45.3724024310485,31.9474118855166,42
"108045.PACLITAXEL",88.7000969293391,78.9193939178815,9.78070301145763,42
"108099.PACLITAXEL",72.8041241910433,58.6014028530585,14.2027213379847,42
"16720.PACLITAXEL",83.3510360029564,79.707767043004,3.64326895995242,42
"17518.PACLITAXEL",88.2911760046838,-54.5898197193387,142.880995724023,42
"18674.PACLITAXEL",85.1654257191622,-76.9322947101332,162.097720429295,42
"20710.PACLITAXEL",73.2594987801459,7.57050443123465,65.6889943489113,42
"241417.PACLITAXEL",82.0615797680481,-67.5732819711084,149.634861739157,42
"28077.PACLITAXEL",79.8318745766561,-75.3969648431841,155.22883941984,42
"28992.PACLITAXEL",89.3108465413685,87.5629966688469,1.74784987252156,42
"38807.PACLITAXEL",76.7981849803958,-76.7913889776975,153.589573958093,42
"44205.PACLITAXEL",75.6319412233116,48.1375911646063,27.4943500587053,42
"44441.PACLITAXEL",79.5470342034362,52.2878569858752,27.259177217561,42
"44721.PACLITAXEL",65.9770228553069,-66.7559580193784,132.732980874685,42
"47904.PACLITAXEL",85.6355587956545,53.387670134295,32.2478886613595,42
"48041.PACLITAXEL",70.6781200816877,-48.9288693695594,119.606989451247,42
"48342.PACLITAXEL",88.5522052695314,85.4529665983312,3.09923867120023,42
"48602.PACLITAXEL",78.5520849189752,-78.9727151270303,157.524800046005,42
"53782.PACLITAXEL",78.3499764032539,-0.345066885344369,78.6950432885983,42
"65465.PACLITAXEL",85.3726294688382,-71.6418133981424,157.014442866981,42
"66292.PACLITAXEL",87.7484541650173,88.8488610697745,-1.10040690475719,42
"66684.PACLITAXEL",74.8120334567671,-76.684804306719,151.496837763486,42
"66817.PACLITAXEL",71.2907447576626,-40.9445311191122,112.235275876775,42
"67455.PACLITAXEL",22.1764952309114,-73.015819715372,95.1923149462834,42
"67725.PACLITAXEL",88.2064010831346,83.2237035976677,4.9826974854669,42
"67990.PACLITAXEL",83.1276524523377,-77.712849708912,160.84050216125,42
"69196.PACLITAXEL",82.793898467203,-79.1240500404381,161.917948507641,42
"70620.PACLITAXEL",83.1125173709563,-50.1548404441872,133.267357815143,42
"71208.PACLITAXEL",57.6400419328773,-67.2977073601883,124.937749293066,42
"71335.PACLITAXEL",86.1112968538942,30.3331128434254,55.7781840104688,42
"72877.PACLITAXEL",67.5368969778321,-61.4824988670945,129.019395844927,42
"72955.PACLITAXEL",88.6551736218216,79.2948086642675,9.36036495755414,42
"73230.PACLITAXEL",84.4168179150533,-79.9778255702744,164.394643485328,42
"73263.PACLITAXEL",83.1825139950907,-78.5266098977729,161.709123892864,42
"73471.PACLITAXEL",85.9832282075819,63.1836644640173,22.7995637435646,42
"85277.PACLITAXEL",85.2318589083518,-58.7578451122507,143.989704020603,42
"95412.PACLITAXEL",85.991455653329,-77.2192662997438,163.210721953073,42
"BPTO95.PACLITAXEL",72.3771751640529,-38.5958633845351,110.973038548588,42
"BXTO64.PACLITAXEL",86.411479930194,63.6102234756399,22.8012564545541,42
"DCPTOB19.PACLITAXEL",64.0999980796696,-53.2252903076308,117.3252883873,42
"INSB014.PACLITAXEL",88.5510440648318,83.1913236893568,5.35972037547504,42
"INSB019.PACLITAXEL",84.3947143117347,83.9688676568132,0.425846654921514,42
"NOTCH01.PACLITAXEL",84.1718971089479,86.9107637752704,-2.73886666632242,42
"NOTCH06.PACLITAXEL",86.8794683604148,-40.7838203030863,127.663288663501,42
"NOTCH10.PACLITAXEL",83.3488130356831,-72.2640959627516,155.612908998435,42
"NOTCH18.PACLITAXEL",84.8216019340551,-79.0103461012747,163.83194803533,42
"NOTCHB01.PACLITAXEL",84.7815838065225,20.9787944976434,63.8027893088791,42
"NOTCHB02.PACLITAXEL",69.4158592583744,48.3049600997937,21.1108991585806,42
"NOTCHB03.PACLITAXEL",84.0897669212487,-31.5129241301212,115.60269105137,42
"REF001.PACLITAXEL",83.8921323011402,-30.5236776847559,114.415809985896,42
"REF002.PACLITAXEL",83.4383246926002,-79.1151231784896,162.55344787109,42
"REF003.PACLITAXEL",10.6051314892684,-31.4547852346854,42.0599167239538,42
"REF004.PACLITAXEL",87.5290315990261,83.1270386240381,4.40199297498796,42
"REF005.PACLITAXEL",86.8293939318739,-62.1690516892913,148.998445621165,42
"REF006.PACLITAXEL",82.6419156493764,-14.0215805645163,96.6634962138927,42
"REF007.PACLITAXEL",85.0567584501998,-78.2758679676797,163.332626417879,42
"REF009.PACLITAXEL",81.1783007863215,-67.1738784265461,148.352179212868,42
"REF013.PACLITAXEL",88.2516956619304,-82.5827430239817,170.834438685912,42
"REF014.PACLITAXEL",76.1724248298575,79.5574078676451,-3.38498303778762,42
"REF016.PACLITAXEL",87.9915504822668,85.2038979917671,2.78765249049977,42
"REF019.PACLITAXEL",86.0251728400176,49.3789341409526,36.646238699065,42
"REF022.PACLITAXEL",82.7508712543689,-73.6122103935593,156.363081647928,42
"REF023.PACLITAXEL",82.9815097823059,-86.9299918994391,169.911501681745,42
"REF024.PACLITAXEL",58.9496429533244,-50.0998566041663,109.049499557491,42
"REF025.PACLITAXEL",76.3702321688151,-57.5601353182494,133.930367487065,42
"REF034.PACLITAXEL",65.9557806553842,-4.70174153280629,70.6575221881905,42
"REF035.PACLITAXEL",86.9122536147546,76.8627465808328,10.0495070339219,42
"REF036.PACLITAXEL",84.4381488445265,-81.5355891705083,165.973738015035,42
"REF037.PACLITAXEL",88.620149950608,87.1505894220706,1.46956052853739,42
"REF041.PACLITAXEL",57.5996903394446,-70.7361797061924,128.335870045637,42
"REF043.PACLITAXEL",87.7663988996274,-77.5484991680874,165.314898067715,42
"REF044.PACLITAXEL",88.4014495683131,78.606298452082,9.7951511162311,42
"REF047.PACLITAXEL",87.174095737753,54.7844596820133,32.3896360557396,42
"REF048.PACLITAXEL",88.5717454426535,88.7280434897917,-0.156298047138293,42
"REF052.PACLITAXEL",84.3428469571032,69.9912283449843,14.3516186121189,42
"REF057.PACLITAXEL",81.3575716027733,87.9620053067809,-6.60443370400753,42
"REF063.PACLITAXEL",88.9600856827562,-37.3094798355079,126.269565518264,42
"REFOV042.PACLITAXEL",82.5613992655834,-66.4052639681313,148.966663233715,42
"100534.PACLITAXEL",83.6881141711717,79.4313329054482,4.2567812657235,49
"100672.PACLITAXEL",80.7702391157746,-76.3692496505756,157.13948876635,49
"100804.PACLITAXEL",77.8877567056126,31.3747204746256,46.513036230987,49
"108045.PACLITAXEL",88.7000969293391,78.9193939178815,9.78070301145763,49
"108099.PACLITAXEL",72.8041241910433,58.6014028530585,14.2027213379847,49
"16720.PACLITAXEL",83.5579114657219,81.4766966658673,2.08121479985461,49
"17518.PACLITAXEL",88.2911760046838,-54.5898197193387,142.880995724023,49
"18674.PACLITAXEL",85.9865979398907,-74.0388924344347,160.025490374325,49
"20710.PACLITAXEL",73.6072425954847,20.8602319251378,52.747010670347,49
"241417.PACLITAXEL",82.0542862219079,-66.9117688790748,148.966055100983,49
"28077.PACLITAXEL",81.8075478353461,-73.644188621349,155.451736456695,49
"28992.PACLITAXEL",89.3108465413685,87.5629966688469,1.74784987252156,49
"38807.PACLITAXEL",76.835834549334,-74.5745343850928,151.410368934427,49
"44205.PACLITAXEL",76.4703393896537,54.4098761907825,22.0604631988712,49
"44441.PACLITAXEL",75.948391061521,6.91797739289722,69.0304136686238,49
"44721.PACLITAXEL",65.6338887608289,-67.1294384798766,132.763327240706,49
"47904.PACLITAXEL",85.5924459198973,50.3756023402833,35.216843579614,49
"48041.PACLITAXEL",70.9453077419623,-52.3906618810439,123.335969623006,49
"48342.PACLITAXEL",88.5522052695314,85.4529665983312,3.09923867120023,49
"48602.PACLITAXEL",77.1910226395206,-77.7821720236812,154.973194663202,49
"53782.PACLITAXEL",75.8976195792372,-40.8583509425652,116.755970521802,49
"65465.PACLITAXEL",85.6826963767315,-71.2032087239319,156.885905100663,49
"66292.PACLITAXEL",87.7484541650173,88.8488610697745,-1.10040690475719,49
"66684.PACLITAXEL",75.5363410805942,-74.6589434490141,150.195284529608,49
"66817.PACLITAXEL",70.8331456637797,-56.1501392889117,126.983284952691,49
"67455.PACLITAXEL",22.1764952309114,-73.015819715372,95.1923149462834,49
"67725.PACLITAXEL",87.0624922775334,84.124716254618,2.93777602291539,49
"67990.PACLITAXEL",83.7211736388241,-77.0734566701818,160.794630309006,49
"69196.PACLITAXEL",82.9803161753245,-78.051524454798,161.031840630122,49
"70620.PACLITAXEL",83.1125173709563,-50.1548404441872,133.267357815143,49
"71208.PACLITAXEL",58.2762266070239,-53.0321499807708,111.308376587795,49
"71335.PACLITAXEL",85.9605142222455,15.3473931397315,70.613121082514,49
"72877.PACLITAXEL",71.7710819476194,-62.3602695110936,134.131351458713,49
"72955.PACLITAXEL",88.6551736218216,79.2948086642675,9.36036495755414,49
"73230.PACLITAXEL",84.7735319569962,-78.4057222842514,163.179254241248,49
"73263.PACLITAXEL",84.162017663219,-78.1644990542731,162.326516717492,49
"73471.PACLITAXEL",86.258604278814,56.6698819936465,29.5887222851675,49
"85277.PACLITAXEL",84.7119336150355,-60.9294187268421,145.641352341878,49
"95412.PACLITAXEL",85.991455653329,-77.2192662997438,163.210721953073,49
"BPTO95.PACLITAXEL",72.3255918177553,-55.3258635347908,127.651455352546,49
"BXTO64.PACLITAXEL",86.4920340779291,49.8802726995475,36.6117613783816,49
"DCPTOB19.PACLITAXEL",64.6451254276964,-53.2432046407078,117.888330068404,49
"INSB014.PACLITAXEL",88.5510440648318,82.3697289355694,6.18131512926244,49
"INSB019.PACLITAXEL",84.3947143117347,83.9688676568132,0.425846654921514,49
"NOTCH01.PACLITAXEL",83.950232448254,86.0564020414932,-2.10616959323917,49
"NOTCH06.PACLITAXEL",86.9084053199686,-42.0458720175654,128.954277337534,49
"NOTCH10.PACLITAXEL",83.3273493067825,-70.7998566073065,154.127205914089,49
"NOTCH18.PACLITAXEL",84.755673819818,-77.6632367887818,162.4189106086,49
"NOTCHB01.PACLITAXEL",84.8934634504765,39.7897281483345,45.103735302142,49
"NOTCHB02.PACLITAXEL",71.3242748798287,48.7202562446357,22.604018635193,49
"NOTCHB03.PACLITAXEL",83.5746579891711,-9.70481073390266,93.2794687230738,49
"REF001.PACLITAXEL",84.3625843603756,-24.0349219111201,108.397506271496,49
"REF002.PACLITAXEL",83.3073053736689,-79.4886074673677,162.795912841037,49
"REF003.PACLITAXEL",15.5122589661282,-28.959632940501,44.4718919066292,49
"REF004.PACLITAXEL",87.5290315990261,83.1270386240381,4.40199297498796,49
"REF005.PACLITAXEL",87.0064949552773,-64.1015954261278,151.108090381405,49
"REF006.PACLITAXEL",82.298011349567,2.14235898942344,80.1556523601436,49
"REF007.PACLITAXEL",85.0384698363271,-77.6587683089458,162.697238145273,49
"REF009.PACLITAXEL",81.3292005953241,-67.2439343250237,148.573134920348,49
"REF013.PACLITAXEL",88.5887587868076,-80.1893061816174,168.778064968425,49
"REF014.PACLITAXEL",76.1724248298575,79.5574078676451,-3.38498303778762,49
"REF016.PACLITAXEL",88.0021404838577,84.3582652745893,3.64387520926847,49
"REF019.PACLITAXEL",85.6866349084272,54.3473487759135,31.3392861325138,49
"REF022.PACLITAXEL",83.0507340814884,-72.409608033952,155.46034211544,49
"REF023.PACLITAXEL",82.306209833776,-85.7554665292777,168.061676363054,49
"REF024.PACLITAXEL",55.86257401444,-45.9663101356656,101.828884150106,49
"REF025.PACLITAXEL",76.3702321688151,-57.5601353182494,133.930367487065,49
"REF034.PACLITAXEL",65.9557806553842,-4.70174153280629,70.6575221881905,49
"REF035.PACLITAXEL",86.9122536147546,76.8627465808328,10.0495070339219,49
"REF036.PACLITAXEL",84.4381488445265,-81.5355891705083,165.973738015035,49
"REF037.PACLITAXEL",88.620149950608,87.1505894220706,1.46956052853739,49
"REF041.PACLITAXEL",69.9986828755653,-68.6568848129771,138.655567688542,49
"REF043.PACLITAXEL",87.3935771751832,-77.5484991680874,164.942076343271,49
"REF044.PACLITAXEL",88.5417694529842,73.8916862674875,14.6500831854967,49
"REF047.PACLITAXEL",86.903916668675,-26.5508638383019,113.454780506977,49
"REF048.PACLITAXEL",88.5717454426535,88.7280434897917,-0.156298047138293,49
"REF052.PACLITAXEL",84.6253152568391,69.9912283449843,14.6340869118547,49
"REF057.PACLITAXEL",81.3575716027733,87.9620053067809,-6.60443370400753,49
"REF063.PACLITAXEL",88.6198660980789,-37.3094798355079,125.929345933587,49
"REFOV042.PACLITAXEL",82.8652768620329,-65.7133440190075,148.57862088104,49
"100534.PACLITAXEL",83.6881141711717,79.4313329054482,4.2567812657235,56
"100672.PACLITAXEL",80.7702391157746,-76.3692496505756,157.13948876635,56
"100804.PACLITAXEL",77.8877567056126,31.3747204746256,46.513036230987,56
"108045.PACLITAXEL",88.7000969293391,78.9193939178815,9.78070301145763,56
"108099.PACLITAXEL",72.8041241910433,58.6014028530585,14.2027213379847,56
"16720.PACLITAXEL",83.5579114657219,81.4766966658673,2.08121479985461,56
"17518.PACLITAXEL",88.2911760046838,-54.5898197193387,142.880995724023,56
"18674.PACLITAXEL",85.8841558657736,-74.0388924344347,159.923048300208,56
"20710.PACLITAXEL",69.7689794804881,39.9012468775808,29.8677326029073,56
"241417.PACLITAXEL",82.5421337994599,-66.0208618118511,148.562995611311,56
"28077.PACLITAXEL",81.9430926718254,-71.7182620840578,153.661354755883,56
"28992.PACLITAXEL",89.3108465413685,87.5629966688469,1.74784987252156,56
"38807.PACLITAXEL",76.8224282850694,-73.3524985171982,150.174926802268,56
"44205.PACLITAXEL",76.9986675041439,54.11556092522,22.8831065789239,56
"44441.PACLITAXEL",71.1017338699868,-35.9591527815425,107.060886651529,56
"44721.PACLITAXEL",59.619386044158,-65.3750144434256,124.994400487584,56
"47904.PACLITAXEL",85.6573345701198,33.3105269016607,52.3468076684591,56
"48041.PACLITAXEL",70.7781706557846,-54.068398859409,124.846569515194,56
"48342.PACLITAXEL",88.5522052695314,85.4529665983312,3.09923867120023,56
"48602.PACLITAXEL",76.1585879604143,-76.3488535949017,152.507441555316,56
"53782.PACLITAXEL",74.5818910060802,-31.6328782505787,106.214769256659,56
"65465.PACLITAXEL",86.0256827219667,-68.1660478799303,154.191730601897,56
"66292.PACLITAXEL",87.7484541650173,88.8488610697745,-1.10040690475719,56
"66684.PACLITAXEL",76.6780580165101,-72.4621301612396,149.14018817775,56
"66817.PACLITAXEL",69.6024069668978,-57.2893834494132,126.891790416311,56
"67455.PACLITAXEL",22.1764952309114,-73.015819715372,95.1923149462834,56
"67725.PACLITAXEL",87.0624922775334,84.124716254618,2.93777602291539,56
"67990.PACLITAXEL",84.6470592447396,-75.9284554609513,160.575514705691,56
"69196.PACLITAXEL",83.2059323290607,-75.3966263677654,158.602558696826,56
"70620.PACLITAXEL",83.1125173709563,-50.1548404441872,133.267357815143,56
"71208.PACLITAXEL",58.6037749459327,-50.9394037228297,109.543178668762,56
"71335.PACLITAXEL",85.7335381285299,8.86042667374566,76.8731114547842,56
"72877.PACLITAXEL",71.7710819476194,-62.3602695110936,134.131351458713,56
"72955.PACLITAXEL",88.6551736218216,79.2948086642675,9.36036495755414,56
"73230.PACLITAXEL",84.7192685567618,-76.0517270612256,160.770995617987,56
"73263.PACLITAXEL",84.5431695250311,-77.955125059235,162.498294584266,56
"73471.PACLITAXEL",86.2176727294288,55.9316135196991,30.2860592097297,56
"85277.PACLITAXEL",84.3607532919008,-60.5081535134649,144.868906805366,56
"95412.PACLITAXEL",83.1935768863783,-76.3535956974953,159.547172583874,56
"BPTO95.PACLITAXEL",72.3255918177553,-55.3258635347908,127.651455352546,56
"BXTO64.PACLITAXEL",86.3237332353628,47.3515281222432,38.9722051131197,56
"DCPTOB19.PACLITAXEL",66.367377048743,-42.2337834991879,108.601160547931,56
"INSB014.PACLITAXEL",88.9341097336775,79.2191306633758,9.71497907030174,56
"INSB019.PACLITAXEL",84.3947143117347,83.9688676568132,0.425846654921514,56
"NOTCH01.PACLITAXEL",83.8999995568286,85.4198901398639,-1.51989058303522,56
"NOTCH06.PACLITAXEL",87.0885024757301,-38.0342404191484,125.122742894879,56
"NOTCH10.PACLITAXEL",83.3314863511822,-68.5937245589504,151.925210910133,56
"NOTCH18.PACLITAXEL",84.766711930643,-75.8986428565081,160.665354787151,56
"NOTCHB01.PACLITAXEL",84.6444934030707,52.1758227008941,32.4686707021766,56
"NOTCHB02.PACLITAXEL",73.4550893684508,50.4647544055742,22.9903349628765,56
"NOTCHB03.PACLITAXEL",83.6023602573845,20.0786603473901,63.5236999099944,56
"REF001.PACLITAXEL",85.0933564735968,34.4818751848042,50.6114812887926,56
"REF002.PACLITAXEL",83.6004923810824,-79.1156935119844,162.716185893067,56
"REF003.PACLITAXEL",17.8646465631304,-20.798352980487,38.6629995436173,56
"REF004.PACLITAXEL",87.5290315990261,83.1270386240381,4.40199297498796,56
"REF005.PACLITAXEL",86.461393401342,-66.6367727546603,153.098166156002,56
"REF006.PACLITAXEL",81.8689410848769,3.92537421761952,77.9435668672573,56
"REF007.PACLITAXEL",85.2615520913855,-76.7818831187803,162.043435210166,56
"REF009.PACLITAXEL",81.5541029812449,-67.1383274031908,148.692430384436,56
"REF013.PACLITAXEL",88.5887587868076,-80.1893061816174,168.778064968425,56
"REF014.PACLITAXEL",76.1724248298575,79.5574078676451,-3.38498303778762,56
"REF016.PACLITAXEL",88.0021404838577,84.3582652745893,3.64387520926847,56
"REF019.PACLITAXEL",85.2767431638459,52.8151485348776,32.4615946289682,56
"REF022.PACLITAXEL",83.6432825023045,-70.8478856948374,154.491168197142,56
"REF023.PACLITAXEL",82.306209833776,-85.7554665292777,168.061676363054,56
"REF024.PACLITAXEL",55.86257401444,-45.9663101356656,101.828884150106,56
"REF025.PACLITAXEL",78.3102092567516,-62.0222750570943,140.332484313846,56
"REF034.PACLITAXEL",65.9557806553842,-4.70174153280629,70.6575221881905,56
"REF035.PACLITAXEL",86.9122536147546,76.8627465808328,10.0495070339219,56
"REF036.PACLITAXEL",84.0210020761371,-80.2391447220848,164.260146798222,56
"REF037.PACLITAXEL",88.620149950608,87.1505894220706,1.46956052853739,56
"REF041.PACLITAXEL",73.2191793689972,-67.5751714635719,140.794350832569,56
"REF043.PACLITAXEL",87.3935771751832,-77.5484991680874,164.942076343271,56
"REF044.PACLITAXEL",88.5417694529842,73.8916862674875,14.6500831854967,56
"REF047.PACLITAXEL",86.903916668675,-26.5508638383019,113.454780506977,56
"REF048.PACLITAXEL",88.5717454426535,88.7280434897917,-0.156298047138293,56
"REF052.PACLITAXEL",85.1830621422901,60.6329531721934,24.5501089700967,56
"REF057.PACLITAXEL",81.3575716027733,87.9620053067809,-6.60443370400753,56
"REF063.PACLITAXEL",88.6198660980789,-37.3094798355079,125.929345933587,56
"REFOV042.PACLITAXEL",83.5562928702522,-65.6496873266327,149.205980196885,56
