n_hvg,max_depth,min_samples_leaf,Fold,AUROC,Spearman,Pearson,n_train_extreme,n_test_extreme,n_train_fast,n_train_slow,n_test_fast,n_test_slow,n_test_models,n_trees_total,n_trees_selected,ridge_C,lasso_C
100,3,1,1,0.7,0.3353353533357125,0.3472044135703226,12,8,6,6,3,5,8,500,15,0.001,100.0
100,3,1,2,0.6666666666666666,0.6,0.7024856357995326,12,5,6,6,2,3,5,500,19,0.001,100.0
100,3,1,3,1.0,0.19999999999999998,0.6038865166374594,12,5,6,6,4,1,5,500,26,0.001,100.0
100,3,1,4,0.16666666666666666,-0.3333333333333334,-0.21585299833790655,12,8,6,6,2,6,8,500,57,0.001,100.0
100,3,1,5,0.25,0.39999999999999997,0.04581746196545372,12,5,6,6,4,1,5,500,62,0.001,100.0
100,3,1,6,0.5,-0.39999999999999997,-0.37648326604523885,12,4,6,6,2,2,4,500,29,0.001,100.0
100,3,1,7,0.8333333333333334,0.3214285714285715,0.20937572368608381,12,7,6,6,3,4,7,500,11,0.001,100.0
100,3,1,8,0.6666666666666666,0.39999999999999997,0.5571021407307033,12,4,6,6,1,3,4,500,14,0.001,100.0
100,3,1,9,0.125,-0.8406680016960504,-0.611097337496664,12,6,6,6,4,2,6,500,56,0.001,100.0
100,3,1,10,0.5,0.3214285714285715,0.44727899606713806,12,7,6,6,2,5,7,500,29,0.001,100.0
100,3,1,11,0.5,0.08696565534786727,-0.43335185729915654,12,6,6,6,4,2,6,500,57,0.001,100.0
100,3,1,12,0.5,0.35909242322980395,0.560391061574454,12,5,6,6,2,3,5,500,17,0.001,100.0
100,3,1,13,1.0,0.4285714285714286,0.22622409514744957,12,6,6,6,1,5,6,500,29,0.001,100.0
100,3,1,14,0.8333333333333334,0.3571428571428572,0.41776309133096656,12,7,6,6,6,1,7,500,34,0.001,100.0
100,3,1,15,0.5,-0.08571428571428573,-0.290001870580962,12,6,6,6,2,4,6,500,31,0.001,100.0
100,3,1,16,0.6666666666666667,-0.15389675281277312,0.3189812584714698,12,5,6,6,3,2,5,500,14,0.001,100.0
100,3,1,17,0.49999999999999994,0.07229440390678199,0.009671348947912752,12,8,6,6,5,3,8,500,30,0.001,100.0
100,3,1,18,0.375,0.05129891760425771,-0.2583502924915817,12,5,6,6,1,4,5,500,44,0.001,100.0
100,3,1,19,0.375,-0.2571428571428572,-0.2109831154870388,12,6,6,6,2,4,6,500,62,0.001,100.0
100,3,1,20,0.41666666666666663,0.30952380952380953,0.30516315015214857,12,8,6,6,6,2,8,500,11,0.001,100.0
100,3,1,21,0.375,-0.14285714285714288,-0.14747279110201814,12,6,6,6,2,4,6,500,45,0.001,100.0
100,3,1,22,0.9166666666666667,0.11904761904761905,0.25594661977556254,12,8,6,6,6,2,8,500,11,0.001,100.0
100,3,1,23,0.75,0.6668859288553503,0.6398540321486328,12,5,6,6,1,4,5,500,21,0.001,100.0
100,3,1,24,0.875,0.7092081432669753,0.6536823821072282,12,7,6,6,3,4,7,500,32,0.001,100.0
100,3,1,25,0.6666666666666667,0.37839373433213486,0.5096431620741717,12,7,6,6,3,4,7,500,14,0.001,100.0
100,3,1,26,0.6944444444444444,0.2689170581811257,0.37718022729642603,12,9,6,6,3,6,9,500,31,0.001,100.0
100,3,1,27,0.0,-0.5,-0.9857649497011325,12,3,6,6,2,1,3,500,28,0.001,100.0
100,3,1,28,0.5,-0.4787529007367305,-0.4307637909244121,12,8,6,6,6,2,8,500,55,0.001,100.0
100,3,1,29,1.0,0.7142857142857143,0.6892908883965359,12,6,6,6,2,4,6,500,15,0.001,100.0
100,3,1,30,0.6666666666666666,0.7,0.5220413173547283,12,5,6,6,2,3,5,500,11,0.001,100.0
100,3,2,1,0.8666666666666667,0.6190476190476191,0.581697422387701,12,8,6,6,3,5,8,500,24,0.001,100.0
100,3,2,2,0.6666666666666666,0.7,0.4672866351391559,12,5,6,6,2,3,5,500,26,0.001,100.0
100,3,2,3,1.0,0.09999999999999999,0.6406909247056809,12,5,6,6,4,1,5,500,29,0.001,100.0
100,3,2,4,0.08333333333333333,-0.34731161595484505,-0.15576913185236838,12,8,6,6,2,6,8,500,27,0.001,100.0
100,3,2,5,0.25,0.22360679774997896,0.04950839806202197,12,5,6,6,4,1,5,500,31,0.001,100.0
100,3,2,6,0.5,-0.39999999999999997,-0.4637896110415041,12,4,6,6,2,2,4,500,21,0.001,100.0
100,3,2,7,0.6666666666666667,-0.03571428571428572,0.3306920434837494,12,7,6,6,3,4,7,500,32,0.001,100.0
100,3,2,8,0.6666666666666666,0.0,0.05683173806841768,12,4,6,6,1,3,4,500,26,0.001,100.0
100,3,2,9,0.25,-0.35856858280031817,-0.5254527225393134,12,6,6,6,4,2,6,500,20,0.001,100.0
100,3,2,10,0.6000000000000001,0.42857142857142866,0.6226356900673294,12,7,6,6,2,5,7,500,33,0.001,100.0
100,3,2,11,0.25,-0.5161002296110789,-0.5426249240636754,12,6,6,6,4,2,6,500,28,0.001,100.0
100,3,2,12,0.5,0.3,0.5233647765963361,12,5,6,6,2,3,5,500,21,0.001,100.0
100,3,2,13,1.0,0.34786262139146906,0.13588183239290122,12,6,6,6,1,5,6,500,24,0.001,100.0
100,3,2,14,1.0,0.6071428571428572,0.6238231091815456,12,7,6,6,6,1,7,500,36,0.001,100.0
100,3,2,15,0.375,-0.3714285714285715,-0.5035154373348275,12,6,6,6,2,4,6,500,21,0.001,100.0
100,3,2,16,0.6666666666666667,0.09999999999999999,0.16928860625207226,12,5,6,6,3,2,5,500,31,0.001,100.0
100,3,2,17,0.6,0.38095238095238104,0.3194576440084981,12,8,6,6,5,3,8,500,24,0.001,100.0
100,3,2,18,0.25,-0.6,-0.5248528378633363,12,5,6,6,1,4,5,500,33,0.001,100.0
100,3,2,19,0.375,0.08827348295047496,-0.025748226592534628,12,6,6,6,2,4,6,500,27,0.001,100.0
100,3,2,20,0.75,0.7619047619047621,0.6430564213016585,12,8,6,6,6,2,8,500,29,0.001,100.0
100,3,2,21,0.375,-0.028571428571428574,-0.06465947317716017,12,6,6,6,2,4,6,500,29,0.001,100.0
100,3,2,22,0.9166666666666667,0.11904761904761905,0.3864486922230146,12,8,6,6,6,2,8,500,30,0.001,100.0
100,3,2,23,0.75,0.6,0.5036319999912177,12,5,6,6,1,4,5,500,27,0.001,100.0
100,3,2,24,0.6666666666666666,0.14285714285714288,0.23015562535313808,12,7,6,6,3,4,7,500,33,0.001,100.0
100,3,2,25,0.6666666666666667,0.3214285714285715,0.46395423717294937,12,7,6,6,3,4,7,500,21,0.001,100.0
100,3,2,26,0.6111111111111112,0.15,0.31009052964230127,12,9,6,6,3,6,9,500,29,0.001,100.0
100,3,2,27,0.0,-0.5,-0.5480975676446436,12,3,6,6,2,1,3,500,55,0.001,100.0
100,3,2,28,0.5416666666666667,-0.2897727626404075,-0.12499266600053535,12,8,6,6,6,2,8,500,18,0.001,100.0
100,3,2,29,0.625,0.3142857142857143,0.41282961541835794,12,6,6,6,2,4,6,500,35,0.001,100.0
100,3,2,30,0.3333333333333333,0.19999999999999998,-0.059763160036546276,12,5,6,6,2,3,5,500,23,0.001,100.0
100,3,5,1,0.5,0.0,0.0,12,8,6,6,3,5,8,500,0,0.001,0.001
100,3,5,2,0.6666666666666666,0.39999999999999997,0.3163011668308589,12,5,6,6,2,3,5,500,10,0.001,100.0
100,3,5,3,1.0,0.6668859288553503,0.6256568802162504,12,5,6,6,4,1,5,500,7,0.001,100.0
100,3,5,4,0.5,-0.09523809523809526,-0.016770606357148637,12,8,6,6,2,6,8,500,6,0.001,100.0
100,3,5,5,0.375,0.5642880936468347,0.0661821953956587,12,5,6,6,4,1,5,500,11,0.001,100.0
100,3,5,6,0.5,-0.19999999999999998,-0.3240305665512295,12,4,6,6,2,2,4,500,11,0.001,100.0
100,3,5,7,1.0,0.5714285714285715,0.30751066903121876,12,7,6,6,3,4,7,500,6,0.001,100.0
100,3,5,8,1.0,0.7999999999999999,0.6117338014189231,12,4,6,6,1,3,4,500,9,0.001,100.0
100,3,5,9,0.125,-0.6571428571428573,-0.7345955429737975,12,6,6,6,4,2,6,500,9,0.001,100.0
100,3,5,10,0.7,0.4504687313477795,0.5578947600190405,12,7,6,6,2,5,7,500,8,0.001,100.0
100,3,5,11,0.25,-0.34786262139146906,-0.5651847257916548,12,6,6,6,4,2,6,500,6,0.001,100.0
100,3,5,12,0.6666666666666666,0.49999999999999994,0.41072495624213234,12,5,6,6,2,3,5,500,6,0.001,100.0
100,3,5,13,0.6,0.11595420713048968,-0.015591679152990345,12,6,6,6,1,5,6,500,4,0.001,100.0
100,3,5,14,0.5,0.23424374030084538,0.15915843959907863,12,7,6,6,6,1,7,500,7,0.001,100.0
100,3,5,15,0.5,0.14285714285714288,0.1147316174033113,12,6,6,6,2,4,6,500,12,0.001,100.0
100,3,5,16,0.5,-0.3,0.26755087773060926,12,5,6,6,3,2,5,500,7,0.001,100.0
100,3,5,17,0.7333333333333333,0.2142857142857143,0.11650958896710954,12,8,6,6,5,3,8,500,14,0.001,100.0
100,3,5,18,0.0,-0.5642880936468347,-0.3804651327683146,12,5,6,6,1,4,5,500,12,0.001,100.0
100,3,5,19,0.125,-0.2571428571428572,-0.15608643052307147,12,6,6,6,2,4,6,500,10,0.001,100.0
100,3,5,20,0.7916666666666667,0.07273929674533079,-0.11190094154378837,12,8,6,6,6,2,8,500,5,0.001,100.0
100,3,5,21,0.4375,-0.12344267996967354,-0.1317744660166434,12,6,6,6,2,4,6,500,3,0.001,100.0
100,3,5,22,0.5833333333333334,-0.4285714285714286,-0.453418297235147,12,8,6,6,6,2,8,500,11,0.001,100.0
100,3,5,23,1.0,0.8999999999999998,0.8491267016387573,12,5,6,6,1,4,5,500,8,0.001,100.0
100,3,5,24,0.9583333333333334,0.6666937223947136,0.6528502332951609,12,7,6,6,3,4,7,500,7,0.001,100.0
100,3,5,25,0.9166666666666667,0.7110571291368638,0.8053176113379076,12,7,6,6,3,4,7,500,6,0.001,100.0
100,3,5,26,0.8333333333333334,0.5,0.5995626176449272,12,9,6,6,3,6,9,500,12,0.001,100.0
100,3,5,27,0.5,0.5,-0.24897114751847949,12,3,6,6,2,1,3,500,9,0.001,100.0
100,3,5,28,0.5,-0.5155800469472482,-0.14611734975910634,12,8,6,6,6,2,8,500,7,0.001,100.0
100,3,5,29,0.5,0.0,0.0,12,6,6,6,2,4,6,500,0,0.001,0.001
100,3,5,30,0.8333333333333333,0.7,0.5354014791309287,12,5,6,6,2,3,5,500,11,0.001,100.0
100,4,1,1,0.7,0.3353353533357125,0.3472044135703226,12,8,6,6,3,5,8,500,15,0.001,100.0
100,4,1,2,0.6666666666666666,0.6,0.7024856357995326,12,5,6,6,2,3,5,500,19,0.001,100.0
100,4,1,3,1.0,0.19999999999999998,0.6038865166374594,12,5,6,6,4,1,5,500,26,0.001,100.0
100,4,1,4,0.16666666666666666,-0.3333333333333334,-0.21585600494419652,12,8,6,6,2,6,8,500,57,0.001,100.0
100,4,1,5,0.25,0.39999999999999997,0.04581746196545372,12,5,6,6,4,1,5,500,62,0.001,100.0
100,4,1,6,0.5,-0.39999999999999997,-0.37648326604523885,12,4,6,6,2,2,4,500,29,0.001,100.0
100,4,1,7,0.8333333333333334,0.3214285714285715,0.20937572368608381,12,7,6,6,3,4,7,500,11,0.001,100.0
100,4,1,8,0.6666666666666666,0.39999999999999997,0.5570959040921425,12,4,6,6,1,3,4,500,14,0.001,100.0
100,4,1,9,0.125,-0.8406680016960504,-0.611097337496664,12,6,6,6,4,2,6,500,56,0.001,100.0
100,4,1,10,0.5,0.3214285714285715,0.44727899606713806,12,7,6,6,2,5,7,500,29,0.001,100.0
100,4,1,11,0.5,0.08696565534786727,-0.43335185729915654,12,6,6,6,4,2,6,500,57,0.001,100.0
100,4,1,12,0.5,0.35909242322980395,0.5603916713343341,12,5,6,6,2,3,5,500,17,0.001,100.0
100,4,1,13,1.0,0.4285714285714286,0.22622409514744957,12,6,6,6,1,5,6,500,29,0.001,100.0
100,4,1,14,0.8333333333333334,0.3571428571428572,0.41776309133096656,12,7,6,6,6,1,7,500,34,0.001,100.0
100,4,1,15,0.5,-0.08571428571428573,-0.290001870580962,12,6,6,6,2,4,6,500,31,0.001,100.0
100,4,1,16,0.6666666666666667,-0.15389675281277312,0.3189812584714698,12,5,6,6,3,2,5,500,14,0.001,100.0
100,4,1,17,0.49999999999999994,0.07229440390678199,0.009671348947912752,12,8,6,6,5,3,8,500,30,0.001,100.0
100,4,1,18,0.375,0.05129891760425771,-0.2583502822713902,12,5,6,6,1,4,5,500,44,0.001,100.0
100,4,1,19,0.375,-0.2571428571428572,-0.2109831154870388,12,6,6,6,2,4,6,500,62,0.001,100.0
100,4,1,20,0.41666666666666663,0.30952380952380953,0.30516315015214857,12,8,6,6,6,2,8,500,11,0.001,100.0
100,4,1,21,0.375,-0.14285714285714288,-0.14747279110201814,12,6,6,6,2,4,6,500,45,0.001,100.0
100,4,1,22,0.9166666666666667,0.11904761904761905,0.25594661977556254,12,8,6,6,6,2,8,500,11,0.001,100.0
100,4,1,23,0.75,0.6668859288553503,0.6398540321486328,12,5,6,6,1,4,5,500,21,0.001,100.0
100,4,1,24,0.875,0.7092081432669753,0.6536823821072282,12,7,6,6,3,4,7,500,32,0.001,100.0
100,4,1,25,0.6666666666666667,0.37839373433213486,0.5096431620741717,12,7,6,6,3,4,7,500,14,0.001,100.0
100,4,1,26,0.6944444444444444,0.2689170581811257,0.37718022729642603,12,9,6,6,3,6,9,500,31,0.001,100.0
100,4,1,27,0.0,-0.5,-0.9857649497011325,12,3,6,6,2,1,3,500,28,0.001,100.0
100,4,1,28,0.5,-0.51234753829798,-0.4307646886828298,12,8,6,6,6,2,8,500,55,0.001,100.0
100,4,1,29,1.0,0.7142857142857143,0.6893050576754253,12,6,6,6,2,4,6,500,15,0.001,100.0
100,4,1,30,0.6666666666666666,0.7,0.5220413173547283,12,5,6,6,2,3,5,500,11,0.001,100.0
100,4,2,1,0.8666666666666667,0.6190476190476191,0.581697422387701,12,8,6,6,3,5,8,500,24,0.001,100.0
100,4,2,2,0.6666666666666666,0.7,0.4672866351391559,12,5,6,6,2,3,5,500,26,0.001,100.0
100,4,2,3,1.0,0.09999999999999999,0.6406909247056809,12,5,6,6,4,1,5,500,29,0.001,100.0
100,4,2,4,0.08333333333333333,-0.34731161595484505,-0.15576913185236838,12,8,6,6,2,6,8,500,27,0.001,100.0
100,4,2,5,0.25,0.22360679774997896,0.04950839806202197,12,5,6,6,4,1,5,500,31,0.001,100.0
100,4,2,6,0.5,-0.39999999999999997,-0.4637896110415041,12,4,6,6,2,2,4,500,21,0.001,100.0
100,4,2,7,0.6666666666666667,-0.03571428571428572,0.3306920434837494,12,7,6,6,3,4,7,500,32,0.001,100.0
100,4,2,8,0.6666666666666666,0.0,0.05683173806841768,12,4,6,6,1,3,4,500,26,0.001,100.0
100,4,2,9,0.25,-0.35856858280031817,-0.5254527225393134,12,6,6,6,4,2,6,500,20,0.001,100.0
100,4,2,10,0.6000000000000001,0.42857142857142866,0.6226356900673294,12,7,6,6,2,5,7,500,33,0.001,100.0
100,4,2,11,0.25,-0.5161002296110789,-0.5426249240636754,12,6,6,6,4,2,6,500,28,0.001,100.0
100,4,2,12,0.5,0.3,0.5233647765963361,12,5,6,6,2,3,5,500,21,0.001,100.0
100,4,2,13,1.0,0.34786262139146906,0.13588183239290122,12,6,6,6,1,5,6,500,24,0.001,100.0
100,4,2,14,1.0,0.6071428571428572,0.6238231091815456,12,7,6,6,6,1,7,500,36,0.001,100.0
100,4,2,15,0.375,-0.3714285714285715,-0.5035154373348275,12,6,6,6,2,4,6,500,21,0.001,100.0
100,4,2,16,0.6666666666666667,0.09999999999999999,0.16928860625207226,12,5,6,6,3,2,5,500,31,0.001,100.0
100,4,2,17,0.6,0.38095238095238104,0.3194576440084981,12,8,6,6,5,3,8,500,24,0.001,100.0
100,4,2,18,0.25,-0.6,-0.5248528378633363,12,5,6,6,1,4,5,500,33,0.001,100.0
100,4,2,19,0.375,0.08827348295047496,-0.025748226592534628,12,6,6,6,2,4,6,500,27,0.001,100.0
100,4,2,20,0.75,0.7619047619047621,0.6430564213016585,12,8,6,6,6,2,8,500,29,0.001,100.0
100,4,2,21,0.375,-0.028571428571428574,-0.06465947317716017,12,6,6,6,2,4,6,500,29,0.001,100.0
100,4,2,22,0.9166666666666667,0.11904761904761905,0.3864486922230146,12,8,6,6,6,2,8,500,30,0.001,100.0
100,4,2,23,0.75,0.6,0.5036319999912177,12,5,6,6,1,4,5,500,27,0.001,100.0
100,4,2,24,0.6666666666666666,0.14285714285714288,0.23015562535313808,12,7,6,6,3,4,7,500,33,0.001,100.0
100,4,2,25,0.6666666666666667,0.3214285714285715,0.46395423717294937,12,7,6,6,3,4,7,500,21,0.001,100.0
100,4,2,26,0.6111111111111112,0.15,0.31009052964230127,12,9,6,6,3,6,9,500,29,0.001,100.0
100,4,2,27,0.0,-0.5,-0.5480975676446436,12,3,6,6,2,1,3,500,55,0.001,100.0
100,4,2,28,0.5416666666666667,-0.2897727626404075,-0.12499266600053535,12,8,6,6,6,2,8,500,18,0.001,100.0
100,4,2,29,0.625,0.3142857142857143,0.41282961541835794,12,6,6,6,2,4,6,500,35,0.001,100.0
100,4,2,30,0.3333333333333333,0.19999999999999998,-0.059763160036546276,12,5,6,6,2,3,5,500,23,0.001,100.0
100,4,5,1,0.5,0.0,0.0,12,8,6,6,3,5,8,500,0,0.001,0.001
100,4,5,2,0.6666666666666666,0.39999999999999997,0.3163011668308589,12,5,6,6,2,3,5,500,10,0.001,100.0
100,4,5,3,1.0,0.6668859288553503,0.6256568802162504,12,5,6,6,4,1,5,500,7,0.001,100.0
100,4,5,4,0.5,-0.09523809523809526,-0.016770606357148637,12,8,6,6,2,6,8,500,6,0.001,100.0
100,4,5,5,0.375,0.5642880936468347,0.0661821953956587,12,5,6,6,4,1,5,500,11,0.001,100.0
100,4,5,6,0.5,-0.19999999999999998,-0.3240305665512295,12,4,6,6,2,2,4,500,11,0.001,100.0
100,4,5,7,1.0,0.5714285714285715,0.30751066903121876,12,7,6,6,3,4,7,500,6,0.001,100.0
100,4,5,8,1.0,0.7999999999999999,0.6117338014189231,12,4,6,6,1,3,4,500,9,0.001,100.0
100,4,5,9,0.125,-0.6571428571428573,-0.7345955429737975,12,6,6,6,4,2,6,500,9,0.001,100.0
100,4,5,10,0.7,0.4504687313477795,0.5578947600190405,12,7,6,6,2,5,7,500,8,0.001,100.0
100,4,5,11,0.25,-0.34786262139146906,-0.5651847257916548,12,6,6,6,4,2,6,500,6,0.001,100.0
100,4,5,12,0.6666666666666666,0.49999999999999994,0.41072495624213234,12,5,6,6,2,3,5,500,6,0.001,100.0
100,4,5,13,0.6,0.11595420713048968,-0.015591679152990345,12,6,6,6,1,5,6,500,4,0.001,100.0
100,4,5,14,0.5,0.23424374030084538,0.15915843959907863,12,7,6,6,6,1,7,500,7,0.001,100.0
100,4,5,15,0.5,0.14285714285714288,0.1147316174033113,12,6,6,6,2,4,6,500,12,0.001,100.0
100,4,5,16,0.5,-0.3,0.26755087773060926,12,5,6,6,3,2,5,500,7,0.001,100.0
100,4,5,17,0.7333333333333333,0.2142857142857143,0.11650958896710954,12,8,6,6,5,3,8,500,14,0.001,100.0
100,4,5,18,0.0,-0.5642880936468347,-0.3804651327683146,12,5,6,6,1,4,5,500,12,0.001,100.0
100,4,5,19,0.125,-0.2571428571428572,-0.15608643052307147,12,6,6,6,2,4,6,500,10,0.001,100.0
100,4,5,20,0.7916666666666667,0.07273929674533079,-0.11190094154378837,12,8,6,6,6,2,8,500,5,0.001,100.0
100,4,5,21,0.4375,-0.12344267996967354,-0.1317744660166434,12,6,6,6,2,4,6,500,3,0.001,100.0
100,4,5,22,0.5833333333333334,-0.4285714285714286,-0.453418297235147,12,8,6,6,6,2,8,500,11,0.001,100.0
100,4,5,23,1.0,0.8999999999999998,0.8491267016387573,12,5,6,6,1,4,5,500,8,0.001,100.0
100,4,5,24,0.9583333333333334,0.6666937223947136,0.6528502332951609,12,7,6,6,3,4,7,500,7,0.001,100.0
100,4,5,25,0.9166666666666667,0.7110571291368638,0.8053176113379076,12,7,6,6,3,4,7,500,6,0.001,100.0
100,4,5,26,0.8333333333333334,0.5,0.5995626176449272,12,9,6,6,3,6,9,500,12,0.001,100.0
100,4,5,27,0.5,0.5,-0.24897114751847949,12,3,6,6,2,1,3,500,9,0.001,100.0
100,4,5,28,0.5,-0.5155800469472482,-0.14611734975910634,12,8,6,6,6,2,8,500,7,0.001,100.0
100,4,5,29,0.5,0.0,0.0,12,6,6,6,2,4,6,500,0,0.001,0.001
100,4,5,30,0.8333333333333333,0.7,0.5354014791309287,12,5,6,6,2,3,5,500,11,0.001,100.0
100,6,1,1,0.7,0.3353353533357125,0.3472044135703226,12,8,6,6,3,5,8,500,15,0.001,100.0
100,6,1,2,0.6666666666666666,0.6,0.7024856357995326,12,5,6,6,2,3,5,500,19,0.001,100.0
100,6,1,3,1.0,0.19999999999999998,0.6038865166374594,12,5,6,6,4,1,5,500,26,0.001,100.0
100,6,1,4,0.16666666666666666,-0.3333333333333334,-0.21585600494419652,12,8,6,6,2,6,8,500,57,0.001,100.0
100,6,1,5,0.25,0.39999999999999997,0.04581746196545372,12,5,6,6,4,1,5,500,62,0.001,100.0
100,6,1,6,0.5,-0.39999999999999997,-0.37648326604523885,12,4,6,6,2,2,4,500,29,0.001,100.0
100,6,1,7,0.8333333333333334,0.3214285714285715,0.20937572368608381,12,7,6,6,3,4,7,500,11,0.001,100.0
100,6,1,8,0.6666666666666666,0.39999999999999997,0.5570959040921425,12,4,6,6,1,3,4,500,14,0.001,100.0
100,6,1,9,0.125,-0.8406680016960504,-0.611097337496664,12,6,6,6,4,2,6,500,56,0.001,100.0
100,6,1,10,0.5,0.3214285714285715,0.44727899606713806,12,7,6,6,2,5,7,500,29,0.001,100.0
100,6,1,11,0.5,0.08696565534786727,-0.43335185729915654,12,6,6,6,4,2,6,500,57,0.001,100.0
100,6,1,12,0.5,0.35909242322980395,0.5603916713343341,12,5,6,6,2,3,5,500,17,0.001,100.0
100,6,1,13,1.0,0.4285714285714286,0.22622409514744957,12,6,6,6,1,5,6,500,29,0.001,100.0
100,6,1,14,0.8333333333333334,0.3571428571428572,0.41776309133096656,12,7,6,6,6,1,7,500,34,0.001,100.0
100,6,1,15,0.5,-0.08571428571428573,-0.290001870580962,12,6,6,6,2,4,6,500,31,0.001,100.0
100,6,1,16,0.6666666666666667,-0.15389675281277312,0.3189812584714698,12,5,6,6,3,2,5,500,14,0.001,100.0
100,6,1,17,0.49999999999999994,0.07229440390678199,0.009671348947912752,12,8,6,6,5,3,8,500,30,0.001,100.0
100,6,1,18,0.375,0.05129891760425771,-0.2583502822713902,12,5,6,6,1,4,5,500,44,0.001,100.0
100,6,1,19,0.375,-0.2571428571428572,-0.2109831154870388,12,6,6,6,2,4,6,500,62,0.001,100.0
100,6,1,20,0.41666666666666663,0.30952380952380953,0.30516315015214857,12,8,6,6,6,2,8,500,11,0.001,100.0
100,6,1,21,0.375,-0.14285714285714288,-0.14747279110201814,12,6,6,6,2,4,6,500,45,0.001,100.0
100,6,1,22,0.9166666666666667,0.11904761904761905,0.25594661977556254,12,8,6,6,6,2,8,500,11,0.001,100.0
100,6,1,23,0.75,0.6668859288553503,0.6398540321486328,12,5,6,6,1,4,5,500,21,0.001,100.0
100,6,1,24,0.875,0.7092081432669753,0.6536823821072282,12,7,6,6,3,4,7,500,32,0.001,100.0
100,6,1,25,0.6666666666666667,0.37839373433213486,0.5096431620741717,12,7,6,6,3,4,7,500,14,0.001,100.0
100,6,1,26,0.6944444444444444,0.2689170581811257,0.37718022729642603,12,9,6,6,3,6,9,500,31,0.001,100.0
100,6,1,27,0.0,-0.5,-0.9857649497011325,12,3,6,6,2,1,3,500,28,0.001,100.0
100,6,1,28,0.5,-0.51234753829798,-0.4307646886828298,12,8,6,6,6,2,8,500,55,0.001,100.0
100,6,1,29,1.0,0.7142857142857143,0.6893050576754253,12,6,6,6,2,4,6,500,15,0.001,100.0
100,6,1,30,0.6666666666666666,0.7,0.5220413173547283,12,5,6,6,2,3,5,500,11,0.001,100.0
100,6,2,1,0.8666666666666667,0.6190476190476191,0.581697422387701,12,8,6,6,3,5,8,500,24,0.001,100.0
100,6,2,2,0.6666666666666666,0.7,0.4672866351391559,12,5,6,6,2,3,5,500,26,0.001,100.0
100,6,2,3,1.0,0.09999999999999999,0.6406909247056809,12,5,6,6,4,1,5,500,29,0.001,100.0
100,6,2,4,0.08333333333333333,-0.34731161595484505,-0.15576913185236838,12,8,6,6,2,6,8,500,27,0.001,100.0
100,6,2,5,0.25,0.22360679774997896,0.04950839806202197,12,5,6,6,4,1,5,500,31,0.001,100.0
100,6,2,6,0.5,-0.39999999999999997,-0.4637896110415041,12,4,6,6,2,2,4,500,21,0.001,100.0
100,6,2,7,0.6666666666666667,-0.03571428571428572,0.3306920434837494,12,7,6,6,3,4,7,500,32,0.001,100.0
100,6,2,8,0.6666666666666666,0.0,0.05683173806841768,12,4,6,6,1,3,4,500,26,0.001,100.0
100,6,2,9,0.25,-0.35856858280031817,-0.5254527225393134,12,6,6,6,4,2,6,500,20,0.001,100.0
100,6,2,10,0.6000000000000001,0.42857142857142866,0.6226356900673294,12,7,6,6,2,5,7,500,33,0.001,100.0
100,6,2,11,0.25,-0.5161002296110789,-0.5426249240636754,12,6,6,6,4,2,6,500,28,0.001,100.0
100,6,2,12,0.5,0.3,0.5233647765963361,12,5,6,6,2,3,5,500,21,0.001,100.0
100,6,2,13,1.0,0.34786262139146906,0.13588183239290122,12,6,6,6,1,5,6,500,24,0.001,100.0
100,6,2,14,1.0,0.6071428571428572,0.6238231091815456,12,7,6,6,6,1,7,500,36,0.001,100.0
100,6,2,15,0.375,-0.3714285714285715,-0.5035154373348275,12,6,6,6,2,4,6,500,21,0.001,100.0
100,6,2,16,0.6666666666666667,0.09999999999999999,0.16928860625207226,12,5,6,6,3,2,5,500,31,0.001,100.0
100,6,2,17,0.6,0.38095238095238104,0.3194576440084981,12,8,6,6,5,3,8,500,24,0.001,100.0
100,6,2,18,0.25,-0.6,-0.5248528378633363,12,5,6,6,1,4,5,500,33,0.001,100.0
100,6,2,19,0.375,0.08827348295047496,-0.025748226592534628,12,6,6,6,2,4,6,500,27,0.001,100.0
100,6,2,20,0.75,0.7619047619047621,0.6430564213016585,12,8,6,6,6,2,8,500,29,0.001,100.0
100,6,2,21,0.375,-0.028571428571428574,-0.06465947317716017,12,6,6,6,2,4,6,500,29,0.001,100.0
100,6,2,22,0.9166666666666667,0.11904761904761905,0.3864486922230146,12,8,6,6,6,2,8,500,30,0.001,100.0
100,6,2,23,0.75,0.6,0.5036319999912177,12,5,6,6,1,4,5,500,27,0.001,100.0
100,6,2,24,0.6666666666666666,0.14285714285714288,0.23015562535313808,12,7,6,6,3,4,7,500,33,0.001,100.0
100,6,2,25,0.6666666666666667,0.3214285714285715,0.46395423717294937,12,7,6,6,3,4,7,500,21,0.001,100.0
100,6,2,26,0.6111111111111112,0.15,0.31009052964230127,12,9,6,6,3,6,9,500,29,0.001,100.0
100,6,2,27,0.0,-0.5,-0.5480975676446436,12,3,6,6,2,1,3,500,55,0.001,100.0
100,6,2,28,0.5416666666666667,-0.2897727626404075,-0.12499266600053535,12,8,6,6,6,2,8,500,18,0.001,100.0
100,6,2,29,0.625,0.3142857142857143,0.41282961541835794,12,6,6,6,2,4,6,500,35,0.001,100.0
100,6,2,30,0.3333333333333333,0.19999999999999998,-0.059763160036546276,12,5,6,6,2,3,5,500,23,0.001,100.0
100,6,5,1,0.5,0.0,0.0,12,8,6,6,3,5,8,500,0,0.001,0.001
100,6,5,2,0.6666666666666666,0.39999999999999997,0.3163011668308589,12,5,6,6,2,3,5,500,10,0.001,100.0
100,6,5,3,1.0,0.6668859288553503,0.6256568802162504,12,5,6,6,4,1,5,500,7,0.001,100.0
100,6,5,4,0.5,-0.09523809523809526,-0.016770606357148637,12,8,6,6,2,6,8,500,6,0.001,100.0
100,6,5,5,0.375,0.5642880936468347,0.0661821953956587,12,5,6,6,4,1,5,500,11,0.001,100.0
100,6,5,6,0.5,-0.19999999999999998,-0.3240305665512295,12,4,6,6,2,2,4,500,11,0.001,100.0
100,6,5,7,1.0,0.5714285714285715,0.30751066903121876,12,7,6,6,3,4,7,500,6,0.001,100.0
100,6,5,8,1.0,0.7999999999999999,0.6117338014189231,12,4,6,6,1,3,4,500,9,0.001,100.0
100,6,5,9,0.125,-0.6571428571428573,-0.7345955429737975,12,6,6,6,4,2,6,500,9,0.001,100.0
100,6,5,10,0.7,0.4504687313477795,0.5578947600190405,12,7,6,6,2,5,7,500,8,0.001,100.0
100,6,5,11,0.25,-0.34786262139146906,-0.5651847257916548,12,6,6,6,4,2,6,500,6,0.001,100.0
100,6,5,12,0.6666666666666666,0.49999999999999994,0.41072495624213234,12,5,6,6,2,3,5,500,6,0.001,100.0
100,6,5,13,0.6,0.11595420713048968,-0.015591679152990345,12,6,6,6,1,5,6,500,4,0.001,100.0
100,6,5,14,0.5,0.23424374030084538,0.15915843959907863,12,7,6,6,6,1,7,500,7,0.001,100.0
100,6,5,15,0.5,0.14285714285714288,0.1147316174033113,12,6,6,6,2,4,6,500,12,0.001,100.0
100,6,5,16,0.5,-0.3,0.26755087773060926,12,5,6,6,3,2,5,500,7,0.001,100.0
100,6,5,17,0.7333333333333333,0.2142857142857143,0.11650958896710954,12,8,6,6,5,3,8,500,14,0.001,100.0
100,6,5,18,0.0,-0.5642880936468347,-0.3804651327683146,12,5,6,6,1,4,5,500,12,0.001,100.0
100,6,5,19,0.125,-0.2571428571428572,-0.15608643052307147,12,6,6,6,2,4,6,500,10,0.001,100.0
100,6,5,20,0.7916666666666667,0.07273929674533079,-0.11190094154378837,12,8,6,6,6,2,8,500,5,0.001,100.0
100,6,5,21,0.4375,-0.12344267996967354,-0.1317744660166434,12,6,6,6,2,4,6,500,3,0.001,100.0
100,6,5,22,0.5833333333333334,-0.4285714285714286,-0.453418297235147,12,8,6,6,6,2,8,500,11,0.001,100.0
100,6,5,23,1.0,0.8999999999999998,0.8491267016387573,12,5,6,6,1,4,5,500,8,0.001,100.0
100,6,5,24,0.9583333333333334,0.6666937223947136,0.6528502332951609,12,7,6,6,3,4,7,500,7,0.001,100.0
100,6,5,25,0.9166666666666667,0.7110571291368638,0.8053176113379076,12,7,6,6,3,4,7,500,6,0.001,100.0
100,6,5,26,0.8333333333333334,0.5,0.5995626176449272,12,9,6,6,3,6,9,500,12,0.001,100.0
100,6,5,27,0.5,0.5,-0.24897114751847949,12,3,6,6,2,1,3,500,9,0.001,100.0
100,6,5,28,0.5,-0.5155800469472482,-0.14611734975910634,12,8,6,6,6,2,8,500,7,0.001,100.0
100,6,5,29,0.5,0.0,0.0,12,6,6,6,2,4,6,500,0,0.001,0.001
100,6,5,30,0.8333333333333333,0.7,0.5354014791309287,12,5,6,6,2,3,5,500,11,0.001,100.0
300,3,1,1,0.8666666666666667,0.7784570702436183,0.7126191848982844,12,8,6,6,3,5,8,500,27,0.001,100.0
300,3,1,2,1.0,0.6,0.7319455078078673,12,5,6,6,2,3,5,500,27,0.001,100.0
300,3,1,3,1.0,0.3,0.7855401495479801,12,5,6,6,4,1,5,500,19,0.001,100.0
300,3,1,4,0.3333333333333333,-0.07142857142857144,-0.08014011984864616,12,8,6,6,2,6,8,500,21,0.001,100.0
300,3,1,5,0.25,0.39999999999999997,-0.011637723017661163,12,5,6,6,4,1,5,500,60,0.001,100.0
300,3,1,6,0.5,-0.39999999999999997,-0.026078140347612022,12,4,6,6,2,2,4,500,33,0.001,100.0
300,3,1,7,1.0,0.8829187134416479,0.8632303912797978,12,7,6,6,3,4,7,500,20,0.001,100.0
300,3,1,8,1.0,0.7999999999999999,0.8070873394465174,12,4,6,6,1,3,4,500,46,0.001,100.0
300,3,1,9,0.5,-0.2571428571428572,-0.03563472505944178,12,6,6,6,4,2,6,500,73,0.001,100.0
300,3,1,10,0.5,0.07207499701564472,0.20298191248515732,12,7,6,6,2,5,7,500,53,0.001,100.0
300,3,1,11,0.375,-0.08571428571428573,-0.40791429687745223,12,6,6,6,4,2,6,500,48,0.001,100.0
300,3,1,12,1.0,0.9999999999999999,0.9427000519953372,12,5,6,6,2,3,5,500,18,0.001,100.0
300,3,1,13,0.6,-0.23190841426097936,-0.09605497473686392,12,6,6,6,1,5,6,500,20,0.001,100.0
300,3,1,14,0.8333333333333334,0.01801874925391118,0.3052204516578312,12,7,6,6,6,1,7,500,54,0.001,100.0
300,3,1,15,0.5,-0.11595420713048968,-0.14486229840600257,12,6,6,6,2,4,6,500,26,0.001,100.0
300,3,1,16,0.7500000000000001,0.20519567041703085,0.3766828091166126,12,5,6,6,3,2,5,500,14,0.001,100.0
300,3,1,17,0.5666666666666667,0.036147201953390995,0.16934604465524028,12,8,6,6,5,3,8,500,22,0.001,100.0
300,3,1,18,0.5,0.0,0.38479484184026186,12,5,6,6,1,4,5,500,40,0.001,100.0
300,3,1,19,0.3125,-0.02898855178262242,-0.29215505348123355,12,6,6,6,2,4,6,500,68,0.001,100.0
300,3,1,20,0.7500000000000001,0.46355253465055324,0.4793251122936941,12,8,6,6,6,2,8,500,20,0.001,100.0
300,3,1,21,0.625,-0.14285714285714288,0.10942503059749531,12,6,6,6,2,4,6,500,35,0.001,100.0
300,3,1,22,1.0,0.38557015416950396,0.5499389427496572,12,8,6,6,6,2,8,500,17,0.001,100.0
300,3,1,23,0.5,0.49999999999999994,0.5473438910568653,12,5,6,6,1,4,5,500,41,0.001,100.0
300,3,1,24,0.625,0.30631873731649006,0.4603059193305958,12,7,6,6,3,4,7,500,24,0.001,100.0
300,3,1,25,0.625,0.20003306604965973,0.22263298415002086,12,7,6,6,3,4,7,500,55,0.001,100.0
300,3,1,26,0.9444444444444445,0.7333333333333334,0.7281947355210768,12,9,6,6,3,6,9,500,24,0.001,100.0
300,3,1,27,0.0,-1.0,-0.9505121119625403,12,3,6,6,2,1,3,500,75,0.001,100.0
300,3,1,28,0.5833333333333333,-0.26347777762091695,0.07458018889547552,12,8,6,6,6,2,8,500,70,0.001,100.0
300,3,1,29,0.9375,0.898645105261295,0.8114407795315346,12,6,6,6,2,4,6,500,37,0.001,100.0
300,3,1,30,0.6666666666666666,0.6,0.7557161513516951,12,5,6,6,2,3,5,500,41,0.001,100.0
300,3,2,1,0.8,0.7380952380952381,0.626321002222736,12,8,6,6,3,5,8,500,42,0.001,100.0
300,3,2,2,0.8333333333333333,0.7999999999999999,0.36512466377968733,12,5,6,6,2,3,5,500,18,0.001,100.0
300,3,2,3,1.0,0.7,0.7569106197888897,12,5,6,6,4,1,5,500,24,0.001,100.0
300,3,2,4,0.3333333333333333,-0.2380952380952381,-0.10091035653635502,12,8,6,6,2,6,8,500,16,0.001,100.0
300,3,2,5,0.125,0.20519567041703085,-0.007093182931539693,12,5,6,6,4,1,5,500,42,0.001,100.0
300,3,2,6,0.75,0.0,0.1999630417357864,12,4,6,6,2,2,4,500,23,0.001,100.0
300,3,2,7,0.8333333333333334,0.8214285714285715,0.8504315667215393,12,7,6,6,3,4,7,500,25,0.001,100.0
300,3,2,8,1.0,0.632455532033676,0.8020082994232475,12,4,6,6,1,3,4,500,31,0.001,100.0
300,3,2,9,0.625,-0.028571428571428574,-0.07134951127658944,12,6,6,6,4,2,6,500,46,0.001,100.0
300,3,2,10,0.5,0.07412493166611012,0.2203035769196308,12,7,6,6,2,5,7,500,24,0.001,100.0
300,3,2,11,0.3125,-0.101418510567422,-0.5355067723437976,12,6,6,6,4,2,6,500,24,0.001,100.0
300,3,2,12,0.5,0.39999999999999997,0.3246464782640023,12,5,6,6,2,3,5,500,28,0.001,100.0
300,3,2,13,0.6,-0.3142857142857143,0.03687346735548414,12,6,6,6,1,5,6,500,19,0.001,100.0
300,3,2,14,0.9166666666666666,0.38188130791298674,0.49628217536026115,12,7,6,6,6,1,7,500,25,0.001,100.0
300,3,2,15,0.375,-0.4285714285714286,-0.2758050872870281,12,6,6,6,2,4,6,500,51,0.001,100.0
300,3,2,16,0.8333333333333334,0.3,0.27745933297874503,12,5,6,6,3,2,5,500,39,0.001,100.0
300,3,2,17,0.5333333333333333,0.09523809523809526,-0.049404778687439005,12,8,6,6,5,3,8,500,38,0.001,100.0
300,3,2,18,0.875,0.47434164902525683,0.48794610763319457,12,5,6,6,1,4,5,500,17,0.001,100.0
300,3,2,19,0.1875,-0.2608969660436018,-0.4726309999436781,12,6,6,6,2,4,6,500,34,0.001,100.0
300,3,2,20,0.75,0.19047619047619052,0.17839362780452064,12,8,6,6,6,2,8,500,31,0.001,100.0
300,3,2,21,0.5,-0.3188740696088466,0.03967713971583869,12,6,6,6,2,4,6,500,16,0.001,100.0
300,3,2,22,1.0,0.30952380952380953,0.6341595592428675,12,8,6,6,6,2,8,500,43,0.001,100.0
300,3,2,23,0.75,0.8660254037844386,0.7344797000512279,12,5,6,6,1,4,5,500,20,0.001,100.0
300,3,2,24,0.8333333333333334,0.5714285714285715,0.3409646359019925,12,7,6,6,3,4,7,500,28,0.001,100.0
300,3,2,25,0.5416666666666666,0.1272937693043289,0.13418385499733382,12,7,6,6,3,4,7,500,36,0.001,100.0
300,3,2,26,0.5555555555555556,0.3666666666666667,0.6444745909148483,12,9,6,6,3,6,9,500,20,0.001,100.0
300,3,2,27,0.0,-0.8660254037844387,-0.9996521022659459,12,3,6,6,2,1,3,500,46,0.001,100.0
300,3,2,28,0.7916666666666666,0.614502433207647,0.7019188072264253,12,8,6,6,6,2,8,500,42,0.001,100.0
300,3,2,29,1.0,0.9121593238215745,0.7082192984830562,12,6,6,6,2,4,6,500,20,0.001,100.0
300,3,2,30,0.6666666666666666,0.35355339059327373,0.527174793336923,12,5,6,6,2,3,5,500,25,0.001,100.0
300,3,5,1,0.5333333333333334,0.023809523809523815,0.23916591625579273,12,8,6,6,3,5,8,500,11,0.001,100.0
300,3,5,2,0.6666666666666666,0.19999999999999998,0.5435895256822892,12,5,6,6,2,3,5,500,10,0.001,100.0
300,3,5,3,1.0,0.8999999999999998,0.8756800498532367,12,5,6,6,4,1,5,500,11,0.001,100.0
300,3,5,4,0.16666666666666666,-0.1666666666666667,-0.3531725638390578,12,8,6,6,2,6,8,500,9,0.001,100.0
300,3,5,5,0.375,0.5642880936468347,0.085266907355354,12,5,6,6,4,1,5,500,11,0.001,100.0
300,3,5,6,0.0,-1.0,-0.9659412740478468,12,4,6,6,2,2,4,500,11,0.001,100.0
300,3,5,7,0.5,0.3214285714285715,0.5561783626622364,12,7,6,6,3,4,7,500,5,0.001,100.0
300,3,5,8,1.0,0.7999999999999999,0.7309593249608389,12,4,6,6,1,3,4,500,12,0.001,100.0
300,3,5,9,0.5,-0.2571428571428572,-0.14492967807675639,12,6,6,6,4,2,6,500,10,0.001,100.0
300,3,5,10,0.7,0.3571428571428572,0.4810288834514125,12,7,6,6,2,5,7,500,9,0.001,100.0
300,3,5,11,0.875,0.6,0.7028543685132088,12,6,6,6,4,2,6,500,10,0.001,100.0
300,3,5,12,0.5,0.09999999999999999,0.007118331295604471,12,5,6,6,2,3,5,500,6,0.001,100.0
300,3,5,13,0.4,-0.5428571428571429,-0.6158195273603866,12,6,6,6,1,5,6,500,9,0.001,100.0
300,3,5,14,0.8333333333333334,0.07142857142857144,0.5069265113864286,12,7,6,6,6,1,7,500,10,0.001,100.0
300,3,5,15,0.5,-0.028571428571428574,-0.04980351122542969,12,6,6,6,2,4,6,500,15,0.001,100.0
300,3,5,16,0.5,0.22360679774997896,-0.06803368018638593,12,5,6,6,3,2,5,500,5,0.001,100.0
300,3,5,17,0.06666666666666665,-0.6347419188140273,-0.6978999991896728,12,8,6,6,5,3,8,500,9,0.001,100.0
300,3,5,18,0.375,0.05129891760425771,-0.23476110138049006,12,5,6,6,1,4,5,500,9,0.001,100.0
300,3,5,19,0.4375,-0.20291986247835694,-0.044581456229553236,12,6,6,6,2,4,6,500,10,0.001,100.0
300,3,5,20,0.45833333333333337,0.13253974049576697,0.3317113994309254,12,8,6,6,6,2,8,500,9,0.001,100.0
300,3,5,21,0.5625,-0.06172133998483677,-0.009487484718136029,12,6,6,6,2,4,6,500,5,0.001,100.0
300,3,5,22,0.8333333333333334,0.3333333333333334,0.5720238293829962,12,8,6,6,6,2,8,500,12,0.001,100.0
300,3,5,23,0.75,0.7,0.4061425031847373,12,5,6,6,1,4,5,500,11,0.001,100.0
300,3,5,24,0.7500000000000001,0.3214285714285715,0.36819450133045856,12,7,6,6,3,4,7,500,8,0.001,100.0
300,3,5,25,0.8333333333333334,0.43244998209386837,0.5604129754617538,12,7,6,6,3,4,7,500,8,0.001,100.0
300,3,5,26,1.0,0.870300505105952,0.913421994523214,12,9,6,6,3,6,9,500,6,0.001,100.0
300,3,5,27,0.5,0.5,-0.10222541006092409,12,3,6,6,2,1,3,500,9,0.001,100.0
300,3,5,28,0.5833333333333334,0.46991362539408293,0.22731802335582743,12,8,6,6,6,2,8,500,11,0.001,100.0
300,3,5,29,0.75,0.8285714285714287,0.8025976522363091,12,6,6,6,2,4,6,500,10,0.001,100.0
300,3,5,30,0.41666666666666663,-0.35909242322980395,0.2524127242527817,12,5,6,6,2,3,5,500,4,0.001,100.0
300,4,1,1,0.8666666666666667,0.7784570702436183,0.7126191848982844,12,8,6,6,3,5,8,500,27,0.001,100.0
300,4,1,2,1.0,0.6,0.7319455078078673,12,5,6,6,2,3,5,500,27,0.001,100.0
300,4,1,3,1.0,0.3,0.7855401495479801,12,5,6,6,4,1,5,500,19,0.001,100.0
300,4,1,4,0.3333333333333333,-0.07142857142857144,-0.08014011984864616,12,8,6,6,2,6,8,500,21,0.001,100.0
300,4,1,5,0.25,0.39999999999999997,-0.011637723017661163,12,5,6,6,4,1,5,500,60,0.001,100.0
300,4,1,6,0.5,-0.39999999999999997,-0.026078140347612022,12,4,6,6,2,2,4,500,33,0.001,100.0
300,4,1,7,1.0,0.8829187134416479,0.8632303912797978,12,7,6,6,3,4,7,500,20,0.001,100.0
300,4,1,8,1.0,0.7999999999999999,0.8070873394465174,12,4,6,6,1,3,4,500,46,0.001,100.0
300,4,1,9,0.5,-0.2571428571428572,-0.03563472505944178,12,6,6,6,4,2,6,500,73,0.001,100.0
300,4,1,10,0.5,0.07207499701564472,0.20298191248515732,12,7,6,6,2,5,7,500,53,0.001,100.0
300,4,1,11,0.375,-0.08571428571428573,-0.40791429687745223,12,6,6,6,4,2,6,500,48,0.001,100.0
300,4,1,12,1.0,0.9999999999999999,0.9427000519953372,12,5,6,6,2,3,5,500,18,0.001,100.0
300,4,1,13,0.6,-0.23190841426097936,-0.09605497473686392,12,6,6,6,1,5,6,500,20,0.001,100.0
300,4,1,14,0.8333333333333334,0.01801874925391118,0.3052204516578312,12,7,6,6,6,1,7,500,54,0.001,100.0
300,4,1,15,0.5,-0.11595420713048968,-0.14486229840600257,12,6,6,6,2,4,6,500,26,0.001,100.0
300,4,1,16,0.7500000000000001,0.20519567041703085,0.3766828091166126,12,5,6,6,3,2,5,500,14,0.001,100.0
300,4,1,17,0.5666666666666667,0.036147201953390995,0.16934604465524028,12,8,6,6,5,3,8,500,22,0.001,100.0
300,4,1,18,0.5,0.0,0.38479484184026186,12,5,6,6,1,4,5,500,40,0.001,100.0
300,4,1,19,0.3125,-0.02898855178262242,-0.29215505348123355,12,6,6,6,2,4,6,500,68,0.001,100.0
300,4,1,20,0.7500000000000001,0.46355253465055324,0.4793251122936941,12,8,6,6,6,2,8,500,20,0.001,100.0
300,4,1,21,0.625,-0.14285714285714288,0.10942503059749531,12,6,6,6,2,4,6,500,35,0.001,100.0
300,4,1,22,1.0,0.38557015416950396,0.5499389427496572,12,8,6,6,6,2,8,500,17,0.001,100.0
300,4,1,23,0.5,0.49999999999999994,0.5473438910568653,12,5,6,6,1,4,5,500,41,0.001,100.0
300,4,1,24,0.625,0.30631873731649006,0.4603059193305958,12,7,6,6,3,4,7,500,24,0.001,100.0
300,4,1,25,0.625,0.20003306604965973,0.22263298415002086,12,7,6,6,3,4,7,500,55,0.001,100.0
300,4,1,26,0.9444444444444445,0.7333333333333334,0.7281947355210768,12,9,6,6,3,6,9,500,24,0.001,100.0
300,4,1,27,0.0,-1.0,-0.9505121119625403,12,3,6,6,2,1,3,500,75,0.001,100.0
300,4,1,28,0.5833333333333333,-0.26347777762091695,0.07458018889547552,12,8,6,6,6,2,8,500,70,0.001,100.0
300,4,1,29,0.9375,0.898645105261295,0.8114407795315346,12,6,6,6,2,4,6,500,37,0.001,100.0
300,4,1,30,0.6666666666666666,0.6,0.7557156801763253,12,5,6,6,2,3,5,500,41,0.001,100.0
300,4,2,1,0.8,0.7380952380952381,0.626321002222736,12,8,6,6,3,5,8,500,42,0.001,100.0
300,4,2,2,0.8333333333333333,0.7999999999999999,0.36512466377968733,12,5,6,6,2,3,5,500,18,0.001,100.0
300,4,2,3,1.0,0.7,0.7569106197888897,12,5,6,6,4,1,5,500,24,0.001,100.0
300,4,2,4,0.3333333333333333,-0.2380952380952381,-0.10091035653635502,12,8,6,6,2,6,8,500,16,0.001,100.0
300,4,2,5,0.125,0.20519567041703085,-0.007093182931539693,12,5,6,6,4,1,5,500,42,0.001,100.0
300,4,2,6,0.75,0.0,0.1999630417357864,12,4,6,6,2,2,4,500,23,0.001,100.0
300,4,2,7,0.8333333333333334,0.8214285714285715,0.8504315667215393,12,7,6,6,3,4,7,500,25,0.001,100.0
300,4,2,8,1.0,0.632455532033676,0.8020082994232475,12,4,6,6,1,3,4,500,31,0.001,100.0
300,4,2,9,0.625,-0.028571428571428574,-0.07134951127658944,12,6,6,6,4,2,6,500,46,0.001,100.0
300,4,2,10,0.5,0.07412493166611012,0.2203035769196308,12,7,6,6,2,5,7,500,24,0.001,100.0
300,4,2,11,0.3125,-0.101418510567422,-0.5355067723437976,12,6,6,6,4,2,6,500,24,0.001,100.0
300,4,2,12,0.5,0.39999999999999997,0.3246464782640023,12,5,6,6,2,3,5,500,28,0.001,100.0
300,4,2,13,0.6,-0.3142857142857143,0.03687346735548414,12,6,6,6,1,5,6,500,19,0.001,100.0
300,4,2,14,0.9166666666666666,0.38188130791298674,0.49628217536026115,12,7,6,6,6,1,7,500,25,0.001,100.0
300,4,2,15,0.375,-0.4285714285714286,-0.2758050872870281,12,6,6,6,2,4,6,500,51,0.001,100.0
300,4,2,16,0.8333333333333334,0.3,0.27745933297874503,12,5,6,6,3,2,5,500,39,0.001,100.0
300,4,2,17,0.5333333333333333,0.09523809523809526,-0.049404778687439005,12,8,6,6,5,3,8,500,38,0.001,100.0
300,4,2,18,0.875,0.47434164902525683,0.48794610763319457,12,5,6,6,1,4,5,500,17,0.001,100.0
300,4,2,19,0.1875,-0.2608969660436018,-0.4726309999436781,12,6,6,6,2,4,6,500,34,0.001,100.0
300,4,2,20,0.75,0.19047619047619052,0.17839362780452064,12,8,6,6,6,2,8,500,31,0.001,100.0
300,4,2,21,0.5,-0.3188740696088466,0.03967713971583869,12,6,6,6,2,4,6,500,16,0.001,100.0
300,4,2,22,1.0,0.30952380952380953,0.6341595592428675,12,8,6,6,6,2,8,500,43,0.001,100.0
300,4,2,23,0.75,0.8660254037844386,0.7344797000512279,12,5,6,6,1,4,5,500,20,0.001,100.0
300,4,2,24,0.8333333333333334,0.5714285714285715,0.3409646359019925,12,7,6,6,3,4,7,500,28,0.001,100.0
300,4,2,25,0.5416666666666666,0.1272937693043289,0.13418385499733382,12,7,6,6,3,4,7,500,36,0.001,100.0
300,4,2,26,0.5555555555555556,0.3666666666666667,0.6444745909148483,12,9,6,6,3,6,9,500,20,0.001,100.0
300,4,2,27,0.0,-0.8660254037844387,-0.9996521022659459,12,3,6,6,2,1,3,500,46,0.001,100.0
300,4,2,28,0.7916666666666666,0.614502433207647,0.7019188072264253,12,8,6,6,6,2,8,500,42,0.001,100.0
300,4,2,29,1.0,0.9121593238215745,0.7082192984830562,12,6,6,6,2,4,6,500,20,0.001,100.0
300,4,2,30,0.6666666666666666,0.35355339059327373,0.527174793336923,12,5,6,6,2,3,5,500,25,0.001,100.0
300,4,5,1,0.5333333333333334,0.023809523809523815,0.23916591625579273,12,8,6,6,3,5,8,500,11,0.001,100.0
300,4,5,2,0.6666666666666666,0.19999999999999998,0.5435895256822892,12,5,6,6,2,3,5,500,10,0.001,100.0
300,4,5,3,1.0,0.8999999999999998,0.8756800498532367,12,5,6,6,4,1,5,500,11,0.001,100.0
300,4,5,4,0.16666666666666666,-0.1666666666666667,-0.3531725638390578,12,8,6,6,2,6,8,500,9,0.001,100.0
300,4,5,5,0.375,0.5642880936468347,0.085266907355354,12,5,6,6,4,1,5,500,11,0.001,100.0
300,4,5,6,0.0,-1.0,-0.9659412740478468,12,4,6,6,2,2,4,500,11,0.001,100.0
300,4,5,7,0.5,0.3214285714285715,0.5561783626622364,12,7,6,6,3,4,7,500,5,0.001,100.0
300,4,5,8,1.0,0.7999999999999999,0.7309593249608389,12,4,6,6,1,3,4,500,12,0.001,100.0
300,4,5,9,0.5,-0.2571428571428572,-0.14492967807675639,12,6,6,6,4,2,6,500,10,0.001,100.0
300,4,5,10,0.7,0.3571428571428572,0.4810288834514125,12,7,6,6,2,5,7,500,9,0.001,100.0
300,4,5,11,0.875,0.6,0.7028543685132088,12,6,6,6,4,2,6,500,10,0.001,100.0
300,4,5,12,0.5,0.09999999999999999,0.007118331295604471,12,5,6,6,2,3,5,500,6,0.001,100.0
300,4,5,13,0.4,-0.5428571428571429,-0.6158195273603866,12,6,6,6,1,5,6,500,9,0.001,100.0
300,4,5,14,0.8333333333333334,0.07142857142857144,0.5069265113864286,12,7,6,6,6,1,7,500,10,0.001,100.0
300,4,5,15,0.5,-0.028571428571428574,-0.04980351122542969,12,6,6,6,2,4,6,500,15,0.001,100.0
300,4,5,16,0.5,0.22360679774997896,-0.06803368018638593,12,5,6,6,3,2,5,500,5,0.001,100.0
300,4,5,17,0.06666666666666665,-0.6347419188140273,-0.6978999991896728,12,8,6,6,5,3,8,500,9,0.001,100.0
300,4,5,18,0.375,0.05129891760425771,-0.23476110138049006,12,5,6,6,1,4,5,500,9,0.001,100.0
300,4,5,19,0.4375,-0.20291986247835694,-0.044581456229553236,12,6,6,6,2,4,6,500,10,0.001,100.0
300,4,5,20,0.45833333333333337,0.13253974049576697,0.3317113994309254,12,8,6,6,6,2,8,500,9,0.001,100.0
300,4,5,21,0.5625,-0.06172133998483677,-0.009487484718136029,12,6,6,6,2,4,6,500,5,0.001,100.0
300,4,5,22,0.8333333333333334,0.3333333333333334,0.5720238293829962,12,8,6,6,6,2,8,500,12,0.001,100.0
300,4,5,23,0.75,0.7,0.4061425031847373,12,5,6,6,1,4,5,500,11,0.001,100.0
300,4,5,24,0.7500000000000001,0.3214285714285715,0.36819450133045856,12,7,6,6,3,4,7,500,8,0.001,100.0
300,4,5,25,0.8333333333333334,0.43244998209386837,0.5604129754617538,12,7,6,6,3,4,7,500,8,0.001,100.0
300,4,5,26,1.0,0.870300505105952,0.913421994523214,12,9,6,6,3,6,9,500,6,0.001,100.0
300,4,5,27,0.5,0.5,-0.10222541006092409,12,3,6,6,2,1,3,500,9,0.001,100.0
300,4,5,28,0.5833333333333334,0.46991362539408293,0.22731802335582743,12,8,6,6,6,2,8,500,11,0.001,100.0
300,4,5,29,0.75,0.8285714285714287,0.8025976522363091,12,6,6,6,2,4,6,500,10,0.001,100.0
300,4,5,30,0.41666666666666663,-0.35909242322980395,0.2524127242527817,12,5,6,6,2,3,5,500,4,0.001,100.0
300,6,1,1,0.8666666666666667,0.7784570702436183,0.7126191848982844,12,8,6,6,3,5,8,500,27,0.001,100.0
300,6,1,2,1.0,0.6,0.7319455078078673,12,5,6,6,2,3,5,500,27,0.001,100.0
300,6,1,3,1.0,0.3,0.7855401495479801,12,5,6,6,4,1,5,500,19,0.001,100.0
300,6,1,4,0.3333333333333333,-0.07142857142857144,-0.08014011984864616,12,8,6,6,2,6,8,500,21,0.001,100.0
300,6,1,5,0.25,0.39999999999999997,-0.011637723017661163,12,5,6,6,4,1,5,500,60,0.001,100.0
300,6,1,6,0.5,-0.39999999999999997,-0.026078140347612022,12,4,6,6,2,2,4,500,33,0.001,100.0
300,6,1,7,1.0,0.8829187134416479,0.8632303912797978,12,7,6,6,3,4,7,500,20,0.001,100.0
300,6,1,8,1.0,0.7999999999999999,0.8070873394465174,12,4,6,6,1,3,4,500,46,0.001,100.0
300,6,1,9,0.5,-0.2571428571428572,-0.03563472505944178,12,6,6,6,4,2,6,500,73,0.001,100.0
300,6,1,10,0.5,0.07207499701564472,0.20298191248515732,12,7,6,6,2,5,7,500,53,0.001,100.0
300,6,1,11,0.375,-0.08571428571428573,-0.40791429687745223,12,6,6,6,4,2,6,500,48,0.001,100.0
300,6,1,12,1.0,0.9999999999999999,0.9427000519953372,12,5,6,6,2,3,5,500,18,0.001,100.0
300,6,1,13,0.6,-0.23190841426097936,-0.09605497473686392,12,6,6,6,1,5,6,500,20,0.001,100.0
300,6,1,14,0.8333333333333334,0.01801874925391118,0.3052204516578312,12,7,6,6,6,1,7,500,54,0.001,100.0
300,6,1,15,0.5,-0.11595420713048968,-0.14486229840600257,12,6,6,6,2,4,6,500,26,0.001,100.0
300,6,1,16,0.7500000000000001,0.20519567041703085,0.3766828091166126,12,5,6,6,3,2,5,500,14,0.001,100.0
300,6,1,17,0.5666666666666667,0.036147201953390995,0.16934604465524028,12,8,6,6,5,3,8,500,22,0.001,100.0
300,6,1,18,0.5,0.0,0.38479484184026186,12,5,6,6,1,4,5,500,40,0.001,100.0
300,6,1,19,0.3125,-0.02898855178262242,-0.29215505348123355,12,6,6,6,2,4,6,500,68,0.001,100.0
300,6,1,20,0.7500000000000001,0.46355253465055324,0.4793251122936941,12,8,6,6,6,2,8,500,20,0.001,100.0
300,6,1,21,0.625,-0.14285714285714288,0.10942503059749531,12,6,6,6,2,4,6,500,35,0.001,100.0
300,6,1,22,1.0,0.38557015416950396,0.5499389427496572,12,8,6,6,6,2,8,500,17,0.001,100.0
300,6,1,23,0.5,0.49999999999999994,0.5473438910568653,12,5,6,6,1,4,5,500,41,0.001,100.0
300,6,1,24,0.625,0.30631873731649006,0.4603059193305958,12,7,6,6,3,4,7,500,24,0.001,100.0
300,6,1,25,0.625,0.20003306604965973,0.22263298415002086,12,7,6,6,3,4,7,500,55,0.001,100.0
300,6,1,26,0.9444444444444445,0.7333333333333334,0.7281947355210768,12,9,6,6,3,6,9,500,24,0.001,100.0
300,6,1,27,0.0,-1.0,-0.9505121119625403,12,3,6,6,2,1,3,500,75,0.001,100.0
300,6,1,28,0.5833333333333333,-0.26347777762091695,0.07458018889547552,12,8,6,6,6,2,8,500,70,0.001,100.0
300,6,1,29,0.9375,0.898645105261295,0.8114407795315346,12,6,6,6,2,4,6,500,37,0.001,100.0
300,6,1,30,0.6666666666666666,0.6,0.7557156801763253,12,5,6,6,2,3,5,500,41,0.001,100.0
300,6,2,1,0.8,0.7380952380952381,0.626321002222736,12,8,6,6,3,5,8,500,42,0.001,100.0
300,6,2,2,0.8333333333333333,0.7999999999999999,0.36512466377968733,12,5,6,6,2,3,5,500,18,0.001,100.0
300,6,2,3,1.0,0.7,0.7569106197888897,12,5,6,6,4,1,5,500,24,0.001,100.0
300,6,2,4,0.3333333333333333,-0.2380952380952381,-0.10091035653635502,12,8,6,6,2,6,8,500,16,0.001,100.0
300,6,2,5,0.125,0.20519567041703085,-0.007093182931539693,12,5,6,6,4,1,5,500,42,0.001,100.0
300,6,2,6,0.75,0.0,0.1999630417357864,12,4,6,6,2,2,4,500,23,0.001,100.0
300,6,2,7,0.8333333333333334,0.8214285714285715,0.8504315667215393,12,7,6,6,3,4,7,500,25,0.001,100.0
300,6,2,8,1.0,0.632455532033676,0.8020082994232475,12,4,6,6,1,3,4,500,31,0.001,100.0
300,6,2,9,0.625,-0.028571428571428574,-0.07134951127658944,12,6,6,6,4,2,6,500,46,0.001,100.0
300,6,2,10,0.5,0.07412493166611012,0.2203035769196308,12,7,6,6,2,5,7,500,24,0.001,100.0
300,6,2,11,0.3125,-0.101418510567422,-0.5355067723437976,12,6,6,6,4,2,6,500,24,0.001,100.0
300,6,2,12,0.5,0.39999999999999997,0.3246464782640023,12,5,6,6,2,3,5,500,28,0.001,100.0
300,6,2,13,0.6,-0.3142857142857143,0.03687346735548414,12,6,6,6,1,5,6,500,19,0.001,100.0
300,6,2,14,0.9166666666666666,0.38188130791298674,0.49628217536026115,12,7,6,6,6,1,7,500,25,0.001,100.0
300,6,2,15,0.375,-0.4285714285714286,-0.2758050872870281,12,6,6,6,2,4,6,500,51,0.001,100.0
300,6,2,16,0.8333333333333334,0.3,0.27745933297874503,12,5,6,6,3,2,5,500,39,0.001,100.0
300,6,2,17,0.5333333333333333,0.09523809523809526,-0.049404778687439005,12,8,6,6,5,3,8,500,38,0.001,100.0
300,6,2,18,0.875,0.47434164902525683,0.48794610763319457,12,5,6,6,1,4,5,500,17,0.001,100.0
300,6,2,19,0.1875,-0.2608969660436018,-0.4726309999436781,12,6,6,6,2,4,6,500,34,0.001,100.0
300,6,2,20,0.75,0.19047619047619052,0.17839362780452064,12,8,6,6,6,2,8,500,31,0.001,100.0
300,6,2,21,0.5,-0.3188740696088466,0.03967713971583869,12,6,6,6,2,4,6,500,16,0.001,100.0
300,6,2,22,1.0,0.30952380952380953,0.6341595592428675,12,8,6,6,6,2,8,500,43,0.001,100.0
300,6,2,23,0.75,0.8660254037844386,0.7344797000512279,12,5,6,6,1,4,5,500,20,0.001,100.0
300,6,2,24,0.8333333333333334,0.5714285714285715,0.3409646359019925,12,7,6,6,3,4,7,500,28,0.001,100.0
300,6,2,25,0.5416666666666666,0.1272937693043289,0.13418385499733382,12,7,6,6,3,4,7,500,36,0.001,100.0
300,6,2,26,0.5555555555555556,0.3666666666666667,0.6444745909148483,12,9,6,6,3,6,9,500,20,0.001,100.0
300,6,2,27,0.0,-0.8660254037844387,-0.9996521022659459,12,3,6,6,2,1,3,500,46,0.001,100.0
300,6,2,28,0.7916666666666666,0.614502433207647,0.7019188072264253,12,8,6,6,6,2,8,500,42,0.001,100.0
300,6,2,29,1.0,0.9121593238215745,0.7082192984830562,12,6,6,6,2,4,6,500,20,0.001,100.0
300,6,2,30,0.6666666666666666,0.35355339059327373,0.527174793336923,12,5,6,6,2,3,5,500,25,0.001,100.0
300,6,5,1,0.5333333333333334,0.023809523809523815,0.23916591625579273,12,8,6,6,3,5,8,500,11,0.001,100.0
300,6,5,2,0.6666666666666666,0.19999999999999998,0.5435895256822892,12,5,6,6,2,3,5,500,10,0.001,100.0
300,6,5,3,1.0,0.8999999999999998,0.8756800498532367,12,5,6,6,4,1,5,500,11,0.001,100.0
300,6,5,4,0.16666666666666666,-0.1666666666666667,-0.3531725638390578,12,8,6,6,2,6,8,500,9,0.001,100.0
300,6,5,5,0.375,0.5642880936468347,0.085266907355354,12,5,6,6,4,1,5,500,11,0.001,100.0
300,6,5,6,0.0,-1.0,-0.9659412740478468,12,4,6,6,2,2,4,500,11,0.001,100.0
300,6,5,7,0.5,0.3214285714285715,0.5561783626622364,12,7,6,6,3,4,7,500,5,0.001,100.0
300,6,5,8,1.0,0.7999999999999999,0.7309593249608389,12,4,6,6,1,3,4,500,12,0.001,100.0
300,6,5,9,0.5,-0.2571428571428572,-0.14492967807675639,12,6,6,6,4,2,6,500,10,0.001,100.0
300,6,5,10,0.7,0.3571428571428572,0.4810288834514125,12,7,6,6,2,5,7,500,9,0.001,100.0
300,6,5,11,0.875,0.6,0.7028543685132088,12,6,6,6,4,2,6,500,10,0.001,100.0
300,6,5,12,0.5,0.09999999999999999,0.007118331295604471,12,5,6,6,2,3,5,500,6,0.001,100.0
300,6,5,13,0.4,-0.5428571428571429,-0.6158195273603866,12,6,6,6,1,5,6,500,9,0.001,100.0
300,6,5,14,0.8333333333333334,0.07142857142857144,0.5069265113864286,12,7,6,6,6,1,7,500,10,0.001,100.0
300,6,5,15,0.5,-0.028571428571428574,-0.04980351122542969,12,6,6,6,2,4,6,500,15,0.001,100.0
300,6,5,16,0.5,0.22360679774997896,-0.06803368018638593,12,5,6,6,3,2,5,500,5,0.001,100.0
300,6,5,17,0.06666666666666665,-0.6347419188140273,-0.6978999991896728,12,8,6,6,5,3,8,500,9,0.001,100.0
300,6,5,18,0.375,0.05129891760425771,-0.23476110138049006,12,5,6,6,1,4,5,500,9,0.001,100.0
300,6,5,19,0.4375,-0.20291986247835694,-0.044581456229553236,12,6,6,6,2,4,6,500,10,0.001,100.0
300,6,5,20,0.45833333333333337,0.13253974049576697,0.3317113994309254,12,8,6,6,6,2,8,500,9,0.001,100.0
300,6,5,21,0.5625,-0.06172133998483677,-0.009487484718136029,12,6,6,6,2,4,6,500,5,0.001,100.0
300,6,5,22,0.8333333333333334,0.3333333333333334,0.5720238293829962,12,8,6,6,6,2,8,500,12,0.001,100.0
300,6,5,23,0.75,0.7,0.4061425031847373,12,5,6,6,1,4,5,500,11,0.001,100.0
300,6,5,24,0.7500000000000001,0.3214285714285715,0.36819450133045856,12,7,6,6,3,4,7,500,8,0.001,100.0
300,6,5,25,0.8333333333333334,0.43244998209386837,0.5604129754617538,12,7,6,6,3,4,7,500,8,0.001,100.0
300,6,5,26,1.0,0.870300505105952,0.913421994523214,12,9,6,6,3,6,9,500,6,0.001,100.0
300,6,5,27,0.5,0.5,-0.10222541006092409,12,3,6,6,2,1,3,500,9,0.001,100.0
300,6,5,28,0.5833333333333334,0.46991362539408293,0.22731802335582743,12,8,6,6,6,2,8,500,11,0.001,100.0
300,6,5,29,0.75,0.8285714285714287,0.8025976522363091,12,6,6,6,2,4,6,500,10,0.001,100.0
300,6,5,30,0.41666666666666663,-0.35909242322980395,0.2524127242527817,12,5,6,6,2,3,5,500,4,0.001,100.0
600,3,1,1,1.0,0.8333333333333335,0.9067305469943492,12,8,6,6,3,5,8,500,28,0.001,100.0
600,3,1,2,1.0,0.8999999999999998,0.927157235859495,12,5,6,6,2,3,5,500,32,0.001,100.0
600,3,1,3,1.0,0.8999999999999998,0.9366854334803815,12,5,6,6,4,1,5,500,24,0.001,100.0
600,3,1,4,0.41666666666666663,0.15569141404872366,0.08287909528973225,12,8,6,6,2,6,8,500,29,0.001,100.0
600,3,1,5,0.0,0.0,-0.07176288333235266,12,5,6,6,4,1,5,500,59,0.001,100.0
600,3,1,6,1.0,0.7999999999999999,0.45907365928901545,12,4,6,6,2,2,4,500,47,0.001,100.0
600,3,1,7,1.0,0.9642857142857145,0.971542748709431,12,7,6,6,3,4,7,500,27,0.001,100.0
600,3,1,8,1.0,0.7999999999999999,0.8237627339335898,12,4,6,6,1,3,4,500,49,0.001,100.0
600,3,1,9,0.5,-0.3714285714285715,-0.12585232292739854,12,6,6,6,4,2,6,500,69,0.001,100.0
600,3,1,10,0.5,0.39285714285714296,0.5724305293363423,12,7,6,6,2,5,7,500,42,0.001,100.0
600,3,1,11,0.5,0.2571428571428572,0.31565948248688264,12,6,6,6,4,2,6,500,69,0.001,100.0
600,3,1,12,1.0,0.8207826816681234,0.9387401101089391,12,5,6,6,2,3,5,500,26,0.001,100.0
600,3,1,13,1.0,0.3714285714285715,0.6694999931330483,12,6,6,6,1,5,6,500,31,0.001,100.0
600,3,1,14,1.0,0.28571428571428575,0.35213174302592565,12,7,6,6,6,1,7,500,43,0.001,100.0
600,3,1,15,0.9375,0.5217939320872036,0.6260578791692826,12,6,6,6,2,4,6,500,47,0.001,100.0
600,3,1,16,1.0,0.6,0.9288879143337213,12,5,6,6,3,2,5,500,22,0.001,100.0
600,3,1,17,0.7666666666666666,0.3592878785739777,0.4907304563543478,12,8,6,6,5,3,8,500,40,0.001,100.0
600,3,1,18,1.0,0.6,0.7577950341271062,12,5,6,6,1,4,5,500,39,0.001,100.0
600,3,1,19,0.625,0.2571428571428572,0.2560044164340788,12,6,6,6,2,4,6,500,63,0.001,100.0
600,3,1,20,0.8333333333333334,0.4047619047619048,0.42111273907250046,12,8,6,6,6,2,8,500,35,0.001,100.0
600,3,1,21,0.875,0.48571428571428577,0.4809664436151304,12,6,6,6,2,4,6,500,35,0.001,100.0
600,3,1,22,0.9166666666666667,0.11904761904761905,0.20184627661432247,12,8,6,6,6,2,8,500,21,0.001,100.0
600,3,1,23,0.75,0.6,0.3522164948322108,12,5,6,6,1,4,5,500,62,0.001,100.0
600,3,1,24,1.0,0.7748062179181807,0.852611248929256,12,7,6,6,3,4,7,500,23,0.001,100.0
600,3,1,25,0.8333333333333334,0.4642857142857144,0.49488072187287746,12,7,6,6,3,4,7,500,31,0.001,100.0
600,3,1,26,1.0,0.7615129419677079,0.7489983056444917,12,9,6,6,3,6,9,500,38,0.001,100.0
600,3,1,27,0.0,-0.5,-0.8990751377621041,12,3,6,6,2,1,3,500,69,0.001,100.0
600,3,1,28,0.5833333333333333,-0.38095238095238104,-0.21709478297942827,12,8,6,6,6,2,8,500,66,0.001,100.0
600,3,1,29,0.625,0.5797710356524485,0.5711455210867431,12,6,6,6,2,4,6,500,40,0.001,100.0
600,3,1,30,1.0,0.8999999999999998,0.9284601725269719,12,5,6,6,2,3,5,500,35,0.001,100.0
600,3,2,1,1.0,0.880952380952381,0.886222826864792,12,8,6,6,3,5,8,500,21,0.001,100.0
600,3,2,2,1.0,0.7905694150420949,0.8710919836312747,12,5,6,6,2,3,5,500,14,0.001,100.0
600,3,2,3,1.0,0.9999999999999999,0.8079253452482742,12,5,6,6,4,1,5,500,18,0.001,100.0
600,3,2,4,0.16666666666666666,-0.04761904761904763,0.03913852942708729,12,8,6,6,2,6,8,500,24,0.001,100.0
600,3,2,5,0.125,0.20519567041703085,-0.0007841820700641345,12,5,6,6,4,1,5,500,44,0.001,100.0
600,3,2,6,1.0,0.7999999999999999,0.6752209564218256,12,4,6,6,2,2,4,500,24,0.001,100.0
600,3,2,7,1.0,0.9642857142857145,0.911899214753562,12,7,6,6,3,4,7,500,23,0.001,100.0
600,3,2,8,1.0,0.632455532033676,0.8019569437188877,12,4,6,6,1,3,4,500,29,0.001,100.0
600,3,2,9,0.4375,-0.3188740696088466,-0.10684936046358047,12,6,6,6,4,2,6,500,48,0.001,100.0
600,3,2,10,0.6000000000000001,0.5765999761251578,0.6357673078058738,12,7,6,6,2,5,7,500,23,0.001,100.0
600,3,2,11,0.5,0.4285714285714286,0.32244418643273787,12,6,6,6,4,2,6,500,38,0.001,100.0
600,3,2,12,1.0,0.8999999999999998,0.9433636980196006,12,5,6,6,2,3,5,500,22,0.001,100.0
600,3,2,13,1.0,0.26482044885142486,0.5461655107187462,12,6,6,6,1,5,6,500,16,0.001,100.0
600,3,2,14,0.8333333333333334,0.14285714285714288,0.41767372884518666,12,7,6,6,6,1,7,500,26,0.001,100.0
600,3,2,15,1.0,0.6767633692869747,0.9071933190811572,12,6,6,6,2,4,6,500,21,0.001,100.0
600,3,2,16,1.0,0.8999999999999998,0.993849690741715,12,5,6,6,3,2,5,500,16,0.001,100.0
600,3,2,17,0.8666666666666667,0.4571037452743458,0.5508703152817234,12,8,6,6,5,3,8,500,22,0.001,100.0
600,3,2,18,1.0,0.7,0.7634453777872319,12,5,6,6,1,4,5,500,26,0.001,100.0
600,3,2,19,0.625,0.2571428571428572,0.2870211204328458,12,6,6,6,2,4,6,500,43,0.001,100.0
600,3,2,20,0.8333333333333334,0.32977508813069667,0.3484935580580503,12,8,6,6,6,2,8,500,20,0.001,100.0
600,3,2,21,1.0,0.753702346348183,0.6541662252524981,12,6,6,6,2,4,6,500,17,0.001,100.0
600,3,2,22,0.8333333333333334,0.023809523809523815,0.1293575254548388,12,8,6,6,6,2,8,500,34,0.001,100.0
600,3,2,23,0.75,0.6,0.2894188798891108,12,5,6,6,1,4,5,500,46,0.001,100.0
600,3,2,24,1.0,0.8571428571428573,0.890083552859529,12,7,6,6,3,4,7,500,18,0.001,100.0
600,3,2,25,0.75,0.3571428571428572,0.18295819641961142,12,7,6,6,3,4,7,500,19,0.001,100.0
600,3,2,26,1.0,0.8200908605806086,0.8782043828499728,12,9,6,6,3,6,9,500,21,0.001,100.0
600,3,2,27,0.0,-0.5,-0.9037346901332877,12,3,6,6,2,1,3,500,56,0.001,100.0
600,3,2,28,0.5833333333333333,-0.21688321172034594,0.10409726462153898,12,8,6,6,6,2,8,500,49,0.001,100.0
600,3,2,29,0.625,0.5797710356524485,0.44075095463904296,12,6,6,6,2,4,6,500,28,0.001,100.0
600,3,2,30,1.0,0.7905694150420949,0.9127478890893062,12,5,6,6,2,3,5,500,27,0.001,100.0
600,3,5,1,1.0,0.6347419188140273,0.5593953929878914,12,8,6,6,3,5,8,500,8,0.001,100.0
600,3,5,2,0.8333333333333333,0.8999999999999998,0.5801620251979763,12,5,6,6,2,3,5,500,8,0.001,100.0
600,3,5,3,0.75,0.0,0.39219435929374014,12,5,6,6,4,1,5,500,12,0.001,100.0
600,3,5,4,0.3333333333333333,-0.04761904761904763,-0.04970069344119915,12,8,6,6,2,6,8,500,7,0.001,100.0
600,3,5,5,0.0,-0.09999999999999999,0.02156542810458501,12,5,6,6,4,1,5,500,11,0.001,100.0
600,3,5,6,0.5,-0.19999999999999998,0.11873539168656289,12,4,6,6,2,2,4,500,7,0.001,100.0
600,3,5,7,0.75,0.7637626158259735,0.773539998672003,12,7,6,6,3,4,7,500,6,0.001,100.0
600,3,5,8,1.0,0.7999999999999999,0.7407262721238048,12,4,6,6,1,3,4,500,6,0.001,100.0
600,3,5,9,0.625,0.08571428571428573,0.07967143068499676,12,6,6,6,4,2,6,500,12,0.001,100.0
600,3,5,10,1.0,0.8571428571428573,0.8430909903757295,12,7,6,6,2,5,7,500,10,0.001,100.0
600,3,5,11,0.3125,-0.2608969660436018,-0.2746250767230904,12,6,6,6,4,2,6,500,11,0.001,100.0
600,3,5,12,1.0,0.8999999999999998,0.9451427299546848,12,5,6,6,2,3,5,500,8,0.001,100.0
600,3,5,13,1.0,0.23190841426097936,0.4410994785087109,12,6,6,6,1,5,6,500,7,0.001,100.0
600,3,5,14,0.8333333333333334,0.3214285714285715,0.4714856545160299,12,7,6,6,6,1,7,500,11,0.001,100.0
600,3,5,15,0.875,0.5428571428571429,0.6528140127678768,12,6,6,6,2,4,6,500,6,0.001,100.0
600,3,5,16,0.8333333333333334,0.3,0.6654221539913779,12,5,6,6,3,2,5,500,9,0.001,100.0
600,3,5,17,0.9333333333333333,0.7142857142857144,0.7638343904040639,12,8,6,6,5,3,8,500,9,0.001,100.0
600,3,5,18,0.625,0.05270462766947299,0.4036917220549614,12,5,6,6,1,4,5,500,4,0.001,100.0
600,3,5,19,0.5,0.028571428571428574,0.027242989625494363,12,6,6,6,2,4,6,500,7,0.001,100.0
600,3,5,20,0.41666666666666663,0.09523809523809526,-0.06838810440036747,12,8,6,6,6,2,8,500,11,0.001,100.0
600,3,5,21,1.0,0.5428571428571429,0.797718638516824,12,6,6,6,2,4,6,500,5,0.001,100.0
600,3,5,22,0.6666666666666667,-0.11904761904761905,0.23467858655463114,12,8,6,6,6,2,8,500,13,0.001,100.0
600,3,5,23,0.375,-0.15389675281277312,-0.3895020827384493,12,5,6,6,1,4,5,500,8,0.001,100.0
600,3,5,24,0.8333333333333334,0.6071428571428572,0.6584235260878785,12,7,6,6,3,4,7,500,8,0.001,100.0
600,3,5,25,0.75,0.44474958999666075,0.2975748571840839,12,7,6,6,3,4,7,500,5,0.001,100.0
600,3,5,26,1.0,0.5823251360731082,0.7423294217751909,12,9,6,6,3,6,9,500,6,0.001,100.0
600,3,5,27,0.0,-0.5,-0.7975543783115272,12,3,6,6,2,1,3,500,15,0.001,100.0
600,3,5,28,0.41666666666666663,-0.4419257545262127,-0.14535620822021603,12,8,6,6,6,2,8,500,10,0.001,100.0
600,3,5,29,1.0,0.8696565534786727,0.7641086065877829,12,6,6,6,2,4,6,500,4,0.001,100.0
600,3,5,30,1.0,0.6,0.8953004784670265,12,5,6,6,2,3,5,500,7,0.001,100.0
600,4,1,1,1.0,0.8333333333333335,0.9067305469943492,12,8,6,6,3,5,8,500,28,0.001,100.0
600,4,1,2,1.0,0.8999999999999998,0.927157235859495,12,5,6,6,2,3,5,500,32,0.001,100.0
600,4,1,3,1.0,0.8999999999999998,0.9366854334803815,12,5,6,6,4,1,5,500,24,0.001,100.0
600,4,1,4,0.41666666666666663,0.15569141404872366,0.08287909528973225,12,8,6,6,2,6,8,500,29,0.001,100.0
600,4,1,5,0.0,0.0,-0.07176288333235266,12,5,6,6,4,1,5,500,59,0.001,100.0
600,4,1,6,1.0,0.7999999999999999,0.45907365928901545,12,4,6,6,2,2,4,500,47,0.001,100.0
600,4,1,7,1.0,0.9642857142857145,0.971542748709431,12,7,6,6,3,4,7,500,27,0.001,100.0
600,4,1,8,1.0,0.7999999999999999,0.8237627339335898,12,4,6,6,1,3,4,500,49,0.001,100.0
600,4,1,9,0.5,-0.3714285714285715,-0.12585232292739854,12,6,6,6,4,2,6,500,69,0.001,100.0
600,4,1,10,0.5,0.39285714285714296,0.5724305293363423,12,7,6,6,2,5,7,500,42,0.001,100.0
600,4,1,11,0.5,0.2571428571428572,0.31565948248688264,12,6,6,6,4,2,6,500,69,0.001,100.0
600,4,1,12,1.0,0.8207826816681234,0.9387401101089391,12,5,6,6,2,3,5,500,26,0.001,100.0
600,4,1,13,1.0,0.3714285714285715,0.6694999931330483,12,6,6,6,1,5,6,500,31,0.001,100.0
600,4,1,14,1.0,0.28571428571428575,0.35213174302592565,12,7,6,6,6,1,7,500,43,0.001,100.0
600,4,1,15,0.9375,0.5217939320872036,0.6260578791692826,12,6,6,6,2,4,6,500,47,0.001,100.0
600,4,1,16,1.0,0.6,0.9288879143337213,12,5,6,6,3,2,5,500,22,0.001,100.0
600,4,1,17,0.7666666666666666,0.3592878785739777,0.4907304563543478,12,8,6,6,5,3,8,500,40,0.001,100.0
600,4,1,18,1.0,0.6,0.7577950341271062,12,5,6,6,1,4,5,500,39,0.001,100.0
600,4,1,19,0.625,0.2571428571428572,0.2560044164340788,12,6,6,6,2,4,6,500,63,0.001,100.0
600,4,1,20,0.8333333333333334,0.4047619047619048,0.42111273907250046,12,8,6,6,6,2,8,500,35,0.001,100.0
600,4,1,21,0.875,0.48571428571428577,0.4809664436151304,12,6,6,6,2,4,6,500,35,0.001,100.0
600,4,1,22,0.9166666666666667,0.11904761904761905,0.20184627661432247,12,8,6,6,6,2,8,500,21,0.001,100.0
600,4,1,23,0.75,0.6,0.3522164948322108,12,5,6,6,1,4,5,500,62,0.001,100.0
600,4,1,24,1.0,0.7748062179181807,0.852611248929256,12,7,6,6,3,4,7,500,23,0.001,100.0
600,4,1,25,0.8333333333333334,0.4642857142857144,0.49488072187287746,12,7,6,6,3,4,7,500,31,0.001,100.0
600,4,1,26,1.0,0.7615129419677079,0.7489983056444917,12,9,6,6,3,6,9,500,38,0.001,100.0
600,4,1,27,0.0,-0.5,-0.8990751377621041,12,3,6,6,2,1,3,500,69,0.001,100.0
600,4,1,28,0.5833333333333333,-0.38095238095238104,-0.21709478297942827,12,8,6,6,6,2,8,500,66,0.001,100.0
600,4,1,29,0.625,0.5797710356524485,0.5711455210867431,12,6,6,6,2,4,6,500,40,0.001,100.0
600,4,1,30,1.0,0.8999999999999998,0.9284601725269719,12,5,6,6,2,3,5,500,35,0.001,100.0
600,4,2,1,1.0,0.880952380952381,0.886222826864792,12,8,6,6,3,5,8,500,21,0.001,100.0
600,4,2,2,1.0,0.7905694150420949,0.8710919836312747,12,5,6,6,2,3,5,500,14,0.001,100.0
600,4,2,3,1.0,0.9999999999999999,0.8079253452482742,12,5,6,6,4,1,5,500,18,0.001,100.0
600,4,2,4,0.16666666666666666,-0.04761904761904763,0.03913852942708729,12,8,6,6,2,6,8,500,24,0.001,100.0
600,4,2,5,0.125,0.20519567041703085,-0.0007841820700641345,12,5,6,6,4,1,5,500,44,0.001,100.0
600,4,2,6,1.0,0.7999999999999999,0.6752209564218256,12,4,6,6,2,2,4,500,24,0.001,100.0
600,4,2,7,1.0,0.9642857142857145,0.911899214753562,12,7,6,6,3,4,7,500,23,0.001,100.0
600,4,2,8,1.0,0.632455532033676,0.8019569437188877,12,4,6,6,1,3,4,500,29,0.001,100.0
600,4,2,9,0.4375,-0.3188740696088466,-0.10684936046358047,12,6,6,6,4,2,6,500,48,0.001,100.0
600,4,2,10,0.6000000000000001,0.5765999761251578,0.6357673078058738,12,7,6,6,2,5,7,500,23,0.001,100.0
600,4,2,11,0.5,0.4285714285714286,0.32244418643273787,12,6,6,6,4,2,6,500,38,0.001,100.0
600,4,2,12,1.0,0.8999999999999998,0.9433636980196006,12,5,6,6,2,3,5,500,22,0.001,100.0
600,4,2,13,1.0,0.26482044885142486,0.5461655107187462,12,6,6,6,1,5,6,500,16,0.001,100.0
600,4,2,14,0.8333333333333334,0.14285714285714288,0.41767372884518666,12,7,6,6,6,1,7,500,26,0.001,100.0
600,4,2,15,1.0,0.6767633692869747,0.9071933190811572,12,6,6,6,2,4,6,500,21,0.001,100.0
600,4,2,16,1.0,0.8999999999999998,0.993849690741715,12,5,6,6,3,2,5,500,16,0.001,100.0
600,4,2,17,0.8666666666666667,0.4571037452743458,0.5508703152817234,12,8,6,6,5,3,8,500,22,0.001,100.0
600,4,2,18,1.0,0.7,0.7634453777872319,12,5,6,6,1,4,5,500,26,0.001,100.0
600,4,2,19,0.625,0.2571428571428572,0.2870211204328458,12,6,6,6,2,4,6,500,43,0.001,100.0
600,4,2,20,0.8333333333333334,0.32977508813069667,0.3484935580580503,12,8,6,6,6,2,8,500,20,0.001,100.0
600,4,2,21,1.0,0.753702346348183,0.6541662252524981,12,6,6,6,2,4,6,500,17,0.001,100.0
600,4,2,22,0.8333333333333334,0.023809523809523815,0.1293575254548388,12,8,6,6,6,2,8,500,34,0.001,100.0
600,4,2,23,0.75,0.6,0.2894188798891108,12,5,6,6,1,4,5,500,46,0.001,100.0
600,4,2,24,1.0,0.8571428571428573,0.890083552859529,12,7,6,6,3,4,7,500,18,0.001,100.0
600,4,2,25,0.75,0.3571428571428572,0.18295819641961142,12,7,6,6,3,4,7,500,19,0.001,100.0
600,4,2,26,1.0,0.8200908605806086,0.8782043828499728,12,9,6,6,3,6,9,500,21,0.001,100.0
600,4,2,27,0.0,-0.5,-0.9037346901332877,12,3,6,6,2,1,3,500,56,0.001,100.0
600,4,2,28,0.5833333333333333,-0.21688321172034594,0.10409726462153898,12,8,6,6,6,2,8,500,49,0.001,100.0
600,4,2,29,0.625,0.5797710356524485,0.44075095463904296,12,6,6,6,2,4,6,500,28,0.001,100.0
600,4,2,30,1.0,0.7905694150420949,0.9127478890893062,12,5,6,6,2,3,5,500,27,0.001,100.0
600,4,5,1,1.0,0.6347419188140273,0.5593953929878914,12,8,6,6,3,5,8,500,8,0.001,100.0
600,4,5,2,0.8333333333333333,0.8999999999999998,0.5801620251979763,12,5,6,6,2,3,5,500,8,0.001,100.0
600,4,5,3,0.75,0.0,0.39219435929374014,12,5,6,6,4,1,5,500,12,0.001,100.0
600,4,5,4,0.3333333333333333,-0.04761904761904763,-0.04970069344119915,12,8,6,6,2,6,8,500,7,0.001,100.0
600,4,5,5,0.0,-0.09999999999999999,0.02156542810458501,12,5,6,6,4,1,5,500,11,0.001,100.0
600,4,5,6,0.5,-0.19999999999999998,0.11873539168656289,12,4,6,6,2,2,4,500,7,0.001,100.0
600,4,5,7,0.75,0.7637626158259735,0.773539998672003,12,7,6,6,3,4,7,500,6,0.001,100.0
600,4,5,8,1.0,0.7999999999999999,0.7407262721238048,12,4,6,6,1,3,4,500,6,0.001,100.0
600,4,5,9,0.625,0.08571428571428573,0.07967143068499676,12,6,6,6,4,2,6,500,12,0.001,100.0
600,4,5,10,1.0,0.8571428571428573,0.8430909903757295,12,7,6,6,2,5,7,500,10,0.001,100.0
600,4,5,11,0.3125,-0.2608969660436018,-0.2746250767230904,12,6,6,6,4,2,6,500,11,0.001,100.0
600,4,5,12,1.0,0.8999999999999998,0.9451427299546848,12,5,6,6,2,3,5,500,8,0.001,100.0
600,4,5,13,1.0,0.23190841426097936,0.4410994785087109,12,6,6,6,1,5,6,500,7,0.001,100.0
600,4,5,14,0.8333333333333334,0.3214285714285715,0.4714856545160299,12,7,6,6,6,1,7,500,11,0.001,100.0
600,4,5,15,0.875,0.5428571428571429,0.6528140127678768,12,6,6,6,2,4,6,500,6,0.001,100.0
600,4,5,16,0.8333333333333334,0.3,0.6654221539913779,12,5,6,6,3,2,5,500,9,0.001,100.0
600,4,5,17,0.9333333333333333,0.7142857142857144,0.7638343904040639,12,8,6,6,5,3,8,500,9,0.001,100.0
600,4,5,18,0.625,0.05270462766947299,0.4036917220549614,12,5,6,6,1,4,5,500,4,0.001,100.0
600,4,5,19,0.5,0.028571428571428574,0.027242989625494363,12,6,6,6,2,4,6,500,7,0.001,100.0
600,4,5,20,0.41666666666666663,0.09523809523809526,-0.06838810440036747,12,8,6,6,6,2,8,500,11,0.001,100.0
600,4,5,21,1.0,0.5428571428571429,0.797718638516824,12,6,6,6,2,4,6,500,5,0.001,100.0
600,4,5,22,0.6666666666666667,-0.11904761904761905,0.23467858655463114,12,8,6,6,6,2,8,500,13,0.001,100.0
600,4,5,23,0.375,-0.15389675281277312,-0.3895020827384493,12,5,6,6,1,4,5,500,8,0.001,100.0
600,4,5,24,0.8333333333333334,0.6071428571428572,0.6584235260878785,12,7,6,6,3,4,7,500,8,0.001,100.0
600,4,5,25,0.75,0.44474958999666075,0.2975748571840839,12,7,6,6,3,4,7,500,5,0.001,100.0
600,4,5,26,1.0,0.5823251360731082,0.7423294217751909,12,9,6,6,3,6,9,500,6,0.001,100.0
600,4,5,27,0.0,-0.5,-0.7975543783115272,12,3,6,6,2,1,3,500,15,0.001,100.0
600,4,5,28,0.41666666666666663,-0.4419257545262127,-0.14535620822021603,12,8,6,6,6,2,8,500,10,0.001,100.0
600,4,5,29,1.0,0.8696565534786727,0.7641086065877829,12,6,6,6,2,4,6,500,4,0.001,100.0
600,4,5,30,1.0,0.6,0.8953004784670265,12,5,6,6,2,3,5,500,7,0.001,100.0
600,6,1,1,1.0,0.8333333333333335,0.9067305469943492,12,8,6,6,3,5,8,500,28,0.001,100.0
600,6,1,2,1.0,0.8999999999999998,0.927157235859495,12,5,6,6,2,3,5,500,32,0.001,100.0
600,6,1,3,1.0,0.8999999999999998,0.9366854334803815,12,5,6,6,4,1,5,500,24,0.001,100.0
600,6,1,4,0.41666666666666663,0.15569141404872366,0.08287909528973225,12,8,6,6,2,6,8,500,29,0.001,100.0
600,6,1,5,0.0,0.0,-0.07176288333235266,12,5,6,6,4,1,5,500,59,0.001,100.0
600,6,1,6,1.0,0.7999999999999999,0.45907365928901545,12,4,6,6,2,2,4,500,47,0.001,100.0
600,6,1,7,1.0,0.9642857142857145,0.971542748709431,12,7,6,6,3,4,7,500,27,0.001,100.0
600,6,1,8,1.0,0.7999999999999999,0.8237627339335898,12,4,6,6,1,3,4,500,49,0.001,100.0
600,6,1,9,0.5,-0.3714285714285715,-0.12585232292739854,12,6,6,6,4,2,6,500,69,0.001,100.0
600,6,1,10,0.5,0.39285714285714296,0.5724305293363423,12,7,6,6,2,5,7,500,42,0.001,100.0
600,6,1,11,0.5,0.2571428571428572,0.31565948248688264,12,6,6,6,4,2,6,500,69,0.001,100.0
600,6,1,12,1.0,0.8207826816681234,0.9387401101089391,12,5,6,6,2,3,5,500,26,0.001,100.0
600,6,1,13,1.0,0.3714285714285715,0.6694999931330483,12,6,6,6,1,5,6,500,31,0.001,100.0
600,6,1,14,1.0,0.28571428571428575,0.35213174302592565,12,7,6,6,6,1,7,500,43,0.001,100.0
600,6,1,15,0.9375,0.5217939320872036,0.6260578791692826,12,6,6,6,2,4,6,500,47,0.001,100.0
600,6,1,16,1.0,0.6,0.9288879143337213,12,5,6,6,3,2,5,500,22,0.001,100.0
600,6,1,17,0.7666666666666666,0.3592878785739777,0.4907304563543478,12,8,6,6,5,3,8,500,40,0.001,100.0
600,6,1,18,1.0,0.6,0.7577950341271062,12,5,6,6,1,4,5,500,39,0.001,100.0
600,6,1,19,0.625,0.2571428571428572,0.2560044164340788,12,6,6,6,2,4,6,500,63,0.001,100.0
600,6,1,20,0.8333333333333334,0.4047619047619048,0.42111273907250046,12,8,6,6,6,2,8,500,35,0.001,100.0
600,6,1,21,0.875,0.48571428571428577,0.4809664436151304,12,6,6,6,2,4,6,500,35,0.001,100.0
600,6,1,22,0.9166666666666667,0.11904761904761905,0.20184627661432247,12,8,6,6,6,2,8,500,21,0.001,100.0
600,6,1,23,0.75,0.6,0.3522164948322108,12,5,6,6,1,4,5,500,62,0.001,100.0
600,6,1,24,1.0,0.7748062179181807,0.852611248929256,12,7,6,6,3,4,7,500,23,0.001,100.0
600,6,1,25,0.8333333333333334,0.4642857142857144,0.49488072187287746,12,7,6,6,3,4,7,500,31,0.001,100.0
600,6,1,26,1.0,0.7615129419677079,0.7489983056444917,12,9,6,6,3,6,9,500,38,0.001,100.0
600,6,1,27,0.0,-0.5,-0.8990751377621041,12,3,6,6,2,1,3,500,69,0.001,100.0
600,6,1,28,0.5833333333333333,-0.38095238095238104,-0.21709478297942827,12,8,6,6,6,2,8,500,66,0.001,100.0
600,6,1,29,0.625,0.5797710356524485,0.5711455210867431,12,6,6,6,2,4,6,500,40,0.001,100.0
600,6,1,30,1.0,0.8999999999999998,0.9284601725269719,12,5,6,6,2,3,5,500,35,0.001,100.0
600,6,2,1,1.0,0.880952380952381,0.886222826864792,12,8,6,6,3,5,8,500,21,0.001,100.0
600,6,2,2,1.0,0.7905694150420949,0.8710919836312747,12,5,6,6,2,3,5,500,14,0.001,100.0
600,6,2,3,1.0,0.9999999999999999,0.8079253452482742,12,5,6,6,4,1,5,500,18,0.001,100.0
600,6,2,4,0.16666666666666666,-0.04761904761904763,0.03913852942708729,12,8,6,6,2,6,8,500,24,0.001,100.0
600,6,2,5,0.125,0.20519567041703085,-0.0007841820700641345,12,5,6,6,4,1,5,500,44,0.001,100.0
600,6,2,6,1.0,0.7999999999999999,0.6752209564218256,12,4,6,6,2,2,4,500,24,0.001,100.0
600,6,2,7,1.0,0.9642857142857145,0.911899214753562,12,7,6,6,3,4,7,500,23,0.001,100.0
600,6,2,8,1.0,0.632455532033676,0.8019569437188877,12,4,6,6,1,3,4,500,29,0.001,100.0
600,6,2,9,0.4375,-0.3188740696088466,-0.10684936046358047,12,6,6,6,4,2,6,500,48,0.001,100.0
600,6,2,10,0.6000000000000001,0.5765999761251578,0.6357673078058738,12,7,6,6,2,5,7,500,23,0.001,100.0
600,6,2,11,0.5,0.4285714285714286,0.32244418643273787,12,6,6,6,4,2,6,500,38,0.001,100.0
600,6,2,12,1.0,0.8999999999999998,0.9433636980196006,12,5,6,6,2,3,5,500,22,0.001,100.0
600,6,2,13,1.0,0.26482044885142486,0.5461655107187462,12,6,6,6,1,5,6,500,16,0.001,100.0
600,6,2,14,0.8333333333333334,0.14285714285714288,0.41767372884518666,12,7,6,6,6,1,7,500,26,0.001,100.0
600,6,2,15,1.0,0.6767633692869747,0.9071933190811572,12,6,6,6,2,4,6,500,21,0.001,100.0
600,6,2,16,1.0,0.8999999999999998,0.993849690741715,12,5,6,6,3,2,5,500,16,0.001,100.0
600,6,2,17,0.8666666666666667,0.4571037452743458,0.5508703152817234,12,8,6,6,5,3,8,500,22,0.001,100.0
600,6,2,18,1.0,0.7,0.7634453777872319,12,5,6,6,1,4,5,500,26,0.001,100.0
600,6,2,19,0.625,0.2571428571428572,0.2870211204328458,12,6,6,6,2,4,6,500,43,0.001,100.0
600,6,2,20,0.8333333333333334,0.32977508813069667,0.3484935580580503,12,8,6,6,6,2,8,500,20,0.001,100.0
600,6,2,21,1.0,0.753702346348183,0.6541662252524981,12,6,6,6,2,4,6,500,17,0.001,100.0
600,6,2,22,0.8333333333333334,0.023809523809523815,0.1293575254548388,12,8,6,6,6,2,8,500,34,0.001,100.0
600,6,2,23,0.75,0.6,0.2894188798891108,12,5,6,6,1,4,5,500,46,0.001,100.0
600,6,2,24,1.0,0.8571428571428573,0.890083552859529,12,7,6,6,3,4,7,500,18,0.001,100.0
600,6,2,25,0.75,0.3571428571428572,0.18295819641961142,12,7,6,6,3,4,7,500,19,0.001,100.0
600,6,2,26,1.0,0.8200908605806086,0.8782043828499728,12,9,6,6,3,6,9,500,21,0.001,100.0
600,6,2,27,0.0,-0.5,-0.9037346901332877,12,3,6,6,2,1,3,500,56,0.001,100.0
600,6,2,28,0.5833333333333333,-0.21688321172034594,0.10409726462153898,12,8,6,6,6,2,8,500,49,0.001,100.0
600,6,2,29,0.625,0.5797710356524485,0.44075095463904296,12,6,6,6,2,4,6,500,28,0.001,100.0
600,6,2,30,1.0,0.7905694150420949,0.9127478890893062,12,5,6,6,2,3,5,500,27,0.001,100.0
600,6,5,1,1.0,0.6347419188140273,0.5593953929878914,12,8,6,6,3,5,8,500,8,0.001,100.0
600,6,5,2,0.8333333333333333,0.8999999999999998,0.5801620251979763,12,5,6,6,2,3,5,500,8,0.001,100.0
600,6,5,3,0.75,0.0,0.39219435929374014,12,5,6,6,4,1,5,500,12,0.001,100.0
600,6,5,4,0.3333333333333333,-0.04761904761904763,-0.04970069344119915,12,8,6,6,2,6,8,500,7,0.001,100.0
600,6,5,5,0.0,-0.09999999999999999,0.02156542810458501,12,5,6,6,4,1,5,500,11,0.001,100.0
600,6,5,6,0.5,-0.19999999999999998,0.11873539168656289,12,4,6,6,2,2,4,500,7,0.001,100.0
600,6,5,7,0.75,0.7637626158259735,0.773539998672003,12,7,6,6,3,4,7,500,6,0.001,100.0
600,6,5,8,1.0,0.7999999999999999,0.7407262721238048,12,4,6,6,1,3,4,500,6,0.001,100.0
600,6,5,9,0.625,0.08571428571428573,0.07967143068499676,12,6,6,6,4,2,6,500,12,0.001,100.0
600,6,5,10,1.0,0.8571428571428573,0.8430909903757295,12,7,6,6,2,5,7,500,10,0.001,100.0
600,6,5,11,0.3125,-0.2608969660436018,-0.2746250767230904,12,6,6,6,4,2,6,500,11,0.001,100.0
600,6,5,12,1.0,0.8999999999999998,0.9451427299546848,12,5,6,6,2,3,5,500,8,0.001,100.0
600,6,5,13,1.0,0.23190841426097936,0.4410994785087109,12,6,6,6,1,5,6,500,7,0.001,100.0
600,6,5,14,0.8333333333333334,0.3214285714285715,0.4714856545160299,12,7,6,6,6,1,7,500,11,0.001,100.0
600,6,5,15,0.875,0.5428571428571429,0.6528140127678768,12,6,6,6,2,4,6,500,6,0.001,100.0
600,6,5,16,0.8333333333333334,0.3,0.6654221539913779,12,5,6,6,3,2,5,500,9,0.001,100.0
600,6,5,17,0.9333333333333333,0.7142857142857144,0.7638343904040639,12,8,6,6,5,3,8,500,9,0.001,100.0
600,6,5,18,0.625,0.05270462766947299,0.4036917220549614,12,5,6,6,1,4,5,500,4,0.001,100.0
600,6,5,19,0.5,0.028571428571428574,0.027242989625494363,12,6,6,6,2,4,6,500,7,0.001,100.0
600,6,5,20,0.41666666666666663,0.09523809523809526,-0.06838810440036747,12,8,6,6,6,2,8,500,11,0.001,100.0
600,6,5,21,1.0,0.5428571428571429,0.797718638516824,12,6,6,6,2,4,6,500,5,0.001,100.0
600,6,5,22,0.6666666666666667,-0.11904761904761905,0.23467858655463114,12,8,6,6,6,2,8,500,13,0.001,100.0
600,6,5,23,0.375,-0.15389675281277312,-0.3895020827384493,12,5,6,6,1,4,5,500,8,0.001,100.0
600,6,5,24,0.8333333333333334,0.6071428571428572,0.6584235260878785,12,7,6,6,3,4,7,500,8,0.001,100.0
600,6,5,25,0.75,0.44474958999666075,0.2975748571840839,12,7,6,6,3,4,7,500,5,0.001,100.0
600,6,5,26,1.0,0.5823251360731082,0.7423294217751909,12,9,6,6,3,6,9,500,6,0.001,100.0
600,6,5,27,0.0,-0.5,-0.7975543783115272,12,3,6,6,2,1,3,500,15,0.001,100.0
600,6,5,28,0.41666666666666663,-0.4419257545262127,-0.14535620822021603,12,8,6,6,6,2,8,500,10,0.001,100.0
600,6,5,29,1.0,0.8696565534786727,0.7641086065877829,12,6,6,6,2,4,6,500,4,0.001,100.0
600,6,5,30,1.0,0.6,0.8953004784670265,12,5,6,6,2,3,5,500,7,0.001,100.0
