Fold,n_trees_total,n_trees_selected,selected_max_depth,selected_min_samples_leaf,ridge_C,lasso_C
1,500,60,3,1,0.001,100.0
2,500,61,3,1,0.001,100.0
3,500,59,3,1,0.001,100.0
4,500,57,3,1,0.001,100.0
5,500,38,3,1,0.001,100.0
6,500,50,3,1,0.001,100.0
7,500,67,3,1,0.001,100.0
8,500,52,3,1,0.001,100.0
9,500,69,3,1,0.001,100.0
10,500,49,3,1,0.001,100.0
11,500,55,3,1,0.001,100.0
12,500,47,3,1,0.001,100.0
13,500,49,3,1,0.001,100.0
14,500,62,3,1,0.001,100.0
15,500,51,3,1,0.001,100.0
16,500,66,3,1,0.001,100.0
17,500,48,3,1,0.001,100.0
18,500,60,3,1,0.001,100.0
19,500,50,3,1,0.001,100.0
20,500,54,3,1,0.001,100.0
21,500,53,3,1,0.001,100.0
22,500,65,3,1,0.001,100.0
23,500,42,3,1,0.001,100.0
24,500,60,3,1,0.001,100.0
25,500,60,3,1,0.001,100.0
26,500,44,3,1,0.001,100.0
27,500,66,3,1,0.001,100.0
28,500,73,3,1,0.001,100.0
29,500,56,3,1,0.001,100.0
30,500,61,3,1,0.001,100.0
31,500,62,3,1,0.001,100.0
32,500,55,3,1,0.001,100.0
33,500,62,3,1,0.001,100.0
34,500,72,3,1,0.001,100.0
35,500,63,3,1,0.001,100.0
36,500,50,3,1,0.001,100.0
37,500,63,3,1,0.001,100.0
38,500,70,3,1,0.001,100.0
39,500,47,3,1,0.001,100.0
40,500,64,3,1,0.001,100.0
41,500,47,3,1,0.001,100.0
42,500,54,3,1,0.001,100.0
43,500,63,3,1,0.001,100.0
44,500,48,3,1,0.001,100.0
45,500,52,3,1,0.001,100.0
46,500,60,3,1,0.001,100.0
47,500,47,3,1,0.001,100.0
48,500,50,3,1,0.001,100.0
49,500,55,3,1,0.001,100.0
50,500,59,3,1,0.001,100.0
