n_hvg,max_depth,min_samples_leaf,n_completed_folds,n_expected_folds,mean_AUROC,sd_AUROC,mean_Spearman,sd_Spearman,mean_Pearson,sd_Pearson,mean_selected_trees,sd_selected_trees,median_selected_trees
100,4,5,25,25,0.7164682539682541,0.1515502946600218,0.2871248751248751,0.25463788885395455,0.3489437034707197,0.26108080247143445,52.56,7.833670914711698,51.0
100,6,5,25,25,0.7164682539682541,0.1515502946600218,0.2871248751248751,0.25463788885395455,0.3498980836671889,0.2615812619877492,52.52,7.844080570723378,51.0
100,4,1,25,25,0.7157857142857142,0.13009498148510176,0.30749094640362895,0.23920132656754528,0.34014730194359843,0.24536030021602503,54.68,13.442380741520456,56.0
300,4,1,25,25,0.7143492063492063,0.16749972003150454,0.3492758830620162,0.24186603573390147,0.3709115224745295,0.245779317356163,49.44,22.063689627983802,58.0
100,3,5,25,25,0.7124126984126984,0.15908439718294096,0.28284382284382287,0.2664136334059047,0.3501785726599349,0.27082769442946036,54.44,7.589888009713977,54.0
100,6,2,25,25,0.7092936507936508,0.141733229660594,0.309564872477555,0.24996772682312202,0.3592457737761838,0.25414342549886654,53.96,12.051489534493237,57.0
100,4,2,25,25,0.7070714285714286,0.13164746838995617,0.31228481919750173,0.24468678769793503,0.35220048509768387,0.2562184058751656,55.36,13.266137342874151,56.0
100,3,2,25,25,0.7043920634920636,0.1369940857532474,0.3022883782883783,0.24171224458191842,0.3647543790065633,0.24283807971708568,55.8,12.818736287169651,54.0
100,6,1,25,25,0.7028333333333333,0.14281583970818695,0.28931943830497664,0.22750398850150647,0.3372318398764206,0.24818849674130664,52.92,17.10185954801407,56.0
300,3,5,25,25,0.6955476190476191,0.16465432996099896,0.3208671328671329,0.255339191072086,0.34278418382990794,0.2523673243312894,54.72,6.779498506526865,54.0
300,4,5,25,25,0.6927698412698413,0.1680399402426544,0.3194059274059274,0.26311352330101734,0.3384970113519408,0.25721582133488874,54.8,6.962758074211684,54.0
300,6,5,25,25,0.6927698412698413,0.1680399402426544,0.3194059274059274,0.26311352330101734,0.3384970113519408,0.25721582133488874,54.8,6.962758074211684,54.0
100,3,1,25,25,0.6855031746031746,0.12409336141872597,0.26945654345654346,0.24615713172078896,0.3028933409541406,0.23419950150041544,55.36,7.709111492253825,55.0
300,6,2,25,25,0.6837587301587302,0.18203786112327877,0.30265362506453397,0.24851611071407284,0.2925180400004812,0.2690500811286771,53.76,17.52319605551453,57.0
300,4,2,25,25,0.6819968253968256,0.1741080923756499,0.3001441345550434,0.23146740398699858,0.28695703455303834,0.27324478321765316,54.36,17.350227664212362,56.0
300,3,1,25,25,0.6752174603174603,0.17149378503863721,0.3080635373768971,0.24127691196969372,0.31994931908282886,0.2462111013907528,52.8,17.125419702886116,56.0
300,3,2,25,25,0.6742714285714285,0.15541110756878712,0.27194633235724125,0.2399067501160524,0.29514201920659644,0.2793498427990195,52.32,16.8136135318973,53.0
600,4,1,25,25,0.6683174603174603,0.150259451856647,0.29308203089536816,0.29338236154944525,0.3091978374975578,0.30729090176952145,51.92,20.56778062893515,58.0
600,6,1,25,25,0.6660079365079367,0.14153796474745783,0.2846491160957268,0.2900723600117268,0.318293912009881,0.2954367499350088,52.76,20.850477212764222,57.0
600,3,1,25,25,0.6621555555555555,0.14083238972432743,0.2898821178821179,0.31096920939787837,0.3216172083223843,0.30708850270699556,57.2,14.686047800548655,58.0
300,6,1,25,25,0.6584793650793651,0.2067945751498657,0.3014031014898849,0.2929253122938085,0.3103774201733192,0.3075945443118189,43.48,27.17369316084952,54.0
600,4,2,25,25,0.6477269841269842,0.14913117175667456,0.27186485231619917,0.2864095154055007,0.27866978709335805,0.28646376670893203,56.32,12.645062277426712,58.0
600,6,2,25,25,0.6417825396825397,0.14604312754128768,0.26514357359492047,0.285343527996703,0.2825437422729757,0.2918367339784223,55.72,12.327270581925262,57.0
600,3,2,25,25,0.6371190476190476,0.15327170127486223,0.26133271778406464,0.2730225394150211,0.2789956542393391,0.28480798732544377,55.28,12.433889174349272,56.0
600,3,5,25,25,0.6251666666666666,0.15323643459660982,0.21893240093240096,0.23696603983955952,0.2384309922789173,0.24937459898816983,56.68,6.4790122704004816,55.0
600,6,5,25,25,0.6222460317460317,0.154121756241744,0.22175890775890778,0.23793992543665873,0.2462502205107099,0.24934128663512914,57.04,6.557316524310841,55.0
600,4,5,25,25,0.6202460317460317,0.15211344409362273,0.21560506160506163,0.23671988323593815,0.246015988103003,0.2491947948139256,57.04,6.557316524310841,55.0
