Model,Fold,AUROC,Spearman,Pearson,n_train_extreme,n_test_extreme,n_train_fast,n_train_slow,n_test_fast,n_test_slow,fast_cutoff_log1p_dt,slow_cutoff_log1p_dt
ElasticNet,1,0.75,0.6272727272727273,0.5495201765351916,40,11,20,20,7,4,2.6086683484620625,3.0180586423874076
RandomForest,1,0.7142857142857142,0.5545454545454546,0.5407503565226036,40,11,20,20,7,4,2.6086683484620625,3.0180586423874076
LassoedForest,1,0.6428571428571428,0.3727272727272728,0.3982712463248313,40,11,20,20,7,4,2.6086683484620625,3.0180586423874076
ElasticNet,2,0.8333333333333334,0.42857142857142866,0.5171580700591883,40,7,20,20,4,3,2.5678859223741926,3.0357020640840124
RandomForest,2,0.75,0.4642857142857144,0.7014998325257744,40,7,20,20,4,3,2.5678859223741926,3.0357020640840124
LassoedForest,2,0.8333333333333334,0.7857142857142859,0.7125499504549565,40,7,20,20,4,3,2.5678859223741926,3.0357020640840124
ElasticNet,3,0.8333333333333334,0.3,0.5125879979852694,40,9,20,20,6,3,2.5986160656802606,3.0357020640840124
RandomForest,3,0.6666666666666666,0.0,0.1478213530672761,40,9,20,20,6,3,2.5986160656802606,3.0357020640840124
LassoedForest,3,0.7222222222222223,0.26666666666666666,0.24611235332352774,40,9,20,20,6,3,2.5986160656802606,3.0357020640840124
ElasticNet,4,0.8333333333333334,0.6727272727272726,0.7314381256878626,40,10,20,20,4,6,2.5678859223741926,3.010843331107802
RandomForest,4,0.7916666666666666,0.6727272727272726,0.6838098160222613,40,10,20,20,4,6,2.5678859223741926,3.010843331107802
LassoedForest,4,0.41666666666666663,-0.06666666666666665,0.08979332504025052,40,10,20,20,4,6,2.5678859223741926,3.010843331107802
ElasticNet,5,0.625,-0.16363636363636366,-0.17919036660974455,40,11,20,20,3,8,2.5594540152575855,2.9875619283726262
RandomForest,5,0.625,-0.28181818181818186,-0.09036959152123292,40,11,20,20,3,8,2.5594540152575855,2.9875619283726262
LassoedForest,5,0.75,-0.06363636363636364,-0.07981766479339931,40,11,20,20,3,8,2.5594540152575855,2.9875619283726262
ElasticNet,6,0.5,-0.006993006993006993,0.05660480562135223,40,12,20,20,6,6,2.5986160656802606,3.010843331107802
RandomForest,6,0.4444444444444445,-0.07692307692307693,0.04982565487454807,40,12,20,20,6,6,2.5986160656802606,3.010843331107802
LassoedForest,6,0.5833333333333333,0.04895104895104895,0.09077077735902717,40,12,20,20,6,6,2.5986160656802606,3.010843331107802
ElasticNet,7,0.6666666666666666,0.4175824175824176,0.4701329569996061,40,13,20,20,4,9,2.5655818352258004,2.9825159082970445
RandomForest,7,0.8055555555555556,0.47802197802197804,0.41125036699722206,40,13,20,20,4,9,2.5655818352258004,2.9825159082970445
LassoedForest,7,0.7222222222222222,0.39010989010989006,0.4603179405811736,40,13,20,20,4,9,2.5655818352258004,2.9825159082970445
ElasticNet,8,0.9166666666666666,0.5,0.7247398227985431,40,7,20,20,4,3,2.5678859223741926,3.0371853253450896
RandomForest,8,0.6666666666666666,0.28571428571428575,0.49184375136314895,40,7,20,20,4,3,2.5678859223741926,3.0371853253450896
LassoedForest,8,0.5833333333333334,0.14285714285714288,0.4198308874972847,40,7,20,20,4,3,2.5678859223741926,3.0371853253450896
ElasticNet,9,1.0,0.7999999999999999,0.9227834258902182,40,9,20,20,3,6,2.5594540152575855,3.011328072816466
RandomForest,9,0.7222222222222223,0.5333333333333333,0.5350788790082244,40,9,20,20,3,6,2.5594540152575855,3.011328072816466
LassoedForest,9,0.8333333333333334,0.5666666666666667,0.601259206563772,40,9,20,20,3,6,2.5594540152575855,3.011328072816466
ElasticNet,10,0.5333333333333333,0.21428571428571427,0.13259191561426426,40,13,20,20,10,3,2.656621796499908,3.0357020640840124
RandomForest,10,0.6666666666666666,0.16483516483516483,0.21528740019334042,40,13,20,20,10,3,2.656621796499908,3.0357020640840124
LassoedForest,10,0.5,-0.07142857142857142,-0.09937680809537443,40,13,20,20,10,3,2.656621796499908,3.0357020640840124
ElasticNet,11,0.6785714285714285,0.26363636363636367,0.14397637721196216,40,11,20,20,4,7,2.5655818352258004,2.9998164594281738
RandomForest,11,0.7142857142857142,0.3545454545454546,0.21602866524166076,40,11,20,20,4,7,2.5655818352258004,2.9998164594281738
LassoedForest,11,0.6428571428571428,0.17272727272727276,0.1529147119096294,40,11,20,20,4,7,2.5655818352258004,2.9998164594281738
ElasticNet,12,0.6458333333333334,0.16043956043956045,0.4570869703233608,40,14,20,20,6,8,2.5986160656802606,2.9875619283726262
RandomForest,12,0.6458333333333334,0.2835164835164835,0.22422684262475234,40,14,20,20,6,8,2.5986160656802606,2.9875619283726262
LassoedForest,12,0.5833333333333333,0.16483516483516483,0.01219586475166351,40,14,20,20,6,8,2.5986160656802606,2.9875619283726262
ElasticNet,13,0.6666666666666667,0.25,0.4169253252111598,40,7,20,20,3,4,2.5594540152575855,3.0180586423874076
RandomForest,13,0.75,0.6785714285714287,0.5762394178234882,40,7,20,20,3,4,2.5594540152575855,3.0180586423874076
LassoedForest,13,0.8333333333333334,0.7500000000000002,0.6834438886882683,40,7,20,20,3,4,2.5594540152575855,3.0180586423874076
ElasticNet,14,0.9523809523809524,0.5757575757575757,0.5364971614421419,40,10,20,20,7,3,2.6086683484620625,3.0357020640840124
RandomForest,14,0.8571428571428572,0.38181818181818183,0.4150444744372574,40,10,20,20,7,3,2.6086683484620625,3.0357020640840124
LassoedForest,14,0.7619047619047619,0.28484848484848485,0.32360921786906294,40,10,20,20,7,3,2.6086683484620625,3.0357020640840124
ElasticNet,15,0.7916666666666666,0.6,0.6844611367144915,40,10,20,20,6,4,2.5986160656802606,3.0180586423874076
RandomForest,15,0.5833333333333334,0.3939393939393939,0.4630073887698931,40,10,20,20,6,4,2.5986160656802606,3.0180586423874076
LassoedForest,15,0.6666666666666667,0.309090909090909,0.4052478579917175,40,10,20,20,6,4,2.5986160656802606,3.0180586423874076
ElasticNet,16,0.8857142857142857,0.6993006993006995,0.6378528916336478,40,12,20,20,5,7,2.583322105602784,3.0040078579673994
RandomForest,16,0.7428571428571429,0.49650349650349657,0.4282674171190867,40,12,20,20,5,7,2.583322105602784,3.0040078579673994
LassoedForest,16,0.8285714285714285,0.5244755244755246,0.5352090058998106,40,12,20,20,5,7,2.583322105602784,3.0040078579673994
ElasticNet,17,0.7333333333333333,0.5727272727272729,0.43335877705517206,40,11,20,20,5,6,2.57641201074501,3.010843331107802
RandomForest,17,0.5333333333333333,0.2545454545454546,0.3302530396940182,40,11,20,20,5,6,2.57641201074501,3.010843331107802
LassoedForest,17,0.7,0.4000000000000001,0.4861587365510242,40,11,20,20,5,6,2.57641201074501,3.010843331107802
ElasticNet,18,0.9583333333333334,0.6484848484848483,0.6463447278650818,40,10,20,20,4,6,2.5678859223741926,3.010843331107802
RandomForest,18,0.875,0.49090909090909085,0.5331738911524481,40,10,20,20,4,6,2.5678859223741926,3.010843331107802
LassoedForest,18,0.8333333333333334,0.406060606060606,0.46585399465149463,40,10,20,20,4,6,2.5678859223741926,3.010843331107802
ElasticNet,19,0.75,0.2380952380952381,0.1927321926822502,40,8,20,20,6,2,2.5986160656802606,3.0504614266873507
RandomForest,19,0.5,-0.09523809523809526,0.04504688111770673,40,8,20,20,6,2,2.5986160656802606,3.0504614266873507
LassoedForest,19,0.6666666666666667,0.07142857142857144,0.22498651741517564,40,8,20,20,6,2,2.5986160656802606,3.0504614266873507
ElasticNet,20,0.9333333333333333,0.6727272727272727,0.6633277462257602,40,11,20,20,5,6,2.583322105602784,3.010843331107802
RandomForest,20,0.8333333333333334,0.4272727272727273,0.5032158288243103,40,11,20,20,5,6,2.583322105602784,3.010843331107802
LassoedForest,20,0.6,-0.045454545454545456,0.07232332399036878,40,11,20,20,5,6,2.583322105602784,3.010843331107802
ElasticNet,21,0.8,0.3356643356643357,0.3186258447633949,40,12,20,20,2,10,2.551060017045468,2.977609496757198
RandomForest,21,0.7,0.3216783216783217,0.43513838798022064,40,12,20,20,2,10,2.551060017045468,2.977609496757198
LassoedForest,21,0.55,0.2937062937062937,0.2250289205390144,40,12,20,20,2,10,2.551060017045468,2.977609496757198
ElasticNet,22,1.0,0.7762237762237763,0.7517489020229218,40,12,20,20,10,2,2.656621796499908,3.0504614266873507
RandomForest,22,1.0,0.5454545454545455,0.7586192926311122,40,12,20,20,10,2,2.656621796499908,3.0504614266873507
LassoedForest,22,0.9500000000000001,0.5174825174825175,0.5995165002914586,40,12,20,20,10,2,2.656621796499908,3.0504614266873507
ElasticNet,23,0.6111111111111112,0.2377622377622378,0.32047942840636434,40,12,20,20,6,6,2.5986160656802606,3.010843331107802
RandomForest,23,0.6388888888888888,0.1958041958041958,0.167064960178302,40,12,20,20,6,6,2.5986160656802606,3.010843331107802
LassoedForest,23,0.6111111111111112,-0.034965034965034975,-0.05168296642297296,40,12,20,20,6,6,2.5986160656802606,3.010843331107802
ElasticNet,24,0.5625,0.023809523809523815,-0.05076093207908239,40,8,20,20,4,4,2.5678859223741926,3.0180586423874076
RandomForest,24,0.5,0.0,-0.07075754511859444,40,8,20,20,4,4,2.5678859223741926,3.0180586423874076
LassoedForest,24,0.5625,0.07142857142857144,0.23164855214232388,40,8,20,20,4,4,2.5678859223741926,3.0180586423874076
ElasticNet,25,1.0,0.8060606060606059,0.6344805448479116,40,10,20,20,5,5,2.583322105602784,3.0146151081190395
RandomForest,25,0.72,0.309090909090909,0.519758551044628,40,10,20,20,5,5,2.583322105602784,3.0146151081190395
LassoedForest,25,0.76,0.4787878787878787,0.3661681833294253,40,10,20,20,5,5,2.583322105602784,3.0146151081190395
ElasticNet,26,0.5,0.09999999999999999,0.17050843798801557,40,9,20,20,5,4,2.589001540496147,3.0176287770985923
RandomForest,26,0.8,0.65,0.6187909129061105,40,9,20,20,5,4,2.589001540496147,3.0176287770985923
LassoedForest,26,0.55,0.3,0.36809914188952686,40,9,20,20,5,4,2.589001540496147,3.0176287770985923
ElasticNet,27,0.8,0.7857142857142858,0.7291209995652272,40,8,20,20,5,3,2.583322105602784,3.0330295651776167
RandomForest,27,1.0,0.9761904761904763,0.8605231825286483,40,8,20,20,5,3,2.583322105602784,3.0330295651776167
LassoedForest,27,0.9333333333333333,0.8095238095238096,0.8594570863868873,40,8,20,20,5,3,2.583322105602784,3.0330295651776167
ElasticNet,28,1.0,0.8545454545454544,0.9061279768974702,40,10,20,20,7,3,2.6086683484620625,3.0357020640840124
RandomForest,28,1.0,0.6606060606060605,0.7224066926979409,40,10,20,20,7,3,2.6086683484620625,3.0357020640840124
LassoedForest,28,1.0,0.7212121212121211,0.7849552839840237,40,10,20,20,7,3,2.6086683484620625,3.0357020640840124
ElasticNet,29,0.42857142857142855,-0.009090909090909092,-0.08656849466258465,40,11,20,20,4,7,2.5678859223741926,2.999523295564901
RandomForest,29,0.42857142857142855,-0.08181818181818183,-0.2141774128136942,40,11,20,20,4,7,2.5678859223741926,2.999523295564901
LassoedForest,29,0.6071428571428571,0.2545454545454546,0.3872609634060859,40,11,20,20,4,7,2.5678859223741926,2.999523295564901
ElasticNet,30,0.9166666666666666,0.5989010989010989,0.7026189475648689,40,13,20,20,4,9,2.5678859223741926,2.982723889254996
RandomForest,30,0.5555555555555556,0.2582417582417582,0.2254387631893958,40,13,20,20,4,9,2.5678859223741926,2.982723889254996
LassoedForest,30,0.5277777777777778,0.1758241758241758,0.15851879045399495,40,13,20,20,4,9,2.5678859223741926,2.982723889254996
ElasticNet,31,0.68,0.5030303030303029,0.4188344114135053,40,10,20,20,5,5,2.589001540496147,3.0146151081190395
RandomForest,31,0.8800000000000001,0.3696969696969697,0.5964741282957803,40,10,20,20,5,5,2.589001540496147,3.0146151081190395
LassoedForest,31,0.68,0.11515151515151514,0.30593421389629366,40,10,20,20,5,5,2.589001540496147,3.0146151081190395
ElasticNet,32,0.7,0.3666666666666667,0.20936169281136008,40,9,20,20,5,4,2.583322105602784,3.0180586423874076
RandomForest,32,0.7000000000000001,0.4666666666666666,0.5426938588218583,40,9,20,20,5,4,2.583322105602784,3.0180586423874076
LassoedForest,32,0.7,0.43333333333333335,0.34923108418326776,40,9,20,20,5,4,2.583322105602784,3.0180586423874076
ElasticNet,33,0.8333333333333334,0.5333333333333333,0.5436799548670657,40,9,20,20,6,3,2.602263879326994,3.0330295651776167
RandomForest,33,0.33333333333333337,0.016666666666666666,0.13617177552825843,40,9,20,20,6,3,2.602263879326994,3.0330295651776167
LassoedForest,33,0.2777777777777778,-0.18333333333333335,-0.17299697576936748,40,9,20,20,6,3,2.602263879326994,3.0330295651776167
ElasticNet,34,0.6190476190476191,0.19999999999999998,0.1699735929979174,40,10,20,20,7,3,2.6086683484620625,3.0357020640840124
RandomForest,34,0.23809523809523808,-0.22424242424242422,-0.22953378798559262,40,10,20,20,7,3,2.6086683484620625,3.0357020640840124
LassoedForest,34,0.1904761904761905,-0.24848484848484845,-0.46236336774040615,40,10,20,20,7,3,2.6086683484620625,3.0357020640840124
ElasticNet,35,0.375,0.2333333333333333,0.027386048128346597,40,9,20,20,1,8,2.5435407099642275,2.9875619283726262
RandomForest,35,0.375,0.6166666666666666,0.4385775209265977,40,9,20,20,1,8,2.5435407099642275,2.9875619283726262
LassoedForest,35,0.5,0.21666666666666667,0.08162887075049723,40,9,20,20,1,8,2.5435407099642275,2.9875619283726262
ElasticNet,36,1.0,0.5909090909090909,0.701329474531583,40,11,20,20,10,1,2.651631144831124,3.0529749242136863
RandomForest,36,0.9,0.07272727272727274,0.4741449126885426,40,11,20,20,10,1,2.651631144831124,3.0529749242136863
LassoedForest,36,0.9,0.15454545454545454,0.4054922246608485,40,11,20,20,10,1,2.651631144831124,3.0529749242136863
ElasticNet,37,0.611111111111111,0.26373626373626374,0.22253752779337263,40,13,20,20,4,9,2.5655818352258004,2.9825159082970445
RandomForest,37,0.638888888888889,0.12637362637362637,0.18624487186866506,40,13,20,20,4,9,2.5655818352258004,2.9825159082970445
LassoedForest,37,0.611111111111111,0.04395604395604395,0.010816856184616627,40,13,20,20,4,9,2.5655818352258004,2.9825159082970445
ElasticNet,38,0.9333333333333333,0.6666666666666669,0.8732459614292246,40,8,20,20,5,3,2.583322105602784,3.0357020640840124
RandomForest,38,0.9333333333333333,0.4047619047619048,0.6962093713381525,40,8,20,20,5,3,2.583322105602784,3.0357020640840124
LassoedForest,38,0.7333333333333333,0.09523809523809526,0.38273514839511247,40,8,20,20,5,3,2.583322105602784,3.0357020640840124
ElasticNet,39,0.75,0.05454545454545456,0.15838894784795593,40,11,20,20,4,7,2.5678859223741926,2.9998164594281738
RandomForest,39,0.6785714285714286,0.1272727272727273,0.257786409026905,40,11,20,20,4,7,2.5678859223741926,2.9998164594281738
LassoedForest,39,0.7142857142857142,0.09090909090909091,0.28660588073763715,40,11,20,20,4,7,2.5678859223741926,2.9998164594281738
ElasticNet,40,0.5333333333333334,0.2380952380952381,0.2412261922176934,40,8,20,20,3,5,2.5594540152575855,3.0146151081190395
RandomForest,40,0.4,0.14285714285714288,0.10628235901658584,40,8,20,20,3,5,2.5594540152575855,3.0146151081190395
LassoedForest,40,0.6000000000000001,0.5476190476190477,0.4984932516811025,40,8,20,20,3,5,2.5594540152575855,3.0146151081190395
ElasticNet,41,1.0,0.5357142857142858,0.8968536974038279,40,7,20,20,2,5,2.551060017045468,3.0146151081190395
RandomForest,41,1.0,0.642857142857143,0.8425904062851353,40,7,20,20,2,5,2.551060017045468,3.0146151081190395
LassoedForest,41,0.9,0.14285714285714288,0.5593993485871895,40,7,20,20,2,5,2.551060017045468,3.0146151081190395
ElasticNet,42,0.6111111111111112,0.33333333333333337,0.34425763327836734,40,9,20,20,6,3,2.5986160656802606,3.0371853253450896
RandomForest,42,0.5,0.11666666666666665,0.20851434999340718,40,9,20,20,6,3,2.5986160656802606,3.0371853253450896
LassoedForest,42,0.5555555555555556,0.31666666666666665,0.1988647701148979,40,9,20,20,6,3,2.5986160656802606,3.0371853253450896
ElasticNet,43,0.7714285714285714,0.31468531468531474,0.4434746571464413,40,12,20,20,5,7,2.582091445638373,2.9998164594281738
RandomForest,43,0.45714285714285713,-0.1398601398601399,0.024956028021953763,40,12,20,20,5,7,2.582091445638373,2.9998164594281738
LassoedForest,43,0.45714285714285713,0.06293706293706294,0.038705222929867084,40,12,20,20,5,7,2.582091445638373,2.9998164594281738
ElasticNet,44,1.0,0.8454545454545455,0.8914255853498192,40,11,20,20,5,6,2.583322105602784,3.010843331107802
RandomForest,44,0.9666666666666668,0.881818181818182,0.8474055434023263,40,11,20,20,5,6,2.583322105602784,3.010843331107802
LassoedForest,44,0.9666666666666668,0.8090909090909091,0.8333941853741149,40,11,20,20,5,6,2.583322105602784,3.010843331107802
ElasticNet,45,0.7142857142857143,0.016666666666666666,0.09260873020172145,40,9,20,20,7,2,2.6086683484620625,3.0504614266873507
RandomForest,45,0.7857142857142857,-0.15,0.12314522225053216,40,9,20,20,7,2,2.6086683484620625,3.0504614266873507
LassoedForest,45,0.8571428571428572,0.049999999999999996,0.3181985128537318,40,9,20,20,7,2,2.6086683484620625,3.0504614266873507
ElasticNet,46,1.0,0.3214285714285715,0.5840038511585884,40,7,20,20,6,1,2.602263879326994,3.0529749242136863
RandomForest,46,1.0,0.10714285714285716,0.3841566277582307,40,7,20,20,6,1,2.602263879326994,3.0529749242136863
LassoedForest,46,1.0,0.1785714285714286,0.36254766547665435,40,7,20,20,6,1,2.602263879326994,3.0529749242136863
ElasticNet,47,1.0,0.6666666666666667,0.5248116764148367,40,9,20,20,5,4,2.57641201074501,3.0180586423874076
RandomForest,47,0.8,0.3666666666666667,0.36097738412692987,40,9,20,20,5,4,2.57641201074501,3.0180586423874076
LassoedForest,47,1.0,0.7333333333333334,0.6860136562244923,40,9,20,20,5,4,2.57641201074501,3.0180586423874076
ElasticNet,48,0.675,0.6208791208791209,0.6213393079116458,40,13,20,20,5,8,2.583322105602784,2.9875619283726262
RandomForest,48,0.7250000000000001,0.6208791208791209,0.5692469886999437,40,13,20,20,5,8,2.583322105602784,2.9875619283726262
LassoedForest,48,0.8,0.7637362637362637,0.6874358005410576,40,13,20,20,5,8,2.583322105602784,2.9875619283726262
ElasticNet,49,1.0,0.7212121212121211,0.7874444861461327,40,10,20,20,5,5,2.583322105602784,3.0146151081190395
RandomForest,49,0.8,0.38181818181818183,0.4219688760251575,40,10,20,20,5,5,2.583322105602784,3.0146151081190395
LassoedForest,49,0.88,0.49090909090909085,0.5244667156691188,40,10,20,20,5,5,2.583322105602784,3.0146151081190395
ElasticNet,50,0.8333333333333333,0.6121212121212121,0.48121149975107436,40,10,20,20,4,6,2.5678859223741926,3.011328072816466
RandomForest,50,0.6666666666666666,0.41818181818181815,0.3643640368013814,40,10,20,20,4,6,2.5678859223741926,3.011328072816466
LassoedForest,50,0.5833333333333333,0.24848484848484845,0.33641605725660984,40,10,20,20,4,6,2.5678859223741926,3.011328072816466
