n_hvg,Model,n_completed_folds,mean_AUROC,sd_AUROC,mean_Spearman,sd_Spearman,Cohort
100,ElasticNet,50,0.7749333333333334,0.17288384587571223,0.4323809523809524,0.25973496109591554,Breast
100,RandomForest,50,0.7057579365079364,0.1800895990449681,0.3176746586746587,0.27334708449931194,Breast
300,ElasticNet,50,0.7483333333333333,0.15306864580983903,0.36575424575424575,0.25322146528316164,Breast
300,RandomForest,50,0.7056722222222221,0.16178684867677567,0.33291674991674997,0.26701230863753,Breast
600,ElasticNet,50,0.7174634920634921,0.1941467996998953,0.3534608724608725,0.2505731447000135,Breast
600,RandomForest,50,0.7001738095238095,0.16728206733998696,0.3406257076257077,0.24499218382000967,Breast
100,ElasticNet,30,0.6187037037037038,0.21750896738211134,0.18047619047619048,0.3783589300779958,Lung
100,RandomForest,30,0.657962962962963,0.24033020551265674,0.2225396825396825,0.3586511712450199,Lung
300,ElasticNet,30,0.6625,0.24245799559847403,0.28365079365079365,0.4286317123974426,Lung
300,RandomForest,30,0.6688888888888888,0.2545323719982622,0.2680952380952381,0.4389194283126056,Lung
600,ElasticNet,30,0.7302777777777777,0.24473609495299117,0.34253968253968253,0.43563566526929737,Lung
600,RandomForest,30,0.6857407407407407,0.24405875858203402,0.2883333333333333,0.4049016332116671,Lung
