mouse_id,modelID_raw,growth_rate_k,doubling_time_days,r2,n_points,max_day_used,intercept,p_value,std_err
f1.PHLC402.TPX.control.P603,PHLC402,0.06229793895851203,11.1263260414049,0.8569924220477084,8,25,5.3015491939086505,0.0009676474415179967,0.010389367015674453
f1.PHLC402.TPX.control.P607,PHLC402,0.06725870139568271,10.305687831856323,0.9498909890350636,8,25,4.9012254976972995,4.008039849137975e-05,0.006306579636915109
f1.PHLC402.TPX.control.P608,PHLC402,0.09642760693525507,7.1882648817091255,0.9282709929318582,8,25,4.621815284262716,0.00011857059651690045,0.010942984483589935
f1.PHLC402.TPX.control.P609,PHLC402,0.07896216101433354,8.778219487104998,0.9099895774039709,8,25,4.868977821878051,0.0002360271730027671,0.01013845065078795
f1.PHLC402.TPX.control.P610,PHLC402,0.06590349680600656,10.517608536012776,0.8979685843537684,8,25,4.472553755075846,0.0003454715796367348,0.009069204986094577
f1.PHLC402.TPX.control.P613,PHLC402,0.07879765834355494,8.796545419380974,0.9353226302795932,8,25,5.023223693334675,8.66827077827442e-05,0.008459274934724504
f10.PHLC148.TPX.control.P1101,PHLC148,0.0938215649896353,7.387930276333793,0.8501129938218241,6,17,5.778862264255822,0.00888518860378434,0.019697737368014282
f10.PHLC148.TPX.control.P1104,PHLC148,0.08459271331195709,8.193934836961539,0.8391533290303647,6,17,5.766699416035199,0.010274826493773424,0.018517755134347624
f10.PHLC148.TPX.control.P1107,PHLC148,0.09307341345465907,7.4473166378239,0.9576427136678045,6,17,5.793238839784288,0.0006825346774811748,0.00978718857743574
f10.PHLC148.TPX.control.P1113,PHLC148,0.055177442731568,12.562147614053584,0.8833140271232026,9,28,5.45859836063293,0.0001656684869267792,0.007579914569219851
f10.PHLC148.TPX.control.P1117,PHLC148,0.055130695525637013,12.572799489489775,0.8744532654592295,9,28,5.58580494086855,0.00021486226732778541,0.007895485862268818
f10.PHLC148.TPX.control.P1126,PHLC148,0.04542478707140398,15.259227951258762,0.9156750976687206,9,28,5.524464242963249,5.242627884624218e-05,0.005210160498668757
f11.PHLC148.TPX.control.P601,PHLC148,0.07245837534870128,9.566143005887435,0.9909900549026716,5,14,5.447396940335924,0.00036395699611284664,0.003988911390177249
f11.PHLC148.TPX.control.P606,PHLC148,0.06548344336748005,10.58507532461513,0.8912022025593334,5,14,4.894277462377868,0.015758980502434815,0.013209695507010016
f11.PHLC148.TPX.control.P608,PHLC148,0.055454877374307675,12.499300573353741,0.8934647950332312,5,14,4.810100241784922,0.01525864452315892,0.01105571850579778
f11.PHLC148.TPX.control.P614,PHLC148,0.09813761062408397,7.063012601917169,0.9653507930646765,5,14,4.397282955746452,0.0027663347624203886,0.010734428388714419
f12.PHLC148.TPX.control.P801,PHLC148,0.11925668277162617,5.812229255842261,0.900079306362946,6,19,4.419384510961089,0.003876269952646974,0.019867355402215316
f12.PHLC148.TPX.control.P803,PHLC148,0.08086315720071899,8.571854037796365,0.8293183225344194,6,19,5.42477916549084,0.011613567956508883,0.018342288460173578
f12.PHLC148.TPX.control.P808,PHLC148,0.06729131078785287,10.300693692016312,0.9402138024251406,6,19,4.6156498239942145,0.0013680441991506017,0.00848430256436053
f12.PHLC148.TPX.control.P810,PHLC148,0.08256780887407203,8.394884035461036,0.960290209821484,6,19,4.233001626269783,0.0005993320223226221,0.008395147087615467
f13.PHLC164.TPX.control.P102,PHLC164,0.0668440914595087,10.36961031895877,0.9259866721745588,11,35,2.7776985336594198,2.1790226842936917e-06,0.00629933011298712
f13.PHLC164.TPX.control.P11,PHLC164,0.06533402440228278,10.609283400208339,0.942312213052171,11,35,2.371635777700885,7.049680946127255e-07,0.005388435454622277
f13.PHLC164.TPX.control.P111,PHLC164,0.05735932499576925,12.084298073784357,0.9351317498812054,11,35,2.4265052230203334,1.198901964673556e-06,0.005035730355523359
f13.PHLC164.TPX.control.P122,PHLC164,0.05681247881349657,12.200614988749248,0.9135192437507731,11,35,2.098158288284502,4.414529410132181e-06,0.005826709592195944
f13.PHLC164.TPX.control.P123,PHLC164,0.040862830584196375,16.96277939267425,0.8522153990401475,11,35,2.8788794029058495,5.0605574061322825e-05,0.005672142007761513
f13.PHLC164.TPX.control.P131,PHLC164,0.07319196834248104,9.470262875245544,0.953851140234915,11,35,2.8119338446793236,2.5696284022975305e-07,0.005366391560757152
f13.PHLC164.TPX.control.P135,PHLC164,0.06891264514795713,10.058345301820028,0.9675904483225604,11,35,2.8352859201050324,5.207725081892102e-08,0.0042040550181692985
f13.PHLC164.TPX.control.P145,PHLC164,0.08216855449527669,8.435674508546814,0.9573253627682294,11,35,2.345068393981294,1.8041324072904776e-07,0.005782818060645138
f13.PHLC164.TPX.control.P154,PHLC164,0.0803495685517267,8.626644710776729,0.967673645875343,11,35,2.1305939447060926,5.147655880213165e-08,0.00489526493141006
f13.PHLC164.TPX.control.P172,PHLC164,0.07477594683169522,9.269654346471498,0.9439433811768051,11,35,2.6770478728115457,6.191677373326813e-07,0.006074088883649537
f13.PHLC164.TPX.control.P175,PHLC164,0.07537881006329551,9.195517679012315,0.8767428969897512,11,35,2.4018150320275056,2.210982140146231e-05,0.00942101884668094
f13.PHLC164.TPX.control.P194,PHLC164,0.07659023584846443,9.050072413033865,0.9358083882895184,11,35,2.9196615318967316,1.1433095104539837e-06,0.006686484239444173
f13.PHLC164.TPX.control.P52,PHLC164,0.0632405992720411,10.960477739596438,0.8068713142977033,11,35,1.9658580446491583,0.00017243604852466558,0.010313260237366152
f13.PHLC164.TPX.control.P53,PHLC164,0.059054002912574274,11.737513908855695,0.9559973657478891,11,35,2.696076730487441,2.0720644947820714e-07,0.004223174988795666
f13.PHLC164.TPX.control.P75,PHLC164,0.05942644718159611,11.663951210844173,0.8711673443585842,11,35,2.428983783669694,2.704953488919763e-05,0.007617644439406052
f13.PHLC164.TPX.control.P81,PHLC164,0.06105746795219938,11.352373490210825,0.9323711080530576,11,35,2.7781819165712887,1.447952260192154e-06,0.005481371883158505
f13.PHLC164.TPX.control.P82,PHLC164,0.06276327984163144,11.043832991343685,0.9571194648424705,11,35,2.331526307432793,1.843796570049424e-07,0.004428242543318156
f13.PHLC164.TPX.control.P84,PHLC164,0.056647975676465845,12.236045018073087,0.8504881008198215,11,35,2.462104066970004,5.336543432015106e-05,0.007917113998229358
f14.PHLC164.TPX.control.P1201,PHLC164,0.07803182744261548,8.882877708710396,0.9489212614532077,5,15,5.374437877601009,0.004976672690316561,0.010452402939070625
f14.PHLC164.TPX.control.P1206,PHLC164,0.06830892554135916,10.147241741348484,0.9940087618881799,3,8,5.13314300941565,0.04932567410209254,0.00530323213981306
f14.PHLC164.TPX.control.P1208,PHLC164,0.07207071008208399,9.617598879912443,0.9692888484083737,7,22,5.044925840358672,5.6746991319767046e-05,0.005737137275045403
f14.PHLC164.TPX.control.P1213,PHLC164,0.04850652786763922,14.289771109805066,0.8295049024463236,7,22,5.671258630918823,0.004351406395359425,0.009834712208992232
f14.PHLC164.TPX.control.P1216,PHLC164,0.04679608103289399,14.812077534285766,0.9043074473320373,7,22,5.397734878690395,0.0009966098599625292,0.006807779776070989
f14.PHLC164.TPX.control.P1218,PHLC164,0.05686890252584597,12.188509884552834,0.9437445868072933,7,22,4.789307528059483,0.000260147998117905,0.006209330375561343
f14.PHLC164.TPX.control.P1224,PHLC164,0.05594442697224045,12.389923680939372,0.9468426394471722,7,22,5.481870341777564,0.00022553573106928683,0.005928087812872941
f14.PHLC164.TPX.control.P1229,PHLC164,0.06818987140652993,10.164958024742202,0.9825004060524125,5,15,5.249829999526568,0.0009877029639606177,0.005254203152152578
f15.PHLC164.TPX.control.P15,PHLC164,0.027937937975553745,24.810248385777896,0.9558409302674896,8,24,5.108474460739288,2.7367554049065017e-05,0.0024515224223107257
f15.PHLC164.TPX.control.P16,PHLC164,0.026734266295671306,25.927293941565047,0.9047314984195908,5,14,4.915906190692992,0.012856045151489031,0.005008670408777806
f15.PHLC164.TPX.control.P2,PHLC164,0.026589233380027052,26.06871626019178,0.8235400337004729,10,31,3.9769890858263497,0.000286198378945761,0.004351525777311821
f15.PHLC164.TPX.control.P5,PHLC164,0.034094869695827555,20.329955408064542,0.967886958074124,11,35,4.772595684679937,4.996107423164962e-08,0.002070123161403626
f15.PHLC164.TPX.control.P9,PHLC164,0.02946571749464141,23.52385210663884,0.9562558584471126,11,35,5.296054077063722,2.0176277269778452e-07,0.0021007223725421557
f16.PHLC164.TPX.control.P1802,PHLC164,0.02506600108289643,27.65288241501387,0.9268755754481337,11,35,5.2586192378267755,2.0629063603865934e-06,0.0023468444813309975
f16.PHLC164.TPX.control.P1824,PHLC164,0.06392581777060162,10.842992780277138,0.9524486798204801,9,28,5.310097775672923,6.953393540611657e-06,0.005398682284988789
f16.PHLC164.TPX.control.P1832,PHLC164,0.06477692150849193,10.700526737274433,0.9287857536315609,8,25,5.9207692738732485,0.00011601231443418411,0.0073226849251307735
f16.PHLC164.TPX.control.P1833,PHLC164,0.05606035823545999,12.364301663015548,0.9708264726493802,9,28,5.8665151603136065,1.2484807373265391e-06,0.003673081077291832
f17.PHLC164.TPX.control.P702,PHLC164,0.03900144199138073,17.772347512513253,0.9714956994919589,11,35,4.540536245496182,2.917451715750414e-08,0.0022268663996544394
f17.PHLC164.TPX.control.P705,PHLC164,0.06565655744026355,10.557166071196969,0.9778517566151408,11,35,4.482754154200894,9.349304409278208e-09,0.003293745100131457
f17.PHLC164.TPX.control.P707,PHLC164,0.0679724617394417,10.197470605331036,0.9885170713074901,11,35,4.7636460800697025,4.842468604361872e-10,0.0024420018648598136
f2.PHLC402.TPX.control.P503,PHLC402,0.05870936347700045,11.806416208744754,0.9762299126838699,8,25,5.501586670529199,4.234986668389937e-06,0.0037399955010010543
f2.PHLC402.TPX.control.P507,PHLC402,0.047966652708875596,14.45060560650061,0.9283613224160294,8,25,5.717516834360623,0.0001181189533274935,0.005439751349501161
f2.PHLC402.TPX.control.P510,PHLC402,0.06824316847449163,10.157019318630175,0.8539303597899356,8,25,5.951754045422202,0.0010324917688080435,0.011522648396983078
f2.PHLC402.TPX.control.P513,PHLC402,0.06137296063847497,11.294015692725248,0.9533520810238426,8,25,4.56723461667587,3.229194474324661e-05,0.0055423114411060044
f20.PHLC164.TPX.control.P11,PHLC164,0.06407402786223029,10.817911776208698,0.9540586855459066,7,21,4.8995552721254745,0.00015618856406398996,0.006287980514440983
f20.PHLC164.TPX.control.P4,PHLC164,0.0681616691525599,10.169163830312586,0.9870831556161812,7,21,4.975619452804697,6.468207471098889e-06,0.0034870370201485774
f20.PHLC164.TPX.control.P7,PHLC164,0.049781901540679005,13.923678266760138,0.9769566353533757,3,7,5.816836288104322,0.09701419357879339,0.007645515695830362
f20.PHLC164.TPX.control.P9,PHLC164,0.08793089816567505,7.8828625093076115,0.9994388356255249,3,7,5.241296060425999,0.015082238209908803,0.0020835716748625406
f21.PHLC164.TPX.control.P1,PHLC164,0.02816109445196777,24.613644961213904,0.9025473390337536,8,27,4.719712771268704,0.0003004545634883564,0.0037777721446162617
f21.PHLC164.TPX.control.P3,PHLC164,0.04737444965515674,14.63124501931804,0.9324744474547896,8,27,4.968033065981252,9.875760599506862e-05,0.005204561635853878
f21.PHLC164.TPX.control.P5,PHLC164,0.03665577784739095,18.90962956633265,0.9249446570224651,8,27,5.4249529662615315,0.00013602356538338164,0.0042628470206375595
f21.PHLC164.TPX.control.P8,PHLC164,0.047237055092698675,14.673801726202095,0.9613950993871434,8,27,4.880376610397349,1.824597031979516e-05,0.0038643589195066306
f21.PHLC164.TPX.control.P9,PHLC164,0.0678659123265174,10.213480623749168,0.9716142783705999,6,15,5.073328556620659,0.00030506144993719023,0.005799956303163819
f22.PHLC164.TPX.control.P1,PHLC164,0.033546798069253446,20.662096547307552,0.922687480223047,8,24,5.074590214357344,0.0001488028142329646,0.003964359671036137
f22.PHLC164.TPX.control.P11,PHLC164,0.0570227425529834,12.155626852144104,0.9544191867412075,8,24,5.101299488893722,3.01136161675084e-05,0.005087377092909174
f22.PHLC164.TPX.control.P12,PHLC164,0.051738909920711354,13.3970194119315,0.9137449889674523,8,24,5.007955322860527,0.0002073847600460374,0.006489650560985733
f22.PHLC164.TPX.control.P4,PHLC164,0.05461298799427302,12.691984196737817,0.9871841097285403,8,24,5.113927314011851,6.609896828203273e-07,0.0025403621029035884
f22.PHLC164.TPX.control.P6,PHLC164,0.05646569515167678,12.275544978203671,0.9385464095912155,8,24,4.590026119869469,7.42614248001702e-05,0.0058986796167253665
f22.PHLC164.TPX.control.P9,PHLC164,0.05663944782166199,12.237887324439068,0.9355985678125387,8,24,5.006694137889907,8.556861881942388e-05,0.006066614155813408
f23.PHLC164.TPX.control.P14,PHLC164,0.05253441372673306,13.194154676693865,0.9150473451299151,4,10,4.4638369972015655,0.043418929138823496,0.011318674931403297
f23.PHLC164.TPX.control.P16,PHLC164,0.06424929052970449,10.788402095109227,0.9808776327128147,4,10,4.785759088229019,0.009607334077632259,0.006343321897809592
f23.PHLC164.TPX.control.P25,PHLC164,0.05246057520546355,13.212725515212362,0.9980825664530822,4,10,5.584694477153915,0.000959176783509874,0.0016259042866931534
f23.PHLC164.TPX.control.P26,PHLC164,0.07922900174689015,8.74865472588328,0.9917302727000408,4,10,5.389503449471455,0.004143447729523243,0.005115852275133654
f23.PHLC164.TPX.control.P28,PHLC164,0.06674807217282079,10.384527342831461,0.9690049268386133,4,10,4.878978280475069,0.015619521303569693,0.008441255959451232
f23.PHLC164.TPX.control.P7,PHLC164,0.08643973699221805,8.018848791989587,0.9629459469718081,4,10,5.203139307388353,0.018701907180184055,0.011989893997749171
f24.PHLC164.TPX.control.P1,PHLC164,0.039263616222071425,17.65367653961286,0.8200934443696412,8,24,5.554098201261666,0.001957594258023351,0.007507692824295483
f24.PHLC164.TPX.control.P5,PHLC164,0.055125042406586264,12.574088840558044,0.9507249422705543,8,24,5.2613698657595735,3.809994303166573e-05,0.005123413854848519
f24.PHLC164.TPX.control.P7,PHLC164,0.060642361477505485,11.43008226711388,0.9785824246993733,8,24,5.571220462678959,3.0951393606164772e-06,0.0036625783600588626
f24.PHLC164.TPX.control.P8,PHLC164,0.07270830137105846,9.533260542321685,0.9273372732067366,8,24,5.410799593514551,0.0001233074599988344,0.008308934993088789
f25.PHLC164.TPX.control.P804,PHLC164,0.08673109940478861,7.991910460225011,0.9051580707491944,9,28,4.958375139451984,7.945586041809343e-05,0.010611183071260796
f25.PHLC164.TPX.control.P805,PHLC164,0.06973318110393885,9.939990827706456,0.9565882449040813,11,35,5.166612495246665,1.9492753389943645e-07,0.004951757579077339
f25.PHLC164.TPX.control.P806,PHLC164,0.07223177869985285,9.596152732721745,0.9649507956751382,9,28,5.308895383444419,2.378559204810872e-06,0.0052031432973372324
f25.PHLC164.TPX.control.P807,PHLC164,0.0743916422059537,9.317541057111807,0.9928332284531086,9,28,5.2699862988365,9.094494995090504e-09,0.002388904312285891
f25.PHLC164.TPX.control.P808,PHLC164,0.07053768292076582,9.826622478350327,0.9573196037864754,9,28,5.363350459774033,4.754143350261954e-06,0.005629345633583299
f25.PHLC164.TPX.control.P812,PHLC164,0.09603581478682124,7.217590459336262,0.9427941675697509,9,28,5.365494554545897,1.3331361277864104e-05,0.008941202205743392
f25.PHLC164.TPX.control.P813,PHLC164,0.09148526141181995,7.576599441955469,0.9240144598647968,9,28,5.167748317261037,3.628704875017818e-05,0.00991581024111843
f25.PHLC164.TPX.control.P817,PHLC164,0.05138983332173044,13.488021574626215,0.9379153628156998,11,35,5.324918939774768,9.82979236107303e-07,0.004407234949483553
f25.PHLC164.TPX.control.P818,PHLC164,0.05517590005807993,12.562498841528933,0.9416663909240452,11,35,5.141089248567012,7.413914894035145e-07,0.0045776128534706206
f25.PHLC164.TPX.control.P820,PHLC164,0.06414306273197819,10.806268847127882,0.9404931142094368,11,35,5.075721842110066,8.113063715327215e-07,0.005378166453864388
f26.PHLC164.TPX.control.P907,PHLC164,0.04712987478033987,14.7071721236376,0.9575583279045322,8,22,4.9868221240050055,2.4280834895080677e-05,0.004050739217856364
f26.PHLC164.TPX.control.P909,PHLC164,0.06147276706270019,11.2756788685461,0.9528812723565809,8,22,5.423063235711489,3.328570883901529e-05,0.0055806465673680404
f26.PHLC164.TPX.control.P910,PHLC164,0.08756796612724356,7.915533627362597,0.9573744565380531,8,22,5.216245515351747,2.4599539810255424e-05,0.0075433400196663475
f26.PHLC164.TPX.control.P912,PHLC164,0.059852806032604663,11.580863563562168,0.9903733043223726,8,22,5.274755124952132,2.798052243147363e-07,0.002409062401120432
f26.PHLC164.TPX.control.P913,PHLC164,0.05725368228550307,12.106595643988015,0.981669026930027,8,22,5.124499874523217,1.938272287247541e-06,0.003194022814175099
f26.PHLC164.TPX.control.P916,PHLC164,0.06478403790332218,10.699351306171055,0.9787296616335156,8,22,5.523341554353106,3.0315733978871047e-06,0.0038989549075222753
f26.PHLC164.TPX.control.P918,PHLC164,0.06680681646566473,10.375396063307212,0.9893125951729269,8,22,5.370599705186784,3.830143795355512e-07,0.0028347483601129588
f26.PHLC164.TPX.control.P925,PHLC164,0.0703388246976935,9.85440378822074,0.9180042832337091,8,22,5.319186193798436,0.00017784911945216883,0.00858208302522564
f26.PHLC164.TPX.control.P936,PHLC164,0.0749724737715901,9.24535560440057,0.9476484286621248,8,22,5.571924557751316,4.5746206132601425e-05,0.007193950631517404
f27.PHLC169.TPX.control.P701,PHLC169,0.07174650153737044,9.661058946531451,0.8513905856665003,7,28,5.068011349021827,0.003058879913617783,0.013405236070234245
f27.PHLC169.TPX.control.P702,PHLC169,0.1216478821881116,5.697979842247391,0.9564317376068203,6,28,3.7052608446776256,0.0007224211281231015,0.01298173343515983
f27.PHLC169.TPX.control.P703,PHLC169,0.0963722105021085,7.192396822160473,0.8257797110848549,7,28,4.365504260936928,0.004600121047062396,0.019796302388955998
f27.PHLC169.TPX.control.P706,PHLC169,0.13472900769244495,5.144750877570771,0.9506646446701623,7,28,3.0850412637665214,0.00018688908787541604,0.013725923302714408
f27.PHLC169.TPX.control.P711,PHLC169,0.09773149098757718,7.092362692471892,0.935672962583484,7,28,5.130408701394681,0.00036484632267126254,0.011459990492934618
f27.PHLC169.TPX.control.P712,PHLC169,0.1217155699259187,5.694811115634789,0.9827384397013457,7,28,1.6423337766364836,1.3374428267745632e-05,0.007214100492982571
f28.PHLC192.TPX.control.P801,PHLC192,0.048409946235870166,14.318280321624199,0.9652260468449444,9,35,5.40191836231492,2.3135651295857544e-06,0.003472946524476737
f28.PHLC192.TPX.control.P803,PHLC192,0.028976906952478437,23.920675236204236,0.8646460651381204,9,35,4.886133888981241,0.0002807696952408334,0.004333305063536251
f28.PHLC192.TPX.control.P807,PHLC192,0.022241248125202392,31.16494077391791,0.9832570074330339,9,35,5.3342108635943335,1.7790807559927087e-07,0.0010969659627467108
f28.PHLC192.TPX.control.P809,PHLC192,0.02641510640811604,26.24055984673133,0.8809140494872124,9,35,4.995105932562974,0.0001780887527456595,0.0036708517026457985
f28.PHLC192.TPX.control.P812,PHLC192,0.037370675712668805,18.54788995225381,0.953881832910727,9,35,4.996282443024937,6.243497744306003e-06,0.0031057798002222035
f3.PHLC137.TPX.control.P802,PHLC137,0.04735279493520165,14.637935976291566,0.881640821763017,7,27,5.971177498506851,0.0017107482672839567,0.007759178462542255
f3.PHLC137.TPX.control.P803,PHLC137,0.04747587307210958,14.599988071986509,0.9820703878796148,9,34,5.2572996076772895,2.261941483192126e-07,0.002424588713692514
f3.PHLC137.TPX.control.P806,PHLC137,0.04857392923868805,14.2699425684482,0.9282695707332463,9,34,5.153350264602335,2.960663666467171e-05,0.005103508866384886
f3.PHLC137.TPX.control.P808,PHLC137,0.04660663808419229,14.872284486768034,0.9599690623341613,9,34,5.2476141933097225,3.7948474597637086e-06,0.0035972284516620654
f3.PHLC137.TPX.control.P810,PHLC137,0.053150505148494905,13.041215292750111,0.9879023524514449,9,34,5.14858169280688,5.694281630377887e-08,0.0022230633072621926
f3.PHLC137.TPX.control.P812,PHLC137,0.058769829672970106,11.794269005321674,0.9059659910907247,9,34,4.072373144337826,7.708567967292104e-05,0.0071563560568264325
f30.PHLCHCC827.TPX.control.P3,PHLCHCC827,0.08060416255987655,8.599396836919471,0.9932218136889146,8,24,5.000443465167285,9.7565780885221e-08,0.0027184132068105785
f31.PHLCHCC827.TPX.control.P10,PHLCHCC827,0.07155521440789377,9.686885662989212,0.9427456979233285,7,30,5.088887140767522,0.0002719521023061473,0.007886114313286596
f31.PHLCHCC827.TPX.control.P3,PHLCHCC827,0.07850776740897902,8.829026775771862,0.9806513776967083,7,30,4.452822285432848,1.7804460026612162e-05,0.004931684975295361
f31.PHLCHCC827.TPX.control.P4,PHLCHCC827,0.05990684875670391,11.57041632042744,0.9549347867889804,7,30,4.985408684346243,0.00014880008108233728,0.0058200314437512135
f31.PHLCHCC827.TPX.control.P7,PHLCHCC827,0.08163913765885387,8.490378517426349,0.9579336752906166,6,25,5.0195460244657335,0.0006731223679347947,0.008553975017881205
f31.PHLCHCC827.TPX.control.P9,PHLCHCC827,0.0763097586679689,9.083336032759524,0.9305821766077105,7,30,4.684009407561201,0.00044222016658158913,0.00932080042119334
f32.PHLC200.TPX.control.P603,PHLC200,0.07251137080371778,9.559151521714254,0.9854021999821058,8,24,4.983089580305226,9.7747147557185e-07,0.003603026292409804
f32.PHLC200.TPX.control.P608,PHLC200,0.08008939605057476,8.654668592109715,0.9464459651068357,8,24,4.923156053912589,4.899449784899904e-05,0.007777635393384789
f32.PHLC200.TPX.control.P611,PHLC200,0.07132966123557118,9.71751678829342,0.9358408072239508,8,24,4.897813948028398,8.459855634631532e-05,0.0076247040704505034
f32.PHLC200.TPX.control.P615,PHLC200,0.07970273307976616,8.69665510549364,0.9649614186678007,8,24,5.079044559004012,1.3623231917850567e-05,0.00620034522418586
f32.PHLC200.TPX.control.P620,PHLC200,0.06857188396265752,10.108329252517189,0.9805038129218654,8,24,4.82367671940982,2.3329211294181798e-06,0.003947486511384511
f32.PHLC200.TPX.control.P623,PHLC200,0.06531103145634426,10.613018430481603,0.8786993359360763,4,10,5.009596271206872,0.0626103606631465,0.017158644834804566
f33.PHLC200.TPX.control.P702,PHLC200,0.07423990058151704,9.336585517094738,0.9461178932404238,8,24,4.374269606164118,4.99068704517888e-05,0.007232882541606006
f33.PHLC200.TPX.control.P707,PHLC200,0.07738214661914031,8.957456090892377,0.9660216824056647,8,24,4.9403150016672805,1.2418481074759465e-05,0.005924785699277033
f33.PHLC200.TPX.control.P710,PHLC200,0.07519046745281492,9.218551287700443,0.9264529139955313,8,24,4.972307677964925,0.0001279098505082961,0.008648847090196941
f33.PHLC200.TPX.control.P717,PHLC200,0.07422075914125223,9.338993410735554,0.9796685184355076,8,24,5.729278746965385,2.64664929857883e-06,0.004365105094469326
f33.PHLC200.TPX.control.P724,PHLC200,0.08505173063637292,8.149712832104518,0.9312274522912709,8,24,4.6390631402764235,0.00010438225544922131,0.009435984120268349
f33.PHLC200.TPX.control.P725,PHLC200,0.07739373600265723,8.956114749857106,0.9005504540049298,8,24,5.230822346475054,0.00031956574125010986,0.01049971628804213
f34.PHLC267.TPX.control.P702,PHLC267,0.12058521597534547,5.748193714739163,0.993003931412258,5,16,5.312844475670832,0.00024887652105440105,0.005843660591417499
f34.PHLC267.TPX.control.P709,PHLC267,0.11817235056412467,5.865561421525741,0.997756169793434,5,16,5.060522223470344,4.5140508550462305e-05,0.0032354748693567753
f34.PHLC267.TPX.control.P710,PHLC267,0.12285791215216726,5.641860328062867,0.9900507020792109,5,16,4.694415916679235,0.0004224533878870512,0.007110661471834693
f34.PHLC267.TPX.control.P713,PHLC267,0.11246826474264095,6.163046812770351,0.9780400033191354,5,16,5.39496057436823,0.0013903461495016448,0.009729873478668235
f34.PHLC267.TPX.control.P717,PHLC267,0.12755973111055038,5.433902804006581,0.9754168761686444,5,16,4.898595366574381,0.0016480795012269928,0.01169166517342285
f34.PHLC267.TPX.control.P725,PHLC267,0.11561635182985554,5.9952348399645174,0.987912001190713,5,16,5.378965993753192,0.0005661125665292591,0.007383745305635323
f35.PHLC274.TPX.control.P606,PHLC274,0.04553476375747118,15.222373487030909,0.9508395782651866,11,35,5.441505230021302,3.4195904018436925e-07,0.003451246725508178
f35.PHLC274.TPX.control.P608,PHLC274,0.048002255193659825,14.439887829509658,0.9511339673287647,11,35,5.609322754948742,3.3279833590086645e-07,0.0036267956101765793
f35.PHLC274.TPX.control.P613,PHLC274,0.056956728626031225,12.169715453832309,0.9814277515812313,11,35,5.618249494784407,4.226647425380683e-09,0.0026117214585535736
f35.PHLC274.TPX.control.P614,PHLC274,0.05072082525153324,13.665928681611742,0.9386786950842717,11,35,6.068915572151788,9.294449952421063e-07,0.004321278630372636
f35.PHLC274.TPX.control.P618,PHLC274,0.05079358097426441,13.646353875131235,0.9686338039501194,11,35,5.590929011261012,4.492697517167756e-08,0.0030467631403510442
f36.PHLC274.TPX.control.P719,PHLC274,0.08694278137998036,7.9724523365610995,0.9754507776581481,8,27,5.2545900749653445,4.666619676477229e-06,0.005630851763747787
f36.PHLC274.TPX.control.P720,PHLC274,0.06613709236391668,10.480460446400198,0.9751017972843922,8,27,5.164222380155973,4.869128156043623e-06,0.004314480330422842
f36.PHLC274.TPX.control.P727,PHLC274,0.07273146263494959,9.530224684727678,0.960343615158493,8,27,5.047277210765719,1.978590763209288e-05,0.006033786371432554
f36.PHLC274.TPX.control.P733,PHLC274,0.07334345987526657,9.45070196768415,0.9822231947593401,8,27,5.319788980441329,1.7673711187515656e-06,0.0040281676056085226
f36.PHLC274.TPX.control.P734,PHLC274,0.06922542992931247,10.012898168602671,0.9486583610657291,8,27,5.182439800963879,4.313236355275193e-05,0.006574609775782808
f36.PHLC274.TPX.control.P735,PHLC274,0.07228772119067539,9.588726399765891,0.9705902623097966,8,27,5.155627849621254,8.038449198330325e-06,0.005137082253524649
f37.PHLC299.TPX.control.P701,PHLC299,0.060709754161426016,11.417393961386844,0.9383178522945658,7,21,4.654163000571355,0.0003281651469275529,0.00696110566226169
f37.PHLC299.TPX.control.P703,PHLC299,0.061397279814628364,11.289542185789113,0.9597930560366402,7,21,5.268579261770276,0.00011167905006486595,0.0056198646839174604
f37.PHLC299.TPX.control.P708,PHLC299,0.0609256100686486,11.376942795959435,0.867883716343725,7,21,5.189999797463669,0.002264375783312445,0.010630710436704358
f37.PHLC299.TPX.control.P716,PHLC299,0.05550933289212706,12.487038565333847,0.9782060424658127,7,21,5.272997774070433,2.399549174606597e-05,0.003705389661569612
f37.PHLC299.TPX.control.P718,PHLC299,0.07704389661486231,8.996782496930877,0.9695252151490886,7,21,4.9392332642182755,5.565659235896698e-05,0.006108632626829795
f37.PHLC299.TPX.control.P723,PHLC299,0.07775371232940473,8.914650629456986,0.9492578599289101,7,21,5.032824072086729,0.00020060311796703934,0.008039488536731086
f38.PHLC321.TPX.control.P511,PHLC321,0.0743120140236484,9.327525160862471,0.9354671135687895,7,21,5.317832976596976,0.00036780066944248966,0.00872871498285266
f38.PHLC321.TPX.control.P512,PHLC321,0.07250318487609485,9.560230791854277,0.961625162789426,7,21,5.426803048815425,9.932118464719831e-05,0.00647727663977762
f38.PHLC321.TPX.control.P513,PHLC321,0.07804008716237312,8.88193754983586,0.9333860821648935,7,21,5.735412767972885,0.0003984860933472038,0.009323620149040692
f38.PHLC321.TPX.control.P519,PHLC321,0.08649211680753886,8.013992559603176,0.9878139713082347,7,21,5.6287200079748985,5.590283673726247e-06,0.004296205432792394
f38.PHLC321.TPX.control.P522,PHLC321,0.07262223789434266,9.54455826008003,0.9466959385212854,5,14,5.621324370049388,0.005309106412803029,0.00994910224530807
f39.PHLC321.TPX.control.P806,PHLC321,0.11269029564448237,6.150903914093012,0.9286036222254209,8,25,4.640550174112805,0.00011691318762084595,0.012756566453803814
f39.PHLC321.TPX.control.P807,PHLC321,0.15065829631014432,4.600789983268073,0.9544950292622914,4,11,5.434204888975421,0.023017385383807706,0.0232605852880579
f39.PHLC321.TPX.control.P815,PHLC321,0.12174857995318722,5.693267065837342,0.9571534553973445,8,25,4.795838030453826,2.498629806024133e-05,0.01051611665945674
f39.PHLC321.TPX.control.P816,PHLC321,0.10517912710792743,6.590159089727816,0.9929256628318804,6,18,5.035483809358777,1.8811774832126652e-05,0.004438989075583682
f39.PHLC321.TPX.control.P817,PHLC321,0.12429059919191827,5.576827089630892,0.9699340765887486,4,11,5.90372558452457,0.015147687930444744,0.015473531682248593
f39.PHLC321.TPX.control.P819,PHLC321,0.12243401956347995,5.661393647217147,0.9743275881215713,6,18,5.321717500769873,0.0002492983475320378,0.009936946420888307
f4.PHLC191.TPX.control.P602,PHLC191,0.1511324681012104,4.586355197321058,0.9589756316493242,5,14,5.321370372529914,0.003570946099396953,0.018047386246075384
f4.PHLC191.TPX.control.P604,PHLC191,0.11242697819433432,6.165310067854122,0.9433547428528208,7,21,5.229207571148315,0.00026471706794581904,0.012320541428749544
f4.PHLC191.TPX.control.P606,PHLC191,0.13204027289531817,5.2495133898236785,0.9636414125312099,7,21,4.6825179458176205,8.67202511349371e-05,0.011470099480477254
f4.PHLC191.TPX.control.P607,PHLC191,0.17845433467094068,3.884171162544569,0.9674388099091122,4,10,5.706713824605384,0.016415326517786658,0.023149972831698888
f4.PHLC191.TPX.control.P608,PHLC191,0.12472661954442552,5.557331571173209,0.992811059231931,7,21,4.628504403980749,1.4916241774242618e-06,0.004746497967348061
f4.PHLC191.TPX.control.P611,PHLC191,0.16212021449940325,4.275513591566933,0.9740058135754791,5,14,5.320648663216133,0.001792769305973107,0.01529092937526606
f40.PHLC321.TPX.control.P908,PHLC321,0.05752900074463314,12.048656705107271,0.9066176334204343,10,31,4.886119522589058,2.1618288380132456e-05,0.0065277301715049
f40.PHLC321.TPX.control.P911,PHLC321,0.06325601381521105,10.957806835328368,0.9377370403119224,10,31,5.276206612234474,4.215901484398543e-06,0.005762768482764423
f40.PHLC321.TPX.control.P913,PHLC321,0.0716510655579141,9.673927040201356,0.9673041624052957,10,31,5.31376975854277,3.1665639996738986e-07,0.004657387415380184
f40.PHLC321.TPX.control.P915,PHLC321,0.0905140845809541,7.657893064587174,0.9214380792262906,5,14,5.388501905392068,0.009575628804514033,0.015259085438864272
f40.PHLC321.TPX.control.P917,PHLC321,0.08287931761400251,8.36333117253897,0.9602993863278166,6,18,5.948449099995347,0.0005990531639086563,0.008425805996057209
f40.PHLC321.TPX.control.P922,PHLC321,0.06949290824562437,9.97435850734581,0.992649541095774,10,31,5.3156930521307215,8.005653734529006e-10,0.002114242250558381
f41.PHLC321.TPX.control.P1002,PHLC321,0.05200800988441931,13.327700523445717,0.9204479172281618,10,35,5.183073427672531,1.1318118440291243e-05,0.005405693398688725
f41.PHLC321.TPX.control.P1003,PHLC321,0.06909219089790061,10.032207280620577,0.9700290257085745,10,35,4.880511161065884,2.2332406359353802e-07,0.004293802223334154
f41.PHLC321.TPX.control.P1004,PHLC321,0.07840153316609141,8.840990125684566,0.899323739541766,7,21,5.524166924720449,0.0011336725757735264,0.011731270863632652
f41.PHLC321.TPX.control.P1005,PHLC321,0.04647552083302563,14.914242339537012,0.9390072780203643,10,35,5.070272707922697,3.880168485931526e-06,0.004187779440832305
f41.PHLC321.TPX.control.P1009,PHLC321,0.07130768529414795,9.72051157881057,0.8747624355758108,8,28,5.494958213371657,0.0006450407490076052,0.011014960849818818
f41.PHLC321.TPX.control.P1012,PHLC321,0.08449966878638325,8.202957366758849,0.9048332124427626,8,28,5.1178945059376595,0.00027954347821082537,0.011187622909706004
f42.PHLCH1581.TPX.control.P16,PHLCH1581,0.12044150917712836,5.755052268072815,0.9489837957856987,4,10,5.720189729249649,0.02584200676394455,0.019746306042876586
f42.PHLCH1581.TPX.control.P17,PHLCH1581,0.2013471878096026,3.4425471152614127,0.958613942805444,4,10,5.7017336644380565,0.02091167773002012,0.029582558125426282
f42.PHLCH1581.TPX.control.P25,PHLCH1581,0.08349153126774267,8.30200584460649,0.8976936893647586,4,10,4.965809865464365,0.05253301410299338,0.01993033295504285
f42.PHLCH1581.TPX.control.P4,PHLCH1581,0.163645753447036,4.235656385573626,0.9760323334660178,4,10,5.847084209573457,0.012056513020092913,0.01813303569650037
f42.PHLCH1581.TPX.control.P5,PHLCH1581,0.14103894973751674,4.914579850813837,0.9396410844645915,4,10,5.75632962471499,0.030649142743149217,0.0252763163872535
f42.PHLCH1581.TPX.control.P7,PHLCH1581,0.15355905302085807,4.513880275530187,0.9543128022474933,4,10,5.807804590570509,0.023110649946733616,0.023758133206130946
f43.PHLCH1581.TPX.control.P19,PHLCH1581,0.2274605700202056,3.0473289524350187,0.9508638015543649,3,7,5.726396178367501,0.1422994977716643,0.051706809665672974
f43.PHLCH1581.TPX.control.P20,PHLCH1581,0.23965295202609854,2.89229560787743,0.9943329626436717,3,7,5.922796082180212,0.04796994378904426,0.018092346736506434
f43.PHLCH1581.TPX.control.P23,PHLCH1581,0.2306514552873075,3.005171503021895,0.9958882074513501,3,7,5.391167223230562,0.04085016280889912,0.014820624425108045
f43.PHLCH1581.TPX.control.P24,PHLCH1581,0.18084611099323247,3.832801140998182,0.9786477528629757,3,7,5.52433372246723,0.09335975180922351,0.026712698723314204
f43.PHLCH1581.TPX.control.P33,PHLCH1581,0.1808704827732661,3.832284682011128,0.993840575295564,3,7,5.539863836257024,0.05001462796182187,0.014238997418184024
f43.PHLCH1581.TPX.control.P44,PHLCH1581,0.2920235791647674,2.3736000447034225,0.9982229988148004,3,7,5.95303014682259,0.02684433743123037,0.012321057729818652
f44.PHLCH1581.TPX.control.P1,PHLCH1581,0.18244489426341434,3.7992139125536606,0.9963157184175023,4,11,5.453891851849005,0.0018438406654486255,0.007845030435117828
f44.PHLCH1581.TPX.control.P10,PHLCH1581,0.1699724328549588,4.0779976430144,0.9943919679541441,4,11,5.587382370955263,0.002807958337941785,0.009025887835590485
f44.PHLCH1581.TPX.control.P14,PHLCH1581,0.14952719305240544,4.6355928069686625,0.9924658142433064,4,11,4.685073439589456,0.0037742152286428534,0.009212246846350884
f44.PHLCH1581.TPX.control.P19,PHLCH1581,0.21121927967432808,3.2816473080898945,0.9968834220424342,4,11,5.290405870141699,0.001559505006715867,0.008350940124112178
f44.PHLCH1581.TPX.control.P25,PHLCH1581,0.17038967735488292,4.068011579811126,0.9659400588609589,4,11,5.321573413854169,0.017177503889456717,0.022624299464388473
f44.PHLCH1581.TPX.control.P3,PHLCH1581,0.21624383007140524,3.2053963358448803,0.9522249757278157,4,11,5.303994462418965,0.02417984457800026,0.03424990735685588
f45.PHLC110.TPX.control.P501,PHLC110,0.01983622206400995,34.94350780724339,0.9784298281155964,10,32,4.924651934416171,5.971100951308091e-08,0.0010413001451850252
f45.PHLC110.TPX.control.P504,PHLC110,0.035341134643115536,19.613042635997274,0.8798068985195501,10,32,5.3949042772622855,6.003500684632033e-05,0.004618294085280143
f45.PHLC110.TPX.control.P506,PHLC110,0.05650349155532361,12.267333601522166,0.8889113238267342,10,32,5.522797265841803,4.363256942212204e-05,0.007062134232869348
f45.PHLC110.TPX.control.P507,PHLC110,0.039117732633033205,17.719513220830517,0.9572130747292676,10,32,5.444825620357925,9.325538122087961e-07,0.0029240171043699204
f45.PHLC110.TPX.control.P508,PHLC110,0.045571615262862124,15.210063908461343,0.8970013607411369,10,32,4.828560555722329,3.213001656007058e-05,0.005459698009248288
f45.PHLC110.TPX.control.P511,PHLC110,0.04785905688941774,14.483093182582316,0.9538586612729671,10,32,5.132990159423823,1.2629786105145932e-06,0.0037215359985113467
f47.PHLC119.TPX.control.P503,PHLC119,0.06516737048853517,10.63641474811217,0.8670560463621139,8,27,5.690425918744078,0.0007740958599301284,0.01041754252272298
f47.PHLC119.TPX.control.P504,PHLC119,0.05533342417314773,12.526735710245754,0.9457514448112705,8,27,5.657987089478896,5.093937758549775e-05,0.005410252101583562
f47.PHLC119.TPX.control.P505,PHLC119,0.05343936859715099,12.970721749824323,0.9096619730245592,10,34,5.392647491338239,1.8909080454051737e-05,0.005954038042654027
f47.PHLC119.TPX.control.P507,PHLC119,0.07851688356673311,8.828001686679595,0.9527810614191263,8,27,5.265708493538791,3.349984443219345e-05,0.007135903701274274
f47.PHLC119.TPX.control.P511,PHLC119,0.07246004890264625,9.565922064049717,0.9535867707546903,10,34,4.533977546229599,1.2931578639276727e-06,0.005651899275950597
f47.PHLC119.TPX.control.P512,PHLC119,0.06627951806236837,10.457939357792261,0.9517912236112456,9,30,5.354827903878537,7.297680666438585e-06,0.005637966982766482
f49.PHLC153.TPX.control.P601,PHLC153,0.03214540630242635,21.562868860289573,0.8559274579896154,10,34,5.679402994472136,0.000125281606490946,0.00466279214331525
f49.PHLC153.TPX.control.P604,PHLC153,0.018966312422614106,36.546228128852555,0.8875762957440417,10,34,5.17373572528169,4.5795156661927935e-05,0.002386514099581711
f49.PHLC153.TPX.control.P605,PHLC153,0.02240969884991985,30.93067806051416,0.9045455935248781,10,34,5.422818238363936,2.362311669485809e-05,0.002573794014102476
f49.PHLC153.TPX.control.P607,PHLC153,0.018245588035556475,37.989851530636344,0.9147066438788259,10,34,4.96063454852196,1.4993449240366395e-05,0.001969833668563575
f49.PHLC153.TPX.control.P608,PHLC153,0.01534507827739311,45.17065133392726,0.9654982133050707,10,34,5.370881243324177,3.929232271309385e-07,0.0010255791200364727
f49.PHLC153.TPX.control.P610,PHLC153,0.024183136192235354,28.662418929042744,0.9274236963598785,10,34,5.19522720001226,7.81720653034396e-06,0.0023918060321033176
f5.PHLC228.TPX.control.P504,PHLC228,0.06430698768746285,10.778722584996464,0.8859606074907895,7,21,5.4146801313278,0.001556246629054404,0.010317949687019
f5.PHLC228.TPX.control.P505,PHLC228,0.07637564314712199,9.075500408222286,0.9860039412190111,7,21,5.404812342391925,7.908179239718451e-06,0.004069428587608567
f5.PHLC228.TPX.control.P506,PHLC228,0.0820236176689791,8.450580457902552,0.8863394220906049,7,21,5.029723513248006,0.001543124883776436,0.01313586918375312
f5.PHLC228.TPX.control.P507,PHLC228,0.08903253135981563,7.78532486916118,0.9814135145591162,6,17,5.641838476402881,0.0001303576419112738,0.006126202476572667
f5.PHLC228.TPX.control.P508,PHLC228,0.09615825703298805,7.208400005858615,0.974208701864069,6,17,5.4186914719227675,0.00025162282196517725,0.007822889317683886
f51.PHLC181.TPX.control.P701,PHLC181,0.24866371849058613,2.7874881979864963,0.9814861603147619,6,17,4.261337188626904,0.00012933744223721528,0.017076095989360152
f51.PHLC181.TPX.control.P702,PHLC181,0.2245902978809662,3.086273926789643,0.9740549241398795,6,17,4.422634906925718,0.00025464563884324383,0.018327226400878978
f51.PHLC181.TPX.control.P705,PHLC181,0.2359649944782694,2.9375000393279898,0.9388627640833201,6,17,4.027423040046372,0.0014312493949508209,0.03010713477755324
f51.PHLC181.TPX.control.P707,PHLC181,0.23385190531481123,2.9640433317266806,0.9582268720453218,6,17,4.298767315277404,0.00066370481756107,0.024413229975046434
f51.PHLC181.TPX.control.P709,PHLC181,0.25306418511569245,2.739017298094006,0.9597430644977862,6,17,4.410108792981483,0.0006160777505677372,0.02591454303269593
f51.PHLC181.TPX.control.P710,PHLC181,0.2048920106846289,3.382987839515333,0.9445043467431191,6,17,4.102374038575459,0.001176969666573414,0.024832619394319654
f52.PHLC189.TPX.control.P501,PHLC189,0.029550606356028648,23.45627606448541,0.8698409222284514,11,32,5.146075205079243,2.8342842098186332e-05,0.0038103288202733284
f52.PHLC189.TPX.control.P503,PHLC189,0.01938774793166104,35.751815167145104,0.9636368608947486,11,32,5.51946722244455,8.756276066676171e-08,0.0012553941237585932
f52.PHLC189.TPX.control.P505,PHLC189,0.023091317341913043,30.017654267901555,0.9464425015338085,11,32,5.198436977061476,5.037470786331949e-07,0.001831009002965004
f52.PHLC189.TPX.control.P511,PHLC189,0.02586916551951691,26.79433861277831,0.9106224131656422,11,32,5.425572883828088,5.126635805421616e-06,0.0027015083206558756
f53.PHLC191.TPX.control.P701,PHLC191,0.13692617979971491,5.062196152509532,0.8013008058192119,6,19,4.212163831786542,0.01591273578792283,0.03409233593199251
f53.PHLC191.TPX.control.P704,PHLC191,0.16857458423836175,4.111813080789488,0.9698731365149791,6,19,4.319440331782928,0.0003438375736732288,0.014855305794072468
f53.PHLC191.TPX.control.P707,PHLC191,0.14928956754803943,4.642971320396515,0.9032368575449277,6,19,4.244693861730175,0.003631007200102173,0.02443169627399937
f53.PHLC191.TPX.control.P708,PHLC191,0.11687469710684986,5.930686433576399,0.9576393940253198,6,19,5.104770854018746,0.0006826424470998684,0.012290529206704483
f53.PHLC191.TPX.control.P712,PHLC191,0.1483303801815896,4.672995374995857,0.9638879544518476,7,21,4.113239170136342,8.524989378864236e-05,0.012839788675940988
f53.PHLC191.TPX.control.P713,PHLC191,0.15652260036526575,4.428415953622011,0.927798271551799,8,23,3.5559080003480985,0.00012095315304742707,0.017825776080085495
f53.PHLC191.TPX.control.P714,PHLC191,0.15015781486587054,4.6161245831867195,0.9376423731014257,7,21,4.071733782993279,0.00033730906464205234,0.01731765623614154
f54.PHLC119.TPX.control.P501,PHLC119,0.15737337657061562,4.404475494296333,0.999092108578942,4,10,5.87622642956039,0.0004540487906811163,0.003354520552461908
f54.PHLC119.TPX.control.P502,PHLC119,0.15623278976757127,4.436630630427491,0.942636872411169,4,10,5.6482014425899925,0.029105117733557624,0.027252188811483755
f54.PHLC119.TPX.control.P507,PHLC119,0.2201575227790572,3.1484146978505243,0.9513119951151561,4,10,5.51199466698295,0.024647758440492377,0.035218271321769926
f54.PHLC119.TPX.control.P508,PHLC119,0.1902732327004485,3.6429043156647407,0.9904497360113521,4,10,5.608701507098582,0.004786587705253976,0.013211561992886287
f54.PHLC119.TPX.control.P509,PHLC119,0.12162075001941891,5.699250994992812,0.955596731413617,7,21,5.478126744734599,0.00014336079653821994,0.011724459141812823
f54.PHLC119.TPX.control.P511,PHLC119,0.15679381069639933,4.420756007404462,0.9768172282499877,7,21,4.97012133470849,2.801703760950299e-05,0.010802392109178108
f55.PHLC196.TPX.control.P501,PHLC196,0.04345848442198949,15.94963997891332,0.9301443204282515,8,30,6.231592489736824,0.00010943938298395952,0.004862108466482237
f55.PHLC196.TPX.control.P504,PHLC196,0.06692486862308501,10.35709437793131,0.9219252602380467,8,30,5.2855970452084655,0.00015329428537114436,0.007950955403003637
f55.PHLC196.TPX.control.P506,PHLC196,0.04475766377973652,15.486670259893215,0.9000185877808556,9,34,5.305276808614666,9.578280951370661e-05,0.0056383532759511305
f55.PHLC196.TPX.control.P507,PHLC196,0.0331790377000426,20.891117663700513,0.8961156598110218,8,30,6.479686289176135,0.0003649142038523423,0.004611913680964915
f55.PHLC196.TPX.control.P510,PHLC196,0.07832376997659143,8.849767838896234,0.9767164699038872,8,30,4.940580690152953,3.979471354881757e-06,0.004936943027679773
f56.PHLC215.TPX.control.P502,PHLC215,0.04990428034738825,13.889533637894074,0.9698621976044417,10,32,5.001742671503216,2.283537472191305e-07,0.0031102376773733675
f56.PHLC215.TPX.control.P503,PHLC215,0.053737033658117536,12.898873149006397,0.9599417941756517,10,32,5.391617388993067,7.156558267548419e-07,0.0038810746154477947
f56.PHLC215.TPX.control.P507,PHLC215,0.0686412840803689,10.098109175061051,0.9427931386158303,8,22,6.1250735047836615,5.9805143700713574e-05,0.006902805366997119
f56.PHLC215.TPX.control.P508,PHLC215,0.04894529140031348,14.161672363758894,0.8586233251344225,10,32,4.384007034324787,0.0001160219463391065,0.007021881002393393
f56.PHLC215.TPX.control.P511,PHLC215,0.05231844976207292,13.248618483769118,0.9888961150414917,10,32,4.857636898614695,4.175379883119113e-09,0.0019600719558989245
f56.PHLC215.TPX.control.P512,PHLC215,0.05420759529072684,12.786901482023872,0.9376953488269462,10,32,5.279693169603969,4.227279203049457e-06,0.004940199665660586
f57.PHLC229.TPX.control.P601,PHLC229,0.11314906288000061,6.12596483715519,0.9955119465660631,5,16,5.4133529332296515,0.0001277796364393739,0.0043862775139164355
f57.PHLC229.TPX.control.P604,PHLC229,0.11344312466684515,6.11008540707557,0.9768276055032555,5,16,5.493086206756381,0.0015076192287029513,0.010087743881004651
f57.PHLC229.TPX.control.P607,PHLC229,0.08709000060526816,7.958975493657491,0.9513230240285352,5,16,6.001330527733923,0.004626352580921608,0.01137379659994374
f57.PHLC229.TPX.control.P608,PHLC229,0.1126708701692508,6.151964385459351,0.993829777765673,5,16,5.648193739886296,0.00020608477169302682,0.005125608387571195
f57.PHLC229.TPX.control.P609,PHLC229,0.07479936317672523,9.266752431063836,0.9496673853031634,8,27,5.429296983900846,4.0622907845647885e-05,0.007030096064196785
f57.PHLC229.TPX.control.P611,PHLC229,0.09896000141117271,7.004316599390106,0.963009615902754,8,27,4.82918046379567,1.604112238532132e-05,0.007917957680726007
f57.PHLC229.TPX.control.P614,PHLC229,0.12081820914737972,5.73710854888117,0.9808382811160653,5,16,5.303596686474025,0.0011322850211267605,0.009749678505125557
f58.PHLC235.TPX.control.P401,PHLC235,0.07342161517387893,9.440641954258519,0.938818854527524,6,20,5.636099190669677,0.001433328067390629,0.009371558896376236
f58.PHLC235.TPX.control.P402,PHLC235,0.07823538079378299,8.859766176469183,0.8756846386290024,6,20,5.846249509966711,0.006053841402303315,0.014738786836015436
f58.PHLC235.TPX.control.P403,PHLC235,0.11383895220317707,6.088840130246742,0.9760300954674606,5,16,5.561366030561135,0.001586501869216318,0.010299871581914937
f58.PHLC235.TPX.control.P406,PHLC235,0.07664730429692662,9.043334099197262,0.9538889445768766,6,20,6.190871787858865,0.0008099193571694476,0.008425981732504998
f58.PHLC235.TPX.control.P411,PHLC235,0.13130484755889585,5.278915389997609,0.9900997874902498,5,16,5.675361231139261,0.0004193247287654638,0.007580588237495093
f58.PHLC235.TPX.control.P412,PHLC235,0.09079875218887377,7.633884429580097,0.9343779925244097,6,20,5.115960012167263,0.0016515298034679186,0.012031321720465348
f59.PHLC235.TPX.control.P605,PHLC235,0.09705764319654701,7.141603254843974,0.9934608813505328,9,29,4.5955082873185,6.597156220829029e-09,0.0029762194095188173
f59.PHLC235.TPX.control.P609,PHLC235,0.07398930886049543,9.368207261766061,0.8850028502179047,9,29,5.590339865873175,0.00015731253458462247,0.0100807107630346
f59.PHLC235.TPX.control.P610,PHLC235,0.08736529162621956,7.933896489757976,0.916147066760084,9,29,5.370854298392739,5.139628130720517e-05,0.009990021957377823
f59.PHLC235.TPX.control.P615,PHLC235,0.08634345285561358,8.027790847315885,0.9598095336408159,9,29,4.8062236613920595,3.848289139494772e-06,0.006678045675168727
f59.PHLC235.TPX.control.P619,PHLC235,0.076459029220343,9.06560268457507,0.958373977431816,9,29,5.67595402054922,4.353768349051607e-06,0.006022748260012795
f59.PHLC235.TPX.control.P621,PHLC235,0.07951713093127248,8.7169541008596,0.9127132753892576,9,29,5.06410702999376,5.9232682488053585e-05,0.009294340880916673
f6.PHLC108.TPX.control.P805,PHLC108,0.13439682723239038,5.157466845265622,0.9785945058653231,6,18,3.2148873924603727,0.00017306415455940654,0.009938486745942735
f6.PHLC108.TPX.control.P807,PHLC108,0.10366831572735129,6.686200848318298,0.9895887200957567,6,18,3.977470312792387,4.078992888515383e-05,0.005316682673043296
f6.PHLC108.TPX.control.P808,PHLC108,0.1430785085296295,4.8445233856795795,0.9376494746259141,6,18,2.7966396652256567,0.0014892535879259454,0.018447784215004977
f6.PHLC108.TPX.control.P815,PHLC108,0.13260945483950162,5.226981600964029,0.9816683383889024,6,18,3.678741060440399,0.00012679676418580997,0.009060726429656584
f60.PHLC235.TPX.control.P605,PHLC235,0.08882786451508988,7.8032629101670565,0.9679257589275172,8,27,4.849485789429098,1.0437902493446842e-05,0.00660131971483405
f60.PHLC235.TPX.control.P606,PHLC235,0.10841190956538488,6.393644234648386,0.953734120100555,7,23,5.254603989430094,0.00015898093746435208,0.01067846294796979
f60.PHLC235.TPX.control.P607,PHLC235,0.10969489618310924,6.3188644565824,0.9927574620883031,5,16,5.548554431342148,0.00026216293764570254,0.005409406302022564
f60.PHLC235.TPX.control.P608,PHLC235,0.09105734155363722,7.612205328349584,0.9439383554481804,7,23,5.397841673249712,0.00025789491823490136,0.009924098467727637
f60.PHLC235.TPX.control.P610,PHLC235,0.08867577048870359,7.816646833062988,0.9336156418760649,8,27,4.915979242038321,9.379218188501355e-05,0.009653352520505452
f60.PHLC235.TPX.control.P611,PHLC235,0.12983678528181494,5.3386039946648935,0.9584312513405948,7,23,4.394771812647154,0.00012143808131743836,0.012092490204668384
f60.PHLC235.TPX.control.P612,PHLC235,0.07094032479002405,9.77084870433831,0.8976381904801757,8,27,5.336165442903948,0.00034888575691074383,0.00977993264558936
f61.PHLC235.TPX.control.P702,PHLC235,0.08783474534715692,7.89149188991622,0.9499805907381282,6,19,5.889325156948858,0.0009543265614303156,0.01007739458538977
f61.PHLC235.TPX.control.P716,PHLC235,0.09741524850827674,7.115386873966175,0.9818240722148923,6,19,6.021646405883498,0.00012464498457760993,0.006627174458657967
f61.PHLC235.TPX.control.P721,PHLC235,0.08632622327259973,8.029393089179113,0.9779837317562067,8,26,5.0431895115751235,3.3627897001651597e-06,0.0052877772824229865
f61.PHLC235.TPX.control.P724,PHLC235,0.10013469453873586,6.922148050212606,0.9587848115967239,6,19,5.330053961028947,0.0006459695340793427,0.010380604710360898
f61.PHLC235.TPX.control.P726,PHLC235,0.07604724880145235,9.114691083298041,0.9566422364049932,8,26,5.547924664808791,2.589652302509476e-05,0.006609468584236539
f62.PHLC655.TPX.control.P701,PHLC655,0.19221322606809127,3.606136761444287,0.9948503701913326,4,12,4.9439568284704665,0.002578138302888112,0.009778616003048565
f62.PHLC655.TPX.control.P704,PHLC655,0.12764621407997326,5.430221221646831,0.9837516995861073,4,12,5.7771065248604225,0.008157421973573832,0.01159989779584136
f62.PHLC655.TPX.control.P706,PHLC655,0.1182516703369937,5.861626973932917,0.9864803918798467,7,21,4.993652153554672,7.25099549105145e-06,0.0061909900330093465
f62.PHLC655.TPX.control.P711,PHLC655,0.16540885653703485,4.190508265830073,0.9425526265176081,7,21,4.118201626120118,0.00027427041278379994,0.01826232393282408
f64.PHLC12.TPX.control.P701,PHLC12,0.06673514990727242,10.386538151529798,0.9693608057124469,4,29,3.5053514389368283,0.01543877503100555,0.0083894904667273
f64.PHLC12.TPX.control.P702,PHLC12,0.0618485068525242,11.207177276126208,0.9428248088483163,4,29,3.5215254227212567,0.029008337395054488,0.01076967340356231
f64.PHLC12.TPX.control.P703,PHLC12,0.03283909701384404,21.107376377241245,0.9636092554287057,4,29,3.8638592381345056,0.018363990356555008,0.004512541388866183
f64.PHLC12.TPX.control.P704,PHLC12,0.03915489699769632,17.70269452121727,0.8649016077948709,4,29,3.7859011891861587,0.06999913559455717,0.010942406038714549
f64.PHLC12.TPX.control.P705,PHLC12,0.038360672869612616,18.069213303842265,0.8887418628766844,4,29,4.12172418583573,0.05726893396012224,0.009597304889054841
f64.PHLC12.TPX.control.P707,PHLC12,0.050876006884880816,13.62424496341384,0.956899789673021,4,29,3.613281422444363,0.021787451689040612,0.007634919894076562
f64.PHLC12.TPX.control.P709,PHLC12,0.05243362187999837,13.21951747194403,0.9827986973277641,4,29,3.6150861758452018,0.008637958499638667,0.004905047787026147
f64.PHLC12.TPX.control.P710,PHLC12,0.05460894032246676,12.692924939888943,0.9282923014662487,4,29,3.7546023743087416,0.036520731169451315,0.01073221264289511
f65.PHLC12.TPX.control.P702,PHLC12,0.041557030156281455,16.679420496442148,0.940179025363069,10,32,5.520105341371153,3.5887058832761026e-06,0.0037061327658106653
f65.PHLC12.TPX.control.P703,PHLC12,0.040867653731992616,16.96077746732315,0.8487577253261347,10,32,5.109438083594644,0.000152644290396847,0.006099292227269304
f65.PHLC12.TPX.control.P704,PHLC12,0.04404230143329629,15.738214353074683,0.9593016736784704,10,32,4.951329864644862,7.62710268431515e-07,0.0032072712053906618
f65.PHLC12.TPX.control.P706,PHLC12,0.054516028018563596,12.714557640257969,0.94060234855219,10,32,4.737975254495869,3.487574960920455e-06,0.00484351690597967
f65.PHLC12.TPX.control.P710,PHLC12,0.061985170237580496,11.182467966179798,0.986759750113921,10,32,4.6730707635166375,8.448039054239662e-09,0.002538546847581431
f65.PHLC12.TPX.control.P712,PHLC12,0.050418390968290976,13.747903636906578,0.9544210878572713,10,32,4.967404425427912,1.2022350387638068e-06,0.003895434915902231
f67.PHLC186.TPX.control.P708,PHLC186,0.03392230399935525,20.433375650814273,0.8262978550218463,11,35,3.695256394766703,0.0001060079319486814,0.005184398366612951
f67.PHLC186.TPX.control.P713,PHLC186,0.03869516559642193,17.913017553387583,0.9777843751851567,11,35,4.12077640798349,9.478248860879503e-09,0.0019442100084626126
f68.PHLC12.TPX.control.P802,PHLC12,0.019038379582328794,36.40788742353454,0.8320429692006518,11,35,5.553637323858572,9.086764531815282e-05,0.0028512476697447648
f68.PHLC12.TPX.control.P808,PHLC12,0.022141906301688226,31.304765322175342,0.9205341949167738,11,35,5.297184702219175,3.007569687993837e-06,0.002168522511035625
f69.PHLC12.TPX.control.P602,PHLC12,0.03968638443183309,17.46561674698592,0.9529515073333941,10,32,4.462666343226948,1.365784521485246e-06,0.003117697666094001
f69.PHLC12.TPX.control.P603,PHLC12,0.03252225952651764,21.3130080951102,0.9058560185793492,10,32,4.642676956556702,2.233962346432183e-05,0.0037068277969650844
f69.PHLC12.TPX.control.P605,PHLC12,0.04682646482128335,14.802466579644491,0.9710227130926017,10,32,3.926959585267507,1.9506794059366777e-07,0.002859963855093461
f69.PHLC12.TPX.control.P609,PHLC12,0.04097707499335111,16.915487029574816,0.9050536945073901,10,32,4.529056753534314,2.3119023462393493e-05,0.004692430224420066
f69.PHLC12.TPX.control.P610,PHLC12,0.05626465576650981,12.319406759305627,0.9461244067996064,10,32,4.213712484445525,2.3550862897966695e-06,0.004746927318744496
f69.PHLC12.TPX.control.P612,PHLC12,0.05260950396568705,13.175322485686795,0.9630496772414625,10,32,4.238151296262864,5.174316568484654e-07,0.003643375945310488
f70.PHLC12.TPX.control.P47,PHLC12,0.05459051680523913,12.697208620186995,0.9176913713029239,9,21,5.073340940437502,4.812781627868534e-05,0.006179346446823215
f70.PHLC12.TPX.control.P48,PHLC12,0.07380538571051076,9.39155285061037,0.9561731703023849,9,21,5.178907456288442,5.218718153240717e-06,0.0059722885936771665
f70.PHLC12.TPX.control.P49,PHLC12,0.058705472074932374,11.8071988191357,0.8865160310324731,9,21,4.784359670334346,0.00015008821736018667,0.007938775599478753
f70.PHLC12.TPX.control.P50,PHLC12,0.0388781290317982,17.828717528897137,0.9234332781171957,9,21,4.939317946649031,3.727677887900677e-05,0.004231297905024854
f70.PHLC12.TPX.control.P51,PHLC12,0.06302413450233645,10.998122957709935,0.9580000627566068,9,21,3.7384456525183065,4.492869543788223e-06,0.004987689647939541
f70.PHLC12.TPX.control.P52,PHLC12,0.054283400466699966,12.769044949296331,0.9142229617093951,9,21,5.133542365011514,5.568861086013017e-05,0.006284597759643656
f70.PHLC12.TPX.control.P53,PHLC12,0.04404995752566067,15.7354789764817,0.8015731547231767,9,21,4.680848083555738,0.001102064458079355,0.008283714184482746
f71.PHLC77.TPX.control.P1205,PHLC77,0.07303336362524611,9.490829206726264,0.8027335431743051,12,27,5.015831518900075,8.045246758624836e-05,0.011448859337776902
f73.PHLC77.TPX.control.P705,PHLC77,0.07819739715726426,8.864069723010651,0.941235823843202,9,28,4.9454156050301465,1.4655625804265948e-05,0.007384997955451692
f73.PHLC77.TPX.control.P706,PHLC77,0.0833450194052903,8.316599906100064,0.9958094046653404,9,28,5.314084424085692,1.388692547863377e-09,0.0020435270125331076
f73.PHLC77.TPX.control.P707,PHLC77,0.09170688037913625,7.558289821814062,0.9648775602304668,9,28,5.4941554761713665,2.396070026607521e-06,0.0066131615986467435
f73.PHLC77.TPX.control.P708,PHLC77,0.07670764940967124,9.036219801992184,0.9905889207540126,9,28,5.405222818363708,2.3619235241259197e-08,0.0028259380477141855
f73.PHLC77.TPX.control.P709,PHLC77,0.06495831720787745,10.670645582485745,0.9895669795651012,9,28,4.983642541507778,3.3895112104420246e-08,0.002520972900107149
f73.PHLC77.TPX.control.P717,PHLC77,0.0972993384921035,7.123863237941735,0.9806126127646153,9,28,5.120798301445545,2.9754376517175573e-07,0.005170967076014641
f74.PHLC77.TPX.control.P802,PHLC77,0.06762251280393677,10.250242882420547,0.8885078122675139,4,12,5.938127366887602,0.05739307648017254,0.016938225107560143
f74.PHLC77.TPX.control.P804,PHLC77,0.09242713255460729,7.499390724367911,0.9714391835574768,7,22,5.360638390376512,4.7291968563236245e-05,0.007087482150020971
f74.PHLC77.TPX.control.P805,PHLC77,0.08804620490020788,7.872538985019998,0.9385668821702173,9,29,5.3531907597028106,1.7139327359377032e-05,0.00851393414656637
f74.PHLC77.TPX.control.P811,PHLC77,0.13317327069085433,5.204852122082387,0.9277713822086989,4,12,5.346860242764488,0.03679110146931319,0.026274607316272812
f74.PHLC77.TPX.control.P822,PHLC77,0.07653268499195404,9.05687786378874,0.9937037178772036,10,33,4.938328114200923,4.308156854341092e-10,0.0021538506660898397
f74.PHLC77.TPX.control.P823,PHLC77,0.09690541418065164,7.152822021561935,0.9809845679378023,6,19,4.706728853746001,0.00013646377318540432,0.006745902463243618
f78.PHLC140.TPX.control.P503,PHLC140,0.08871902252645186,7.812836084316429,0.9756188391353953,5,14,5.187993929383002,0.0016277110189151839,0.008097355785016856
f78.PHLC140.TPX.control.P504,PHLC140,0.11558309344033561,5.996959935301872,0.9131611503421261,5,14,4.932416109177357,0.011157646902007025,0.02057865583436271
f78.PHLC140.TPX.control.P507,PHLC140,0.13887708581957767,4.991083852813907,0.9746964819553093,5,14,4.499040868747518,0.0017214309966023173,0.012918905505073046
f78.PHLC140.TPX.control.P508,PHLC140,0.15276623625082444,4.537306132369969,0.9418980945272827,5,14,4.10381443006139,0.00605089799509266,0.021905843473487487
f78.PHLC140.TPX.control.P509,PHLC140,0.09741304594850209,7.115547756574424,0.9801175792566962,5,14,4.992266132687471,0.0011970251965540497,0.008010360036638563
f78.PHLC140.TPX.control.P510,PHLC140,0.0822122165305099,8.431194411389095,0.9692765473885957,5,14,5.467107285744435,0.0023069865967293096,0.008450587192651614
f79.PHLC142.TPX.control.P502,PHLC142,0.07650482047763948,9.06017655139176,0.9043676402897233,6,35,-4.601675113262556,0.0035451910684495495,0.01243909353975203
f79.PHLC142.TPX.control.P503,PHLC142,0.08189966901122506,8.463369741640147,0.899578929286322,6,35,-4.285935918253225,0.003915899599345415,0.013681853552473054
f79.PHLC142.TPX.control.P504,PHLC142,0.12074809643676232,5.740439816564375,0.9795802885019973,5,35,-6.642750142343595,0.0012460770997485362,0.010065247251330912
f79.PHLC142.TPX.control.P505,PHLC142,0.07750250936647357,8.943545005521981,0.9100425715251699,5,35,-5.509476931885102,0.011775878826150988,0.014068338148046311
f79.PHLC142.TPX.control.P507,PHLC142,0.11076799451760934,6.257648552531591,0.9224369504186808,6,35,-5.789771844720525,0.0023170219647929307,0.01605992044035031
f79.PHLC142.TPX.control.P508,PHLC142,0.051971518697697984,13.337058410622266,0.8734366828862331,6,35,-3.4496163706214835,0.0062799873093103056,0.009891761185946238
f79.PHLC142.TPX.control.P509,PHLC142,0.05738448131679193,12.079000535587582,0.8813469363174234,6,35,-4.024255897304389,0.005503407697729875,0.01052762710262118
f8.PHLC137.TPX.control.P1201,PHLC137,0.11940450073514614,5.805033950080583,0.9729847528673962,6,17,5.439077484658659,0.00027618652665125206,0.009948146137637611
f8.PHLC137.TPX.control.P1203,PHLC137,0.1837998847778525,3.771205740404621,0.8964619738178419,3,6,6.122110953535561,0.20855775158528655,0.062463920563328466
f8.PHLC137.TPX.control.P1205,PHLC137,0.19976145039351959,3.469874588888305,0.8988705569210521,3,6,5.846591673444747,0.20602815105597733,0.06700418250199704
f8.PHLC137.TPX.control.P1208,PHLC137,0.09917387315082643,6.989211558832511,0.9641756975925881,6,17,5.644813071393194,0.00048713341763215396,0.00955824282961252
f8.PHLC137.TPX.control.P1210,PHLC137,0.10174012939336903,6.8129182132249335,0.8846322950645382,5,14,6.039680100782651,0.017244955984146784,0.021212526106267532
f8.PHLC137.TPX.control.P1211,PHLC137,0.09842065461044068,7.042700369180584,0.9234891076362904,6,17,5.645173753911063,0.0022537444742789232,0.014164524454613515
f80.PHLC142.TPX.control.P602,PHLC142,0.0769565383920866,9.006995312450556,0.9883596792265603,8,23,5.565874083883879,4.950508139395293e-07,0.0034095327268589388
f80.PHLC142.TPX.control.P604,PHLC142,0.09041949569071298,7.665904075940768,0.9608800602681312,8,23,4.8728344257014555,1.8989819719983478e-05,0.00744819353994149
f80.PHLC142.TPX.control.P608,PHLC142,0.0844403621216694,8.208718711570604,0.985689241806995,8,23,5.398220694239894,9.208364075781155e-07,0.004153706206447542
f80.PHLC142.TPX.control.P609,PHLC142,0.10875440997940028,6.3735087220025175,0.9795228318687083,8,23,4.6665546314253135,2.7041024291253934e-06,0.006419466217396037
f80.PHLC142.TPX.control.P611,PHLC142,0.08990855540282904,7.709468553402371,0.9696809354934957,8,23,4.509536891253056,8.810449146048226e-06,0.006490361166108419
f81.PHLC142.TPX.control.P1005,PHLC142,0.028684979558461738,24.164116245830645,0.8167274279220986,8,34,4.232763810585722,0.0020726210811944615,0.005547394947828082
f81.PHLC142.TPX.control.P1012,PHLC142,0.03606032313879062,19.221879346231276,0.8251151947035643,8,34,4.282952644867062,0.0017942316182046733,0.006777550082329734
f82.PHLC188.TPX.control.P604,PHLC188,0.03665094843713514,18.912121244252468,0.9244026855319012,11,33,5.436812245722896,2.398537607044537e-06,0.003493707543098387
f82.PHLC188.TPX.control.P605,PHLC188,0.03334707640526186,20.785845575673104,0.8326095874116004,11,33,5.795594095335881,8.947203152751953e-05,0.0049840351446350075
f82.PHLC188.TPX.control.P606,PHLC188,0.0448930447544699,15.43996813651028,0.9194261172507735,11,33,5.466051522378747,3.2025076451720886e-06,0.0044299266428599465
f82.PHLC188.TPX.control.P608,PHLC188,0.0421112431372396,16.459907827964,0.9598508465350682,11,33,5.514010846145894,1.3695649048961295e-07,0.0028708673598499975
f82.PHLC188.TPX.control.P610,PHLC188,0.05702602206188115,12.154927794328428,0.9582679808789739,11,33,5.123066798829637,1.6309574815861127e-07,0.003966824924556511
f83.PHLC77.TPX.control.P701,PHLC77,0.07141795299338075,9.705503329452588,0.8961083583739076,9,29,5.251363886064723,0.00010972981778057386,0.009191119620856928
f83.PHLC77.TPX.control.P708,PHLC77,0.058770934003119314,11.794047386130632,0.9493319006734792,6,17,6.466069622537065,0.0009794605295585534,0.006788766419943723
f83.PHLC77.TPX.control.P712,PHLC77,0.0721085680734107,9.612549508045719,0.9612885474125723,9,29,5.026638494648044,3.37300372785494e-06,0.005469286845657024
f83.PHLC77.TPX.control.P713,PHLC77,0.09640522282088154,7.189933908952165,0.9571213857209228,9,29,3.4972112705670217,4.832257235537592e-06,0.0077123797121737316
f84.PHLC191.TPX.control.P802,PHLC191,0.1309848179006713,5.291813140402075,0.993708301681769,5,14,5.070532213362398,0.00021220833156153344,0.006017482271946788
f84.PHLC191.TPX.control.P804,PHLC191,0.1136974650712685,6.096417190352158,0.9897742070691941,5,14,5.405872566960287,0.0004402222022373703,0.0066722235029944
f84.PHLC191.TPX.control.P805,PHLC191,0.14607951291837168,4.744999259049225,0.9826839823470267,5,14,4.986350851882486,0.000972147549053785,0.011195558306647074
f84.PHLC191.TPX.control.P808,PHLC191,0.15784199533479884,4.391399000561986,0.9952175366443526,5,14,4.801310971959605,0.00014056933562381065,0.006317259984154108
f84.PHLC191.TPX.control.P809,PHLC191,0.1360243566646384,5.095757830113225,0.968492868393516,5,14,3.9544226781314826,0.002396392571681184,0.014164859565802494
f84.PHLC191.TPX.control.P810,PHLC191,0.15186003639436974,4.564381762426892,0.9918421033529443,5,14,3.3204147650157294,0.0003134890682151469,0.007951529998236239
f85.PHLC191.TPX.control.P27,PHLC191,0.063303898581072,10.949518056494515,0.9899846762391753,4,13,6.478888475358039,0.005020263402728764,0.00450229263640172
f85.PHLC191.TPX.control.P35,PHLC191,0.06547860914512511,10.58585681048404,0.9747695121489949,4,13,6.738368239572204,0.012695836052032618,0.007448971340555998
f85.PHLC191.TPX.control.P37,PHLC191,0.07874836111849513,8.802052140703537,0.9714065570818353,4,13,6.723416440065149,0.014400407324640098,0.009553428043097579
f85.PHLC191.TPX.control.P39,PHLC191,0.08430199918241699,8.22219149346717,0.9903094571788627,6,20,5.6411866619812505,3.532935741034996e-05,0.004169619906463438
f85.PHLC191.TPX.control.P48,PHLC191,0.08671877224849499,7.993046517929397,0.9797671993304057,6,20,5.300287697438086,0.00015455960608543338,0.006230884175808872
f85.PHLC191.TPX.control.P54,PHLC191,0.08150185744230126,8.504679553477104,0.8916964956240254,4,13,6.670428739081432,0.055703173983929204,0.020084694645897374
f85.PHLC191.TPX.control.P6,PHLC191,0.10862993285715339,6.380812013125541,0.9585661004654826,4,13,6.065321223938085,0.0209361101207528,0.015969870134871583
f85.PHLC191.TPX.control.P71,PHLC191,0.09597248486576127,7.222353172677199,0.9447359118814727,6,20,5.714568178184932,0.001167073709562905,0.011606012549018361
f85.PHLC191.TPX.control.P73,PHLC191,0.08364712362620853,8.286563249411802,0.9592334348702726,6,20,5.565660258354144,0.00063188576170217,0.008622057644591544
f85.PHLC191.TPX.control.P78,PHLC191,0.08584480731188396,8.07442176486765,0.9629846836093565,6,20,4.622808605213499,0.0005202749521326543,0.008415212313670501
f85.PHLC191.TPX.control.P81,PHLC191,0.10846373483417164,6.39058927502069,0.972024392468655,6,20,4.276210243739614,0.00029626870371266396,0.009200379481569848
f86.PHLC191.TPX.control.P18,PHLC191,0.06559475303712906,10.567113198331555,0.9662043968011481,7,23,5.105689614235768,7.216794761884323e-05,0.0054863018153490425
f86.PHLC191.TPX.control.P20,PHLC191,0.0634960967721331,10.916374640277903,0.9529394751182285,7,23,5.922873000991384,0.00016594455591700273,0.0063104125331124115
f86.PHLC191.TPX.control.P24,PHLC191,0.11553380861672827,5.9995181398320465,0.9748811135273144,5,16,5.666724122228193,0.0017025281428514236,0.010707123845436805
f86.PHLC191.TPX.control.P26,PHLC191,0.07186810439543774,9.644712162520136,0.9313197369308291,5,16,6.150568457504288,0.00780246175016674,0.01126787795041419
f86.PHLC191.TPX.control.P28,PHLC191,0.09744403998241626,7.113284513706774,0.9746844209265513,7,23,5.159225923368165,3.4939438515984394e-05,0.007023154135458032
f86.PHLC191.TPX.control.P41,PHLC191,0.09227709686215564,7.511584175598576,0.9590756598677974,7,23,5.247766162607796,0.00011675845014533253,0.008524586631205375
f86.PHLC191.TPX.control.P42,PHLC191,0.09375369839819937,7.393278264244537,0.9663757613751678,7,23,5.409303355930875,7.125210021006207e-05,0.00782089800177889
f86.PHLC191.TPX.control.P43,PHLC191,0.10723114483230524,6.464047191176893,0.9982355063706619,5,16,5.911097486073167,3.147379092286323e-05,0.002602878259699584
f86.PHLC191.TPX.control.P46,PHLC191,0.10326125724556816,6.712558020783678,0.992011860531299,6,20,5.3739824580352185,2.3992893162799908e-05,0.004633101342462553
f86.PHLC191.TPX.control.P5,PHLC191,0.058839284729950016,11.780346816607777,0.966390754531413,6,20,6.120147799771115,0.00042843034138032087,0.005486436879781956
f86.PHLC191.TPX.control.P55,PHLC191,0.11327366202419756,6.119226377724726,0.9830278473212315,7,23,4.237030660961823,1.2819524200620654e-05,0.00665624798241885
f86.PHLC191.TPX.control.P8,PHLC191,0.06644553152531897,10.431810306097447,0.9009440586455171,7,23,4.305765722197043,0.0010879219115603157,0.009853082738303359
f87.PHLCNOTCH 10.TPX.control.P18,PHLCNOTCH 10,0.032371822533940144,21.412053023372938,0.9187146474609916,9,34,5.051967597907468,4.604630778686715e-05,0.0036394349168162613
f87.PHLCNOTCH 10.TPX.control.P25,PHLCNOTCH 10,0.02741361279402251,25.284780439850845,0.8674021196112477,9,34,5.465091876889991,0.00026094888062976377,0.004051121845242787
f87.PHLCNOTCH 10.TPX.control.P26,PHLCNOTCH 10,0.03242786514020955,21.375048205084095,0.9154193326363482,9,34,5.3322788509215115,5.2990613215376385e-05,0.003725588222140022
f87.PHLCNOTCH 10.TPX.control.P31,PHLCNOTCH 10,0.02475862006683828,27.996196019355185,0.8649979709765765,9,34,5.198035468364614,0.00027818011951483113,0.003696919712641078
f87.PHLCNOTCH 10.TPX.control.P39,PHLCNOTCH 10,0.025345644797320762,27.347782473193046,0.8184113146370564,9,34,5.299050468923253,0.0008017305519323005,0.0045124552081262734
f87.PHLCNOTCH 10.TPX.control.P43,PHLCNOTCH 10,0.03565652329998126,19.43956158396154,0.9278392074305571,9,34,5.9493026727399485,3.0238410944115207e-05,0.003758410925970228
f87.PHLCNOTCH 10.TPX.control.P51,PHLCNOTCH 10,0.03317974770799397,20.890670618117625,0.9286993731449936,9,34,5.35275988991756,2.898521686674474e-05,0.0034748267586792356
f87.PHLCNOTCH 10.TPX.control.P53,PHLCNOTCH 10,0.036392174240196994,19.046599853721553,0.8854657194359927,9,34,5.657804954457384,0.00015507659062589553,0.004946987957087479
f87.PHLCNOTCH 10.TPX.control.P57,PHLCNOTCH 10,0.03720262543187022,18.631673773382392,0.846108220822216,9,34,5.535963144112973,0.0004436310588717317,0.005996796654626735
f87.PHLCNOTCH 10.TPX.control.P58,PHLCNOTCH 10,0.027461947767625713,25.24027743498519,0.9234863436934124,4,16,5.614931735327276,0.03901803154616244,0.005589469337600424
f87.PHLCNOTCH 10.TPX.control.P60,PHLCNOTCH 10,0.04192329998675589,16.533697986058336,0.9188929979310531,9,34,5.1686735435562845,4.569026493376606e-05,0.00470763891441521
f88.PHLCNOTCH 10.TPX.control.P3,PHLCNOTCH 10,0.028543709339273995,24.283710723126898,0.8000613654936344,8,24,4.487809435988093,0.002711110047207464,0.0058253429254074415
f88.PHLCNOTCH 10.TPX.control.P36,PHLCNOTCH 10,0.06384156433770262,10.857302570053042,0.8592294999003,8,24,5.098119332768229,0.0009220659092089839,0.0105494333367665
f88.PHLCNOTCH 10.TPX.control.P50,PHLCNOTCH 10,0.050395115315601105,13.7542532886191,0.8981806314177662,8,24,4.548476980742163,0.00034329230337474,0.006927015749466549
f88.PHLCNOTCH 10.TPX.control.P88,PHLCNOTCH 10,0.04149750191910696,16.703347153549863,0.8928017359742787,8,24,4.9649877465906105,0.0004015089404564118,0.00587033237813118
f89.PHLCNOTCH 10.TPX.control.P10,PHLCNOTCH 10,0.04328455405583527,16.013730432934906,0.9503898576760338,7,20,3.9689360969813325,0.0001895216720873599,0.004422647085777749
f89.PHLCNOTCH 10.TPX.control.P11,PHLCNOTCH 10,0.06905213995486702,10.0380260628127,0.9568811965109708,7,20,4.012977940175345,0.00013315370218713022,0.006555358995367669
f89.PHLCNOTCH 10.TPX.control.P12,PHLCNOTCH 10,0.05879802889730237,11.788612536155044,0.8892337720630785,7,20,4.111793925878993,0.001445109517897196,0.009280544856567199
f89.PHLCNOTCH 10.TPX.control.P3,PHLCNOTCH 10,0.08097918844058649,8.559571834539925,0.8638078731231363,7,20,4.2086960756112735,0.002447076057888206,0.01437989913953887
f89.PHLCNOTCH 10.TPX.control.P5,PHLCNOTCH 10,0.08598659311181094,8.06110761544681,0.8920834700905114,7,20,3.8111827453085803,0.0013524370979198074,0.013374790245974004
f9.PHLC137.TPX.control.P701,PHLC137,0.05564431045827454,12.45674849506328,0.9577104795545579,11,35,4.200491546386366,1.7317314258780992e-07,0.0038976134982682247
f9.PHLC137.TPX.control.P707,PHLC137,0.046820637718216145,14.804308833458453,0.9458855024436149,11,35,5.467767287178654,5.278814147387091e-07,0.0037329622718966695
f9.PHLC137.TPX.control.P709,PHLC137,0.06176895850983533,11.221610292321458,0.939353195819487,11,35,5.375073670300827,8.840597267759453e-07,0.005231648118623062
f9.PHLC137.TPX.control.P715,PHLC137,0.03918482292205762,17.689174758775398,0.8439529587786141,11,35,3.078584590036782,6.489432865153314e-05,0.005616493789538578
f90.PHLCOvarian.TPX.control.P101,PHLCOvarian,0.03597573558961118,19.267074576790794,0.8611015805851472,9,28,5.451629493609684,0.00030783611649777386,0.005461125051157019
f90.PHLCOvarian.TPX.control.P15,PHLCOvarian,0.04612816619211611,15.026549671909848,0.9639228578272172,9,28,5.866166481627599,2.6328844269289197e-06,0.0033729670153184884
f90.PHLCOvarian.TPX.control.P16,PHLCOvarian,0.023120912364653884,29.979231339486184,0.913174763831153,9,28,5.385823564288888,5.813256917966312e-05,0.0026946476407863637
f90.PHLCOvarian.TPX.control.P49,PHLCOvarian,0.03953833094657468,17.531017722941957,0.8030386013417137,9,28,6.018271986149411,0.0010731051020763799,0.007401021418952109
f90.PHLCOvarian.TPX.control.P53,PHLCOvarian,0.03494944812604432,19.83285052342249,0.8761465891806876,9,28,5.969002112195678,0.00020473849965786022,0.004966573885263623
f90.PHLCOvarian.TPX.control.P58,PHLCOvarian,0.031867238363344375,21.751090341020735,0.8610935146714314,9,28,5.514885586080282,0.0003078997817237835,0.004837617326054387
f90.PHLCOvarian.TPX.control.P61,PHLCOvarian,0.03955058276756817,17.52558703454383,0.8614988803896391,9,28,4.933364160307246,0.00030471197178057375,0.005993812463691476
f90.PHLCOvarian.TPX.control.P86,PHLCOvarian,0.03460904554617002,20.027919569040293,0.8500423047634339,9,28,5.383133530349176,0.0004044795061787237,0.0054942031151143335
f90.PHLCOvarian.TPX.control.P97,PHLCOvarian,0.03975811074425081,17.434107596779537,0.9162969982204874,9,28,5.420087092439837,5.107215275285421e-05,0.004541811479871183
f91.PHLC410.TPX.control.P502,PHLC410,0.059699291982004514,11.610643234577799,0.9036361838685721,6,17,5.882074507907582,0.003600580607242026,0.009747637579614513
f91.PHLC410.TPX.control.P508,PHLC410,0.09271062212977148,7.476459165484988,0.9280234680299856,6,17,5.563154505909795,0.0019913260155799005,0.01290968004944921
f91.PHLC410.TPX.control.P509,PHLC410,0.09247174966454988,7.49577230964487,0.9719156334471943,6,17,5.523940604178435,0.0002985878226736515,0.00785953969625044
f91.PHLC410.TPX.control.P510,PHLC410,0.06641753641271736,10.436207333146797,0.9566106484971374,6,17,6.046428310315716,0.0007164558818940145,0.007072561637294997
f91.PHLC410.TPX.control.P512,PHLC410,0.07049813482486768,9.832135024307663,0.9269765265813088,6,17,5.310512432114116,0.0020504365701413045,0.00989337580352607
f91.PHLC410.TPX.control.P513,PHLC410,0.05781796784404059,11.988438999268448,0.9886953332392084,6,17,5.931359097377602,4.810505169201055e-05,0.003091223937735791
f92.PHLC470.TPX.control.P501,PHLC470,0.07564781270927495,9.162818536787126,0.9511524401118597,7,20,5.03183329510901,0.0001822706235264382,0.0076666872439200015
f92.PHLC470.TPX.control.P505,PHLC470,0.09639297172174753,7.190847716167694,0.959294773834117,7,20,5.44135702812121,0.00011519254898166018,0.008879927379163514
f92.PHLC470.TPX.control.P506,PHLC470,0.08543326438378218,8.113317284075658,0.868631542441792,7,20,4.562736987342255,0.0022318008178516396,0.01485832150123901
f92.PHLC470.TPX.control.P511,PHLC470,0.08612101841219232,8.048525125915315,0.9800271517308569,7,20,5.122379741070751,1.927978046787656e-05,0.00549825783877579
