model.id,subtype,confidence,prob_Basal,prob_Her2,prob_LumA,prob_LumB,prob_Normal
INSB014,Basal,1.0,1.0,0.0,0,0.0,0
INSB019,Her2,1.0,0.0,1.0,0,0.0,0
NOTCH01,Basal,1.0,1.0,0.0,0,0.0,0
NOTCH06,Basal,1.0,1.0,0.0,0,0.0,0
NOTCH10,Basal,1.0,1.0,0.0,0,0.0,0
NOTCH18,Basal,1.0,1.0,0.0,0,0.0,0
NOTCHB02,Basal,1.0,1.0,0.0,0,0.0,0
REF001,Basal,1.0,1.0,0.0,0,0.0,0
REF002,Basal,1.0,1.0,0.0,0,0.0,0
REF003,Her2,0.6937,0.3063,0.6937,0,0.0,0
REF004,Her2,0.7631,0.2369,0.7631,0,0.0,0
REF005,Basal,1.0,1.0,0.0,0,0.0,0
REF006,Basal,1.0,1.0,0.0,0,0.0,0
REF007,Basal,1.0,1.0,0.0,0,0.0,0
REF009,Her2,1.0,0.0,1.0,0,0.0,0
REF013,Basal,0.8683,0.8683,0.1317,0,0.0,0
REF014,Basal,1.0,1.0,0.0,0,0.0,0
REF016,Basal,1.0,1.0,0.0,0,0.0,0
REF019,Basal,1.0,1.0,0.0,0,0.0,0
REF022,Basal,1.0,1.0,0.0,0,0.0,0
REF023,Basal,1.0,1.0,0.0,0,0.0,0
REF024,Basal,0.7733,0.7733,0.2267,0,0.0,0
REF025,Basal,1.0,1.0,0.0,0,0.0,0
REF034,Her2,0.9962,0.0038,0.9962,0,0.0,0
REF035,Basal,1.0,1.0,0.0,0,0.0,0
REF036,Her2,1.0,0.0,1.0,0,0.0,0
REF037,LumB,0.9994,0.0,0.0006,0,0.9994,0
REF041,Her2,1.0,0.0,1.0,0,0.0,0
REF043,Her2,0.5549,0.0,0.5549,0,0.4451,0
REF044,Basal,1.0,1.0,0.0,0,0.0,0
REF047,Basal,1.0,1.0,0.0,0,0.0,0
REF048,Basal,1.0,1.0,0.0,0,0.0,0
REF052,LumB,1.0,0.0,0.0,0,1.0,0
REF057,Her2,1.0,0.0,1.0,0,0.0,0
REF063,Basal,0.8921,0.8921,0.1079,0,0.0,0
S100534,Basal,1.0,1.0,0.0,0,0.0,0
S100672,Basal,1.0,1.0,0.0,0,0.0,0
S100804,Basal,1.0,1.0,0.0,0,0.0,0
S108045,Basal,1.0,1.0,0.0,0,0.0,0
S108099,Basal,1.0,1.0,0.0,0,0.0,0
S16720,Basal,1.0,1.0,0.0,0,0.0,0
S18674,Basal,1.0,1.0,0.0,0,0.0,0
S20710,Her2,1.0,0.0,1.0,0,0.0,0
S241417,Basal,1.0,1.0,0.0,0,0.0,0
S28077,LumB,0.968,0.0,0.032,0,0.968,0
S38807,Basal,1.0,1.0,0.0,0,0.0,0
S44205,LumB,1.0,0.0,0.0,0,1.0,0
S44441,LumB,1.0,0.0,0.0,0,1.0,0
S47904,Basal,1.0,1.0,0.0,0,0.0,0
S48041,Her2,0.9993,0.0,0.9993,0,0.0007,0
S48342,Basal,1.0,1.0,0.0,0,0.0,0
S48602,Basal,0.9896,0.9896,0.0104,0,0.0,0
S53782,Basal,1.0,1.0,0.0,0,0.0,0
S66684,Basal,1.0,1.0,0.0,0,0.0,0
S66817,LumB,0.7546,0.0,0.2454,0,0.7546,0
S67455,Basal,1.0,1.0,0.0,0,0.0,0
S67990,Basal,1.0,1.0,0.0,0,0.0,0
S69196,Basal,1.0,1.0,0.0,0,0.0,0
S70620,Basal,1.0,1.0,0.0,0,0.0,0
S71208,Basal,1.0,1.0,0.0,0,0.0,0
S71335,LumB,1.0,0.0,0.0,0,1.0,0
S72877,Basal,1.0,1.0,0.0,0,0.0,0
S72955,Basal,1.0,1.0,0.0,0,0.0,0
S73230,Basal,1.0,1.0,0.0,0,0.0,0
S73263,Basal,1.0,1.0,0.0,0,0.0,0
S73471,Basal,1.0,1.0,0.0,0,0.0,0
S85277,Her2,1.0,0.0,1.0,0,0.0,0
